:020000040800F2
:1000000000500020098A0008090A00080B0A0008AD
:100010000D0A00080F0A0008110A0008000000007D
:100020000000000000000000000000005161000816
:10003000130A000800000000F1610008235B0008BB
:10004000518A0008518A0008518A0008518A000824
:10005000518A0008518A0008518A0008518A000814
:10006000518A0008518A0008518A0008518A000804
:10007000518A0008518A0008518A0008518A0008F4
:10008000518A0008518A0008518A0008518A0008E4
:10009000150A0008518A0008518A0008518A000890
:1000A000518A0008518A0008518A0008518A0008C4
:1000B000518A0008518A0008250A0008518A000860
:1000C000518A0008518A0008518A0008518A0008A4
:1000D000518A0008518A0008518A0008518A000894
:1000E000518A0008518A0008518A00080000000067
:1000F0000000000000000000000000000000000000
:0C01000000000000000000005FF808F1A3
:100110000348044B834202D0034B03B11847704796
:100120005C0100205C010020000000000548064B37
:100130001B1AD90F01EBA301491002D0034B03B1E5
:10014000184770475C0100205C010020000000009F
:1001500010B5064C237843B9FFF7DAFF044B13B10F
:100160000448AFF300800123237010BD5C01002020
:1001700000000000548A000808B5044B1BB1044974
:100180000448AFF30080BDE80840CFE7000000005E
:1001900060010020548A000870B50F4B0F4DAB4230
:1001A000A3EB050607D00024B61055F8043B013434
:1001B0009847A642F9D808F04DFC094D094B5E1B43
:1001C000AB424FEAA60606D0002455F8043B0134A2
:1001D0009847A642F9D870BDDC920008DC9200086E
:1001E000DC920008E092000870B5860747D0541EE4
:1001F000002A3ED00346CAB201E0013C39D303F8DD
:10020000012B9D07F9D1032C2CD9CDB205EB052587
:100210000F2C1A4605EB054534D9A4F1100C2CF02F
:100220000F0603F1100EB6444FEA1C1CC2E900553C
:10023000C2E9025510327245F8D10CF1010214F0F6
:100240000C0F03EB021204F00F0C13D0ACF10403FB
:1002500023F003030433134442F8045B9342FBD1BD
:100260000CF003042CB1C9B21C4403F8011BA342D7
:10027000FBD170BD64461346002CF4D1F9E7034668
:100280001446C0E7A446E1E7844641EA000313F0C0
:10029000030349D1403A23D30B6803604B684360A2
:1002A0008B688360CB68C3600B6903614B694361F2
:1002B0008B698361CB69C3610B6A03624B6A4362DA
:1002C0008B6A8362CB6AC3620B6B03634B6B4363C2
:1002D0008B6B8363CB6BC36340304031403ADBD2DE
:1002E00030320BD30B6803604B6843608B688360CC
:1002F000CB68C36010301031103AF3D20C3205D302
:1003000051F8043B40F8043B043AF9D2043208D0D7
:10031000D2071CBF11F8013B00F8013B01D30B8849
:1003200003806046704700BF082A13D38B07B1D003
:1003300010F00303AED0C3F10403D21ADB071CBFD5
:1003400011F8013B00F8013BA4D331F8023B20F83F
:10035000023B9FE7043AD9D3013A11F8013B00F878
:10036000013BF9D20B7803704B7843708B78837024
:1003700060467047032A30B415D941EA0004A40747
:1003800084460B4604D0541E0FE0043A032A08D9D1
:100390001946604653F8044B5CF8045BA542F4D060
:1003A000F1E760461946541E7AB1431E013902191D
:1003B00001E09A4209D013F8010F11F801CF60450E
:1003C000F7D0A0EB0C0030BC7047002030BC704769
:1003D00008B50268034B9A4200D008BD02F08AFFBC
:1003E000FBE700BF0008004072B6FEE700B595B01D
:1003F000282200210DEB0200FFF7F6FE00230593F3
:10040000069307930893099301930293039304932C
:1004100001220A924FF480330B930E920222119222
:1004200012934FF4801313930AA802F09FFFD0B9E0
:100430000F23059302230693002307934FF4806252
:1004400008920993012105A803F0C2F968B91023A5
:1004500001934FF48003049301A803F0A3FA30B989
:1004600015B05DF804FBFFF7BFFFFFF7BDFFFFF717
:10047000BBFF08B502F02CFFFFF7B8FF00F00CF847
:1004800000F072FA06F092FE05F058FB00F022FA36
:1004900005F066FBFEE7000030B589B00024049447
:1004A0000594069407941F4B9A6942F020029A61C2
:1004B0009A6902F020020192019A9A6942F00402BC
:1004C0009A619A6902F004020292029A9A6942F0D1
:1004D00008029A619B6903F008030393039B124D82
:1004E00022460E21284603F0FEFB0E23049301232F
:1004F000059306940223079304A9284603F0DEFA25
:10050000702304930594069404A9284603F0D6FAB0
:10051000202304930594069404A9044803F0CEFA1A
:1005200009B030BD0010024000080140000C01403D
:1005300010B500F0F9FA06F0DDFC00F0F5FA05F070
:100540002BFB044606F022FD0A34204605F09AFBF8
:10055000F8E700002DE9F04F89B0B24CB24BB34A36
:10056000B349204607F05EFA782384F82430204609
:1005700008F008FA0021204608F00BFAAD4A04AB57
:1005800007CA83E807004FF000094D46C8464E46AB
:10059000CDF80C904F4622E114352DB2814632E160
:1005A00000273D46002D10DB40F6B7318A4202D8C5
:1005B000502D00DD022756B926BB013BDBB2022BD2
:1005C00020D84FF0000801261CE00025ECE7022BA4
:1005D0000AD0012B0DD0B8F1000F0FDBB8F1020FDC
:1005E0000EDD4FF000080BE008F101084FFA88F823
:1005F000EFE708F1FF384FFA88F8ECE74FF0020810
:10060000032B0ED0874806F063FF7EB1002E00F06A
:10061000E3808949834807F057FD00240296AB46E2
:10062000C6E0B8F1000FEDD10026EBE7002F46D170
:10063000039BE31A40F6AC52934240F28E8040F6A0
:100640004262934275D9DFF8DCA14FF00F0BCDF871
:1006500004B0122300930C2319222021504607F0E6
:10066000B1F9CDF804B0122300930C2319226021B4
:10067000504607F0A7F90021504607F0F7FDCDF8E6
:1006800000B0032314222421504607F077F9CDF857
:1006900000B0032314226421504607F06FF90121B2
:1006A000504607F0E3FD03940323019308230093CE
:1006B000282332222C215B4806F065FE8CE0594C41
:1006C0004FF0230ACDF800A02A230F22162120463E
:1006D00007F000FECDF800A016230F222A212046A5
:1006E00007F0F8FDCDF800A06A230F22562120461E
:1006F00007F0F0FDCDF800A056230F226A21204616
:1007000007F0E8FD0F230093062334224021204602
:1007100007F010F90522009246233A21204607F0FF
:10072000D9FD0222009244233C21204607F0D2FD4D
:1007300052E03C4C4FF0040ACDF800A01C231722D5
:100740001221204606F0FAFDCDF800A01C23172246
:100750005221204606F0F2FDA6E7039C73E7A6F1BE
:100760000E02304D04230193132300936C2302F0F7
:10077000FE020A21284606F006FE0021284607F060
:1007800075FD08AB03EB840454F8105C254C294636
:10079000204607F0A7FCC0F1800101EBD1712B4688
:1007A00006F0FC02C1F34701204607F04DFC544619
:1007B000022C0BDC04F1010A0AEB8A06B600A04504
:1007C000CDD00121174807F051FDDAE7029E5D46C2
:1007D0000121144807F04AFD124806F086FE142352
:1007E00000220DF11F011548006805F0F1FA10B163
:1007F00000238DF81F3005F0CFF904469DF81F3017
:10080000042B3FF4C9AEA4EB090240F6B7318A428B
:100810003FF6C6AE013D2DB2642D7FF7C3AE642511
:10082000C2E600BF8801002029730008AD720008ED
:10083000589200086C8A0008048C00087801002097
:1008400030B583B03C21204800F0F6FC00240DE0D8
:1008500001231BE0142005F007FA20211B4803F0B8
:100860003BFA0028F6D0142005F0FEF9164B1B6861
:100870005B6A1DB21B1B1BB283EAE372A2EBE3723D
:1008800092B2032A0DD9002BE2DD02238DF8073046
:1008900000231A460DF107010D48006805F056FACD
:1008A0002C462021094803F017FA0028DBD1032346
:1008B0008DF8073000231A460DF10701044800683F
:1008C00005F044FAC9E700BF04240020000C0140F1
:1008D0007801002008B50E4A0121102005F0EAF940
:1008E0000C4B18600C4A00210C4805F05FF90C4BCA
:1008F00018600C4A00210C4805F058F90B4B1860A1
:100900000B4A00210B4805F051F90B4B186008BD4C
:100910002C8B0008780100208C8B00083105000822
:1009200084010020688B0008550500088001002024
:10093000448B0008410800087C01002010B582B0FB
:100940000C4606F021FC0CB902B010BD04238DF852
:10095000073000231A460DF107010248006805F030
:10096000F5F9F1E77801002008B50B480B4B03605F
:100970000B4B436000238360C3604FF480420261ED
:1009800043618361C361036203F0AAFB00B908BD40
:10099000FFF72AFDFBE700BF1002002000540040D3
:1009A000A086010010B586B0002302930393049340
:1009B00005930268114B9A4201D006B010BD104C4D
:1009C000A36943F00803A361A36903F0080300933C
:1009D000009BC0230293122303930323059302A9D0
:1009E000084803F06BF8E36943F40013E361E3693B
:1009F00003F400130193019BDFE700BF00540040A4
:100A000000100240000C0140FEE7FEE7FEE7FEE7B3
:100A1000FEE7704708B5024801F096FA08BD00BF2E
:100A20008407002008B5024800F07EFA08BD00BF28
:100A30006402002000B583B0114B9A6942F00102B4
:100A40009A619A6902F001020092009ADA6942F012
:100A50008052DA61DB6903F080530193019B00222D
:100A60000F216FF0010003F08BF9064A536823F061
:100A7000E06343F00073536003B05DF804FB00BF14
:100A8000001002400000014030B589B00446214BFF
:100A9000DA6942F00402DA61DB6903F004030193CE
:100AA000019B02A903A802F05FFF069BCBB902F0ED
:100AB0004BFF0346184AA2FB03239B0C013B17483C
:100AC000174A026040F2E732C260436000230361CC
:100AD0008360836100F01AFB054630B1284609B0F7
:100AE00030BD02F031FF4300E4E70C4800F0E4F9C8
:100AF00005460028F2D11E2003F052F90F2C01D92F
:100B00000125EBE7002221461E2003F039F9054BB1
:100B10001C60E3E70010024083DE1B4364020020F8
:100B2000000800405400002008B500220B490C4882
:100B300005F038FC48B90B49094805F04AFC38B9BA
:100B4000074805F04DFC30B908BDFFF74DFCF2E752
:100B5000FFF74AFCF4E7FFF747FCF5E73400002015
:100B6000AC0200202401002012230B8000487047B3
:100B70002000002004230B80004870471C00002048
:100B8000002393421ED200B510E00CF1370C01F89F
:100B900013C000014FEA430C0CF1010C4FF0000EA2
:100BA00001F80CE00133DBB2934209D24FEA107C2A
:100BB000B0F1204FE9D20CF1300C01F813C0E8E796
:100BC0005DF804FB7047000038B50B4BD3F8E8071D
:100BD000D3F8EC47D3F8F037C01800D138BD074D33
:100BE00008222946FFF7CCFF042205F11001204618
:100BF000FFF7C6FFF2E700BF00F0FF1F0200002072
:100C000008B51A230B80FFF7DFFF014808BD00BFBE
:100C10000000002008B50A4628B90549054806F035
:100C200036F8034808BD0249024806F030F8F8E7F4
:100C300070050020CC8A000810B50A46034C2146F6
:100C4000034806F024F8204610BD00BF70050020C0
:100C5000E48A000808B50A4628B90549054806F09F
:100C600016F8034808BD0249024806F010F8F8E7F4
:100C700070050020F88A000808B50A4628B9054919
:100C8000054806F004F8034808BD0249024805F08B
:100C9000FEFFF8E770050020048B0008022805D845
:100CA000DFE800F0050402000120704702207047D1
:100CB00002680E4B9A4200D0704700B583B003F52E
:100CC000DA33DA6942F40002DA61DB6903F4000323
:100CD0000193019B00220521142003F051F81420F8
:100CE00003F05EF803B05DF804FB00BF005C004059
:100CF00008B500F52671D0F8D40205F089FB08BDCF
:100D000008B501EB810300EBC303D3F86421D0F8ED
:100D1000D40205F0AAFB08BD08B501EB810300EB86
:100D2000C3035A6AD0F8D40205F0E5FB08BD08B544
:100D3000D0F8D40205F086FC08BD10B504468379CE
:100D4000022B09D10121D4F8D40205F064FCD4F8B7
:100D5000D40205F038FC10BDFFF746FBF2E70000B7
:100D600010B50446D0F8D40205F058FCA37A23B19C
:100D7000024A136943F00603136110BD00ED00E061
:100D800008B5D0F8D40205F052FC08BD10B50446F1
:100D90001648C0F8D442C4F8C002154B03600823BB
:100DA00003710223837100238372C372037300F003
:100DB0006FFBB8B9182300221146D4F8C00201F025
:100DC000D5FA582300228021D4F8C00201F0CEFACF
:100DD0004FF4807300228121D4F8C00201F0C6FADA
:100DE000002010BDFFF700FBE4E700BF84070020F0
:100DF000005C004008B5D0F8C00200F0BDFBFFF772
:100E00004DFF08BD08B594461A466346D0F8C002A7
:100E100001F072F9FFF742FF08BD08B5D0F8C00233
:100E200001F0ACF9FFF73AFF08BD08B5D0F8C002F1
:100E300001F01DFAFFF732FF08BD08B5D0F8C00277
:100E400001F055FAFFF72AFF08BDD0F8C03211F0C3
:100E5000800F08D101F07F0101EB810103EBC10399
:100E600093F85201704701F07F0101EB810103EB20
:100E7000C103987C704708B5D0F8C00201F051F862
:100E8000FFF70CFF08BD08B5D0F8C00201F0C9F9A2
:100E9000FFF704FF08BD08B5D0F8C00201F0A4F9BF
:100EA000FFF7FCFE08BD00000048704770070020F7
:100EB000704770477047000090F83D30DBB2012B5F
:100EC00027D1022380F83D300268D36843F0010344
:100ED000D3600368114A934210D0B3F1804F0DD014
:100EE000A2F59432934209D002F58062934205D074
:100EF0001A6842F001021A60002070479A6802F0F6
:100F00000702062A07D01A6842F001021A60002080
:100F10007047012070470020704700BF002C01403F
:100F2000704770477047704770B504460368DE68C5
:100F30001D6915F0020F10D016F0020F0DD06FF0E2
:100F400002021A610123037703689B6913F0030F00
:100F50005ED0FFF7E6FF0023237715F0040F12D0D1
:100F600016F0040F0FD023686FF004021A610223F9
:100F7000237723689B6913F4407F4FD02046FFF707
:100F8000D0FF0023237715F0080F12D016F0080FBA
:100F90000FD023686FF008021A61042323772368B7
:100FA000DB6913F0030F40D02046FFF7BAFF0023A0
:100FB000237715F0100F12D016F0100F0FD0236802
:100FC0006FF010021A61082323772368DB6913F49A
:100FD000407F31D02046FFF7A4FF0023237715F090
:100FE000010F02D016F0010F2DD115F0800F02D0A5
:100FF00016F0800F2FD115F0400F02D016F0400FE1
:1010000031D115F0200F02D016F0200F33D170BD72
:10101000FFF786FF2046FFF785FF9CE72046FFF796
:101020007FFF2046FFF77EFFABE72046FFF778FF04
:101030002046FFF777FFBAE72046FFF771FF20460B
:10104000FFF770FFC9E723686FF001021A612046BD
:10105000FFF7BEF9C9E723686FF080021A612046E6
:1010600000F087F9C7E723686FF040021A61204655
:10107000FFF759FFC5E723686FF020021A61204689
:1010800000F076F9C3E7000003681F4A90420AD0D7
:10109000B0F1804F07D0A2F59432904203D002F510
:1010A0008062904203D123F070034A681343164ACA
:1010B00090420AD0B0F1804F07D0A2F5943290420E
:1010C00003D002F58062904203D123F44073CA68D2
:1010D000134323F080034A69134303608B68C362A0
:1010E0000B688362084B98420AD00123436103696D
:1010F00013F0010F03D0036923F00103036170476C
:101100000B690363F1E700BF002C014040B310B549
:10111000044690F83D30F3B1022384F83D30214677
:1011200051F8040BFFF7B0FF012384F8463084F830
:101130003E3084F83F3084F8403084F8413084F801
:10114000423084F8433084F8443084F8453084F8E1
:101150003D30002010BD80F83C30FFF7ABFEDBE7F0
:1011600001207047002856D070B50D46044690F80F
:101170003D30002B4AD0022384F83D30226893682A
:1011800023F4804323F007039360214651F8040BB6
:10119000FFF77AFF21688B688A690E6A286818430E
:1011A00022F4407222F00302AB68D5F818C043EA7B
:1011B0000C23134323F47C4323F0FC03EA68D5F8A3
:1011C0001CC042EA0C221A432B6A1B03D5F810C03C
:1011D00043EA0C13134326F022066A686D6942EA5B
:1011E00005123243886021688B6123681A620123EB
:1011F00084F8463084F83E3084F83F3084F842303A
:1012000084F8433084F83D30002070BD80F83C30D5
:1012100006F000F8AFE70120704701F01F014FF022
:10122000010C0CFA01FC036A23EA0C030362036A53
:101230008A4013430362704738B5044690F83E0075
:10124000C0B294F83F3094F84220D2B294F843C030
:101250000D46B1B9012849D1012A48D1022384F8A9
:101260003E3084F842307DB3042D39D00122002174
:101270002068FFF7D2FF012204212068FFF7CDFF8D
:1012800027E0DBB25FFA8CFC042912D0012833D1AD
:10129000012B2CD1012A31D1BCF1010F30D1022315
:1012A00084F83E3084F83F3084F8423084F843308C
:1012B000D9E7012B1CD1BCF1010F1BD1022384F80B
:1012C0003F3084F84330CEE7012200212068FFF749
:1012D000A4FF2268136843F001031360002006E0B6
:1012E000012204212068FFF798FFF2E7012038BDB2
:1012F0000120FCE71846FAE70120F8E71846F6E770
:101300001046F4E790F83C20012A2CD010B4034694
:10131000012280F83C20022280F83D2002685068BB
:10132000946820F0700C086840EA0C0050601A685D
:101330000E4882420AD0B2F1804F07D0A0F5943017
:10134000824203D000F58060824204D124F0800400
:10135000496821439160012283F83D20002083F8F1
:101360003C0010BC70470220704700BF002C0140B9
:101370007047704738B512F4804F44D00468B4F811
:1013800050309BB291F800C003EBCC03023304EB66
:101390004304B4F80044C4F309048B69A34228D37E
:1013A0001B1B8B618B697BB9056835F82C309BB2B0
:1013B00023F4804323F0700383F4005343F4004389
:1013C00043F0800325F82C3012F0400F0ED0026855
:1013D0000D7832F825309BB223F4E04323F07003FC
:1013E00043F4004343F0C00322F8253024B92046DB
:1013F00038BD00238B61D5E723460A894969006817
:1014000001F04DFFF3E70468B4F850309BB291F857
:1014100000C003EBCC03063304EB4304B4F80044F0
:10142000C4F309048B69A3422FD31B1B8B618B6907
:101430007BB9056835F82C309BB223F4804323F048
:10144000700383F4005343F4004343F0800325F812
:101450002C3012F0400F0FD1026891F800C032F822
:101460002C309BB223F4E04323F0700343F4004399
:1014700043F0C00322F82C30002CB8D023464A8910
:101480004969006801F00BFFB1E700238B61CEE7EB
:1014900038B500286ED0044690F89132A3B10323EA
:1014A00084F8913200236371206800F08BFF23469B
:1014B00053F8040B0ECB00F075FF50B1022384F8F3
:1014C00091320125284638BD80F89032FFF7F0FBB5
:1014D000E5E70021206800F07FFF034608B90246D7
:1014E00015E0022384F891320125EBE702EB82013B
:1014F00004EBC101012048740A740020C87408621A
:101500004862013202EB8201C9006050D2B22079F8
:101510009042EBD816E003EB830204EBC2020021F9
:1015200082F8511182F8503182F85311C2F86011DB
:10153000C2F8641103EB830204EBC202C2F8681123
:101540000133DBB29842E6D8234653F8040B0ECBA6
:1015500000F044FF054620B1022384F891320125B2
:10156000B0E700236373012384F89132206801F00F
:1015700094FAA7E70125A5E738B590F89032012B3A
:1015800011D00446012580F89052006800F011FF48
:1015900029462046FFF78DFC206801F07CFA0020E8
:1015A00084F8900238BD0220FCE770B505460C4671
:1015B000164612F0400F00F00E810268B2F850306B
:1015C0009BB2097803EBC103023302EB4302B2F88A
:1015D0000024C2F30902A36993424ED99B1AA36166
:1015E000A369002B66D16378002B49D12B68B3F82F
:1015F000502092B2134403EB0113B3F80424C2F356
:101600000902A3F80424B3F804246FEA42426FEA03
:10161000524292B2A3F804242B686278002A3CD18B
:10162000B3F8502092B21344227803EB0213B3F8BC
:101630000C24C2F30902A3F80C24B3F80C246FEABB
:1016400042426FEA524292B2A3F80C242178284613
:10165000FFF762FB16F4804F41D02A68217832F8F8
:1016600021309BB223F4E04323F0700343F4404362
:1016700043F0800322F8213031E00023A361AFE77B
:10168000012BC9D12B68B3F8502092B2134403EB5D
:1016900001130022A3F80424BEE7012AD6D1B3F82F
:1016A000502092B21344227803EB02130022A3F8D5
:1016B0000C24CBE716F4804F0DD0286830F8213089
:1016C0009BB223F4E04323F0700343F4404343F020
:1016D000800320F8213094F82430012B12D02A689E
:1016E000217832F821309BB223F4E04323F0400309
:1016F00083F0300343F4004343F0800322F82130A9
:10170000002070BD636913446361E3691344E361BE
:10171000216A2369994224D3C91A21626278002A76
:1017200044D12A68B2F8501089B20A44217802EBF9
:101730000112B2F80414C1F30901A2F804143E2BFB
:101740001BD9580913F01F0F00D10138B2F8041447
:1017500089B2800280B2014341F40041A2F804142E
:1017600026E021B9002384F824301346D6E700236D
:1017700084F8243023620B46D0E74BB9B2F8041446
:101780006FEA41416FEA514189B2A2F804140FE0B7
:10179000590813F0010F00D00131B2F8040480B2EF
:1017A000890289B20143A2F8041401E0012A06D09B
:1017B0009BB222896169286801F077F98FE72A686E
:1017C000B2F8501089B20A44217802EB011299B2A2
:1017D000A2F80414ECE70268B2F850309BB2097822
:1017E00003EBC103063302EB4302B2F80024C2F359
:1017F0000902A36993424FD39B1AA361A369002BEB
:1018000067D16378002B4AD12B68B3F8502092B28D
:10181000134403EB0113B3F80424C2F30902A3F841
:101820000424B3F804246FEA42426FEA524292B2AF
:10183000A3F804242B686278002A3DD1B3F8502025
:1018400092B21344227803EB0213B3F80C24C2F3D0
:101850000902A3F80C24B3F80C246FEA42426FEAA1
:10186000524292B2A3F80C2421782846FFF754FA8A
:1018700016F4804F7FF433AF2A68217832F8213094
:101880009BB223F4E04323F0700343F4404343F05E
:10189000800322F8213022E70023A361AEE7012B69
:1018A000C8D12B68B3F8502092B2134403EB011354
:1018B0000022A3F80424BDE7012AD5D1B3F85020B3
:1018C00092B21344227803EB02130022A3F80C24F3
:1018D000CAE716F4804F0DD1286830F821309BB24A
:1018E00023F4E04323F0700343F4404343F08003C8
:1018F00020F8213094F82430012B7FF4F0AE636996
:1019000013446361E3691344E361216A23699942E3
:1019100024D3C91A21622A686178002943D1B2F818
:10192000501089B20A44217802EB0112B2F80C146B
:10193000C1F30901A2F80C143E2B1BD9580913F06E
:101940001F0F00D10138B2F80C1489B2800280B2A6
:10195000014341F40041A2F80C1426E021B9002310
:1019600084F824301346D6E70023236284F8243019
:101970000B46D0E74BB9B2F80C146FEA41416FEA5D
:10198000514189B2A2F80C140FE0590813F0010F6D
:1019900000D00131B2F80C0480B2890289B201434F
:1019A000A2F80C1401E0012906D09BB2628961699A
:1019B000286801F07AF892E6B2F8501089B20A4429
:1019C000217802EB011299B2A2F80C14EDE72DE98F
:1019D000F04105462868B0F8443013F4004F00F099
:1019E0009D82B0F84440A3B214F00F0440F0DE80B2
:1019F00013F0100F6BD003889AB213F4006F40F00D
:101A0000998012F4004FE5D0038823F070031B0582
:101A10001B0D43F0800303802868B0F850309BB260
:101A200095F8502103EBC203063300EB4303B3F8F0
:101A30000034C3F30903C5F86C318BB1D5F86411D8
:101A400071B1B5F8562101F02AFCD5F86431D5F80A
:101A50006C211344C5F8643100212846FFF750F982
:101A60002A68138899B213F4006FB3D101F440517E
:101A7000B1F5405FAED0B2F850309BB21A44B2F824
:101A80000C34C3F30903A2F80C34D5F860313E2BB3
:101A900073D9590913F01F0F00D10139B2F80C3472
:101AA0009BB2890289B20B4343F40043A2F80C3481
:101AB0002A6813889BB223F4804323F0700383F4D5
:101AC000405343F4004343F08003138082E70388CC
:101AD0009BB223F4E14323F070036FEA43436FEAC0
:101AE00053439BB203802A68B2F850309BB2297CE2
:101AF00003EBC103023302EB4302B2F80034C3F339
:101B00000903EB626A6A1A446A6200212846FFF7F9
:101B100003F96B7B002B3FF45DAFAB6A002B7FF4C6
:101B200059AF6B7B2A6843F08003A2F84C30002346
:101B30006B734FE7B0F850309BB295F8502103EB30
:101B4000C203063300EB4303B3F80034C3F30903C5
:101B5000C5F86C31B5F8562105F5267101F09FFBEB
:101B60002A68138823F070031B051B0D43F08003C4
:101B700013802846FFF7BCF82CE74BB9B2F80C34B9
:101B80006FEA43436FEA53439BB2A2F80C348FE7EA
:101B9000590813F0010F00D00131B2F80C3498B29B
:101BA0008B029BB20343A2F80C3481E730F8243057
:101BB0009EB213F4004F50D116F0800F3FF40AAFDD
:101BC00004EB8401C900103129442A6832F824301A
:101BD0009BB223F4E14323F070036FEA43436FEABF
:101BE00053439BB222F8243004EB840305EBC30378
:101BF000DB7C012B00F0F28016F4807F40F08981BD
:101C00002868B0F850309BB204EB840205EBC202A6
:101C1000167C03EBC603023300EB4303B3F8003436
:101C2000C3F30903621C02EB820255F832209A4288
:101C300040F25281671C07EB8707D21A45F837201C
:101C4000621C02EB820255F83220002A40F04B81E0
:101C500031462846FFF760F8BCE630F8243023F020
:101C600070031B051B0D43F0800320F8243004EBA8
:101C70008401C90001F5A87105EB010804EB840398
:101C800005EBC30393F85C31002B42D12868B0F810
:101C900050309BB204EB840205EBC20292F8502153
:101CA00003EBC203063300EB4303B3F80074C7F33E
:101CB000090717BB04EB840305EBC303D3F86C21BE
:101CC0003A44C3F86C21D3F864213A44C3F8642140
:101CD000D3F868313BB104EB840305EBC303D3F8BD
:101CE00060319F4275D204EB840305EBC30393F884
:101CF00050112846FFF704F85EE704EB840105EB7A
:101D0000C1013B46B1F85621D1F8641101F0C7FA80
:101D1000D0E704EB840305EBC30393F85331022BA4
:101D200035D0296804EB840205EBC20292F8500119
:101D300031F820309BB223F4E04323F0700343F4E6
:101D4000004343F0C00321F82030286892F8502166
:101D500030F8223013F4804F20D0B0F850309BB2CE
:101D600003EBC203023300EB4303B3F80074C7F381
:101D70000907002F9ED004EB840105EBC1013B460F
:101D8000B1F85821D1F8641101F089FA92E732468E
:101D900041462846FFF7EEFA07468BE7B0F8503089
:101DA0009BB203EBC203063300EB4303B3F80074AA
:101DB000C7F30907002F3FF47DAF04EB840105EB67
:101DC000C1013B46B1F85A21D1F8641101F067FA1C
:101DD00070E74146286800F07BFEEDE6631C03EBEC
:101DE0008303DB000022EA5004EB840305EBC3030A
:101DF0001B7F1BB316F0400F3BD004EB840305EBB5
:101E0000C3035B7C1BBB2B68B3F8502092B2134416
:101E100004EB840205EBC202127C03EB0213B3F85D
:101E20000424C2F30902A3F80424B3F804246FEADB
:101E300042426FEA524292B2A3F8042404EB8404B3
:101E400005EBC404217C2846FEF766FFC2E5012BA2
:101E5000F4D12B68B3F8502092B2134404EB8402FF
:101E600005EBC202127C03EB02130022A3F8042448
:101E7000E4E72B6804EB840205EBC202527CD2B982
:101E8000B3F8502092B2134404EB840205EBC20273
:101E9000127C03EB0213B3F80C24C2F30902A3F87B
:101EA0000C24B3F80C246FEA42426FEA524292B219
:101EB000A3F80C24C2E7012AC0D1B3F8502092B293
:101EC000134404EB840205EBC202127C03EB021301
:101ED0000022A3F80C24B1E7621C02EB8202D200BC
:101EE0000027AF50ACE604EB840205EBC202566A51
:101EF0001E445662013404EB840205EBC2025268B0
:101F000004EB840405EBC4041344636000F0E0FDBB
:101F100060E532462846FFF748FB5BE50020BDE858
:101F2000F08190F89032012B0CD010B504460123BB
:101F300080F890324173006800F0A7FD002084F81B
:101F4000900210BD0220704710B584B004460068AE
:101F500000F0A5FD10F4004F20D110F4806F21D1C6
:101F600010F4804F2FD110F4005F37D110F4805F50
:101F70003ED110F4006F40F0878010F4007F40F0F5
:101F8000AE8010F4807F27D02268B2F844309BB234
:101F900023F480739BB2A2F844301DE02046FFF783
:101FA00016FD19E02268B2F844309BB223F4806336
:101FB0009BB2A2F844302046FEF7BFFE0021204627
:101FC000FFF7AFFF08E02268B2F844309BB223F479
:101FD00080439BB2A2F8443004B010BD2268B2F82E
:101FE00044309BB223F400539BB2A2F84430F3E791
:101FF0002268B2F840309BB223F004039BB2A2F8EF
:1020000040302268B2F840309BB223F008039BB204
:10201000A2F840302046FEF7B3FE2268B2F8443002
:102020009BB223F480539BB2A2F84430D4E72268D9
:1020300032F8231004AA02EB430222F8101C0133E9
:10204000DBB2072BF3D92268B2F840309BB243F0E1
:102050000103A2F840302268B2F840309BB223F06E
:1020600001039BB2A2F840302368B3F8442012F475
:10207000806FF9D0B3F8442092B222F4806292B219
:10208000A3F8442000230BE00023DAE7226804A928
:1020900001EB430131F8101C22F823100133DBB2AD
:1020A000072BF3D92268B2F840309BB243F0080303
:1020B000A2F840302268B2F844309BB223F40063A7
:1020C0009BB2A2F844302268B2F840309BB243F091
:1020D0000403A2F840302046FEF742FE7CE7226867
:1020E000B2F844309BB223F400739BB2A2F84430A0
:1020F0002046FEF71CFE6FE710B50446084611F0B7
:10210000800F26D101F0070C0CEB8C0E4FEACE0E9F
:102110000EF5A87E04EB0E010CEB8C0C04EBCC0C42
:102120004FF0000E8CF851E100F0070008700A61D2
:10213000CB70022B1DD094F89032012B1CD00123C0
:1021400084F89032206800F05AF9002084F8900258
:1021500010BD01F0070C0CEB8C01C90010312144BB
:102160000CEB8C0C04EBCC0C4FF0010E8CF811E056
:10217000DAE700230B71DEE70220E9E710B5044639
:102180000A4611F0800F1FD101F0070000EB800319
:10219000DB0003F5A873E11800EB800004EBC0003E
:1021A000002380F8513102F007020A7094F890324F
:1021B000012B17D0012384F89032206800F004FB33
:1021C000002084F8900210BD01F0070000EB8003AE
:1021D000DB001033E11800EB800004EBC0000123AA
:1021E0004374E0E70220EEE710B501F0070C0CEBBA
:1021F0008C01C90001F5A8710CEB8C0E00EBCE0E22
:10220000CEF86421CEF868310024CEF86C418EF807
:1022100051418EF850C10144006800F059FC20463D
:1022200010BD38B501F0070C0CEB8C01C900103162
:102230000CEB8C0E00EBCE0ECEF824200CF101023C
:1022400002EB820440F8343001258EF83450CEF889
:10225000303000EBC402002454608EF811508EF828
:1022600010C00144006800F033FC204638BD38B58A
:1022700001F007050279AA4235D304460B4611F056
:10228000800F1ED101EB8101C90001F5A871014445
:1022900003EB830300EBC303002283F851210123E6
:1022A0008B700D7094F89032012B1ED0012384F8AE
:1022B0009032206800F073FB7DB1002084F890021A
:1022C00038BD05EB8501C9001031014405EB8503DC
:1022D00000EBC30301225A74E1E704F5267120687C
:1022E00000F0E1FBE9E70120EAE70220E8E70B461E
:1022F000017903F00F02914234D310B5044613F074
:10230000800F21D103F0070202EB8201C90001F521
:10231000A871014402EB820200EBC202002082F8A5
:10232000510100228A7003F007030B7094F8903279
:10233000012B19D0012384F89032206800F054FB5F
:10234000002084F8900210BD03F0070202EB820126
:10235000C9001031014402EB820200EBC2020120ED
:102360005074DEE7012070470220ECE711F0800F87
:102370000BD001F0070101EB8101C90010310844C5
:1023800052B90273C3800020704701EB8101C9007C
:1023900001F5A8710844F3E70122027303811B0CC5
:1023A0004381F0E784B004A800E90E00002004B0E7
:1023B000704703460020A3F844004FF43F42A3F8BF
:1023C00040207047B0F8403023F47C535B045B0C32
:1023D000A0F84030002070470020704784B0844649
:1023E00004A800E90E000123ACF840300020ACF84E
:1023F0004000ACF84400ACF8500004B0704710B591
:10240000034691F800C030F82C2092B222F4EC423E
:1024100022F0700292B2C878032861D8DFE800F099
:10242000555C0258002048F2800E42EA0E0223F862
:102430002C2091F800C033F82C2092B222F4E04214
:1024400022F0700242EA0C0242EA0E0223F82C202B
:102450000A7B002A40F0DC804A78002A51D0B3F889
:10246000502092B21A440C7802EB0412B1F806C064
:102470004FEA5C0C4FEA4C0CA2F800C40C7833F81D
:10248000242012F0400F0CD033F8242092B222F412
:10249000E04222F0700242F4004242F0C00223F80F
:1024A0002420CA78012A1DD0097833F8212092B25D
:1024B00022F4E04222F0400282F0200242F4004284
:1024C00042F0800223F8212017E142F40072AAE7CB
:1024D00042F4C0620020A6E742F480620020A2E736
:1024E0000120A0E7097833F8212092B222F4E042DB
:1024F00022F0400242F4004242F0800223F8212000
:10250000FBE0B3F8502092B21A440C7802EB0412AC
:10251000B1F806C04FEA5C0C4FEA4C0CA2F808C4B4
:10252000B3F8502092B21A440C7802EB0412B2F8BD
:102530000CC4CCF3090CA2F80CC40C693E2C39D99C
:102540004FEA541E14F01F0F01D10EF1FF3EB2F8F6
:102550000CC41FFA8CFC4FEA8E2E1FFA8EFE4CEA3A
:102560000E0C4CF4004CA2F80CC40C7833F8242068
:1025700012F4804F0CD033F8242092B222F4E042BF
:1025800022F0700242F4404242F0800223F82420FC
:10259000097869BB33F8212092B222F4804222F0FC
:1025A000700282F4405242F4004242F0800223F86A
:1025B0002120A2E04CB9B2F80C446FEA44446FEA1F
:1025C0005444A4B2A2F80C44CFE74FEA540C14F0E0
:1025D000010F01D00CF1010CB2F80C44A4B24FEA87
:1025E0008C2C1FFA8CFC44EA0C04A2F80C44BCE7C7
:1025F00033F8212092B222F4804222F0700282F459
:10260000005242F4004242F0800223F8212074E09C
:10261000CA78022A72D00C7833F8242092B222F4BD
:10262000E24222F0700242F4004242F0800223F8BB
:102630002420B3F8502092B21A4491F800C002EB63
:102640000C12B1F808C04FEA5C0C4FEA4C0CA2F82F
:1026500000C4B3F8502092B21A4491F800C002EBC3
:102660000C12B1F80AC04FEA5C0C4FEA4C0CA2F80D
:1026700008C44A78002A50D10C7833F8242012F488
:10268000804F0CD033F8242092B222F4E04222F0A2
:10269000700242F4404242F0800223F824200C7879
:1026A00033F8242012F0400F0CD033F8242092B2DB
:1026B00022F4E04222F0700242F4004242F0C002F2
:1026C00023F8242091F800C033F82C2092B222F491
:1026D000804222F0700282F4405248F28004224389
:1026E00023F82C20097833F8212092B222F4E0421A
:1026F00022F04002224323F8212010BD0C7833F849
:10270000242092B222F4E04222F0700242F401420C
:1027100042F0800223F824208BE70C7833F8242041
:1027200012F4804F0CD033F8242092B222F4E0420D
:1027300022F0700242F4404242F0800223F824204A
:102740000C7833F8242012F0400F0CD033F82420FA
:1027500092B222F4E04222F0700242F4004242F0CF
:10276000C00223F82420CA78012A1ED00C7833F83E
:10277000242092B222F4E04222F0400282F02002B1
:1027800042F4004242F0800223F82420097833F812
:10279000212092B222F4804222F0700242F40042E0
:1027A00042F0800223F82120A7E70C7833F8242098
:1027B00092B222F4E04222F0400242F4004242F09F
:1027C000800223F82420E1E70B7B002B46D14B78D5
:1027D00013B30A7830F8223013F0400F0CD030F8E1
:1027E00022309BB223F4E04323F0700343F4004310
:1027F00043F0C00320F822300A7830F822309BB230
:1028000023F4E04323F0400343F4004343F0800308
:1028100020F82230002070470A7830F8223013F474
:10282000804F0CD030F822309BB223F4E04323F0E9
:10283000700343F4404343F0800320F822300A78C9
:1028400030F822309BB223F4804323F0700343F42A
:10285000004343F0800320F82230DBE74B78002B65
:102860004ED10A7830F8223013F4804F0CD030F873
:1028700022309BB223F4E04323F0700343F440433F
:1028800043F0800320F822300A7830F8223013F029
:10289000400F0CD030F822309BB223F4E04323F0F9
:1028A000700343F4004343F0C00320F822300A7859
:1028B00030F822309BB223F4E04323F0700343F45A
:1028C000004343F0C00320F822300A7830F8223069
:1028D0009BB223F4804323F0700348F2800C43EA58
:1028E0000C0320F822300A7830F822309BB223F40F
:1028F000E04323F0400343EA0C0320F8223089E749
:102900000A7830F8223013F4804F0CD030F822309F
:102910009BB223F4E04323F0700343F4404343F0BD
:10292000800320F822300A7830F8223013F0400F6C
:102930000CD030F822309BB223F4E04323F0700334
:1029400043F4004343F0C00320F822300A7830F803
:1029500022309BB223F4E04323F0700343F440435E
:1029600043F0800320F822300A7830F822309BB2FE
:1029700023F4E04323F0400348F2800C43EA0C03C5
:1029800020F822300A7830F822309BB223F48043BA
:1029900023F0700343EA0C0320F822303AE74B7827
:1029A0008BB10A7830F822309BB223F4E04323F055
:1029B000400383F0100343F4004343F0800320F806
:1029C0002230002070470A7830F822309BB223F47E
:1029D000804323F0700383F4805343F4004343F0B7
:1029E000800320F82230ECE70B7B002B4BD14B7897
:1029F00033B30A7830F8223013F0400F0CD030F89F
:102A000022309BB223F4E04323F0700343F40043ED
:102A100043F0C00320F82230CB78012B33D00A7862
:102A200030F822309BB223F4E04323F0400383F0DC
:102A3000200343F4004343F0800320F8223022E0D7
:102A40000A7830F8223013F4804F0CD030F822305E
:102A50009BB223F4E04323F0700343F4404343F07C
:102A6000800320F822300A7830F822309BB223F419
:102A7000804323F0700383F4405343F4004343F056
:102A8000800320F822300020704711B98023A0F87D
:102A90004C30002070470020704700207047B0F88D
:102AA000440080B270470020704701335B0800EBA0
:102AB000420000F5806008E00A7891F801C042EA1F
:102AC0000C2220F8042B0231013B002BF4D170477B
:102AD00070B505460C464A78012A3BD00B7B002B8B
:102AE00040F0A6828B690A69934240F284829B1A65
:102AF0008B61B5F850309BB22B44217803EB011366
:102B0000B3F80C14C1F30901A3F80C143E2A40F2E7
:102B10007682510912F01F0F00D10139B3F80C244D
:102B200092B2890289B20A4342F40042A3F80C240B
:102B3000227835F822309BB223F4804323F07003CF
:102B400083F4405343F4004343F0800325F82230DC
:102B5000002070BD8E6909698E4200D90E46237B24
:102B600073B3E378022B4DD0236A9B1B2362217839
:102B700035F8213013F0400F00F0F581002A40F0C5
:102B8000E281B5F850309BB22B4403EB0113B3F84C
:102B90000C24C2F30902A3F80C243E2E40F2BA81A1
:102BA000710916F01F0F00D10139B3F80C2492B24D
:102BB000890289B20A4342F40042A3F80C24CBE113
:102BC000B6B23346E28861692846FFF76EFFB5F872
:102BD00050309BB22B44227803EB0213A3F8046419
:102BE000227835F822309BB223F4E04323F04003EF
:102BF00083F0300343F4004343F0800325F8223090
:102C00000020A6E7236A994280F06681227835F891
:102C100022309BB223F4E04323F0700343F40143DA
:102C200043F0800325F82230236A9B1B236222781D
:102C300035F8223013F0400F00F0A7806378B3BB63
:102C4000B5F850309BB22B4403EB0213B3F80C24BD
:102C5000C2F30902A3F80C243E2E0FD9710916F015
:102C60001F0F00D10139B3F80C2492B2890289B246
:102C70000A4342F40042A3F80C241AE04EB9B3F818
:102C80000C246FEA42426FEA524292B2A3F80C243B
:102C90000FE0720816F0010F00D00132B3F80C14E7
:102CA00089B2920292B20A43A3F80C2401E0012BEC
:102CB00030D0B3B2628961692846FFF7F6FE6369D6
:102CC00033446361236A226993422DD99B1B23629B
:102CD0006378002B45D1B5F850309BB22B44227855
:102CE00003EB0213B3F80424C2F30902A3F804248B
:102CF0003E2E1DD9710916F01F0F00D10139B3F80E
:102D0000042492B2890289B20A4342F40042A3F831
:102D1000042428E0B5F850309BB22B4403EB021397
:102D2000B2B2A3F80C24C4E7002222621E46CFE709
:102D30004EB9B3F804246FEA42426FEA524292B2AB
:102D4000A3F804240FE0720816F0010F00D001323E
:102D5000B3F8041489B2920292B20A43A3F804248D
:102D600001E0012B06D0B3B2228961692846FFF742
:102D70009CFE35E7B5F850309BB22B44227803EB2C
:102D80000213B2B2A3F80424EDE76378B3BBB5F83D
:102D900050309BB22B4403EB0213B3F80424C2F36C
:102DA0000902A3F804243E2E0FD9710916F01F0F53
:102DB00000D10139B3F8042492B2890289B20A43DE
:102DC00042F40042A3F804241AE04EB9B3F80424F4
:102DD0006FEA42426FEA524292B2A3F804240FE033
:102DE000720816F0010F00D00132B3F8041489B252
:102DF000920292B20A43A3F8042401E0012B30D0DE
:102E0000B3B2228961692846FFF74FFE63693344F4
:102E10006361236A226993422DD99B1B23626378E5
:102E2000002B45D1B5F850309BB22B44227803EBF0
:102E30000213B3F80C24C2F30902A3F80C243E2EAB
:102E40001DD9710916F01F0F00D10139B3F80C24F8
:102E500092B2890289B20A4342F40042A3F80C24D8
:102E600028E0B5F850309BB22B4403EB0213B2B20A
:102E7000A3F80424C4E7002222621E46CFE74EB91D
:102E8000B3F80C246FEA42426FEA524292B2A3F8BE
:102E90000C240FE0720816F0010F00D00132B3F8D5
:102EA0000C1489B2920292B20A43A3F80C2401E0F6
:102EB000012B06D0B3B2628961692846FFF7F5FDA0
:102EC0008EE6B5F850309BB22B44227803EB021308
:102ED000B2B2A3F80C24EDE7217835F8212092B2A4
:102EE00022F4E24222F0700242F4004242F08002F8
:102EF00025F82120B5F8502092B22A44217802EB1F
:102F000001129BB2A2F80434228961692846FFF7B6
:102F1000CCFD65E64EB9B3F80C246FEA42426FEA85
:102F2000524292B2A3F80C2416E0720816F0010F78
:102F300000D00132B3F80C1489B2920292B20A4363
:102F4000A3F80C2408E0B5F850309BB22B4403EBF7
:102F50000113B2B2A3F80C24B3B2628961692846A6
:102F6000FFF7A3FD3CE6B2BBB5F850309BB22B4453
:102F700003EB0113B3F80424C2F30902A3F80424F9
:102F80003E2E0FD9710916F01F0F00D10139B3F889
:102F9000042492B2890289B20A4342F40042A3F89F
:102FA000042421E04EB9B3F804246FEA42426FEAE8
:102FB000524292B2A3F8042416E0720816F0010FF0
:102FC00000D00132B3F8041489B2920292B20A43DB
:102FD000A3F8042408E0B5F850309BB22B4403EB6F
:102FE0000113B2B2A3F80424B3B22289616928465E
:102FF000FFF75BFDF4E500228A611A4679E54AB9DC
:10300000B3F80C246FEA42426FEA524292B2A3F83C
:103010000C248DE5510812F0010F00D00131B3F8F6
:103020000C2492B2890289B20A43A3F80C247FE5EA
:10303000CB78022B4DD0012B40F02F818969236979
:10304000994240F2E680C91AA161F2B9B5F8502060
:1030500092B22A44217802EB0112B2F80414C1F3AF
:103060000901A2F804143E2B40F2D780580913F04E
:103070001F0F00D10138B2F8041489B2800280B267
:10308000014341F40041A2F804146278002A40F0A0
:10309000F680B5F8502092B22A44217802EB011252
:1030A000B2F80C14C1F30901A2F80C143E2B40F243
:1030B000CD80590913F01F0F00D10139B2F80C343B
:1030C0009BB2890289B20B4343F40043A2F80C344B
:1030D0002EE5F2B9B0F850309BB203440A7803EB06
:1030E0000213B3F80424C2F30902A3F804240A6902
:1030F0003E2A31D9510912F01F0F00D10139B3F81E
:10310000042492B2890289B20A4342F40042A3F82D
:1031100004246378002B51D1B5F850309BB22B4476
:10312000227803EB0213B3F80C24C2F30902A3F8CC
:103130000C2422693E2A28D9510912F01F0F00D110
:103140000139B3F80C2492B2890289B20A4342F4DD
:103150000042A3F80C2433E04AB9B3F804246FEA20
:1031600042426FEA524292B2A3F80424D1E75108D6
:1031700012F0010F00D00131B3F8042490B28A029A
:1031800092B20243A3F80424C3E74AB9B3F80C246B
:103190006FEA42426FEA524292B2A3F80C240FE067
:1031A000510812F0010F00D00131B3F80C2490B295
:1031B0008A0292B20243A3F80C2401E0012B1DD035
:1031C000E369002B3FF4B4AC227835F8221044F2C6
:1031D000400303EA01008B4302D000287FF4A8AC2F
:1031E00035F822309BB223F4E04323F0700343F41C
:1031F000004343F0C00325F8223099E4B5F850307D
:103200009BB22B44227803EB0213228AA3F80C24EE
:10321000D6E70023A3610B4617E74BB9B2F80414B5
:103220006FEA41416FEA514189B2A2F804142CE7D8
:10323000590813F0010F00D00131B2F8040480B234
:10324000890289B20143A2F804141EE74BB9B2F80F
:103250000C346FEA43436FEA53439BB2A2F80C3439
:1032600066E4590813F0010F00D00131B2F80C34B4
:1032700098B28B029BB20343A2F80C3458E4012AA3
:103280007FF456ACB5F8502092B22A44217802EB74
:1032900001129BB2A2F80C344AE4012059E410B4A4
:1032A0005C0800EB420000F5806007E030F8042B7A
:1032B0000A70C2F307224A700231013C002CF5D19A
:1032C00013F0010F01D003880B7010BC7047000091
:1032D00008B5074A136843F010031360032000F099
:1032E0003DFD0F20FDF7D0FBFDF7A4FB002008BD3E
:1032F00000200240034A1168034B1B780B44136003
:10330000704700BF5C0A002050000020014B186885
:10331000704700BF5C0A002038B50446FFF7F6FF8F
:103320000546B4F1FF3F02D0044B1B781C44FFF765
:10333000EDFF401BA042FAD338BD00BF5000002073
:1033400082B0084B1B68084AA2FB03235B0A00FB00
:1033500003F3019300BF019B5A1E0192002BF9D188
:1033600002B0704758000020D34D6210002800F0D2
:10337000F18170B582B00446036813F0010F2CD0C0
:10338000994B5B6803F00C03042B1DD0964B5B68D4
:1033900003F00C03082B12D06368B3F5803F41D0D3
:1033A000002B55D103F1804303F504331A6822F44E
:1033B00080321A601A6822F480221A6037E08A4B41
:1033C0005B6813F4803FE7D0874B1B6813F4003F22
:1033D00003D06368002B00F0BF81236813F0020F55
:1033E00075D0814B5B6813F00C0F5FD07E4B5B6830
:1033F00003F00C03082B54D02369002B00F08A80C3
:103400007A4B01221A60FFF781FF0546764B1B6855
:1034100013F0020F75D1FFF779FF401B0228F5D991
:1034200003209EE1704A136843F48033136063689D
:1034300043B3FFF76BFF05466B4B1B6813F4003F6C
:10344000CBD1FFF763FF401B6428F5D9032088E147
:10345000B3F5A02F09D0644B1A6822F480321A60A9
:103460001A6822F480221A60E1E703F18043A3F591
:103470003C331A6842F480221A601A6842F480329F
:103480001A60D4E7FFF742FF0546574B1B6813F459
:10349000003FA2D0FFF73AFF401B6428F5D9032074
:1034A0005FE1514B5B6813F4803FA5D14E4B1B6825
:1034B00013F0020F03D02369012B40F04F814A4AD9
:1034C000136823F0F803616943EAC10313602368BA
:1034D00013F0080F33D0A369002B5CD0434B0122BB
:1034E000C3F88024FFF712FF05463F4B5B6A13F0D9
:1034F000020F21D1FFF70AFF401B0228F5D9032054
:103500002FE1394A136823F0F803616943EAC103E4
:103510001360DCE7354B00221A60FFF7F7FE054623
:10352000314B1B6813F0020FD1D0FFF7EFFE401BA9
:103530000228F5D9032014E10120FFF701FF2368D9
:1035400013F0040F00F09680274BDB6913F0805FC7
:1035500034D1254BDA6942F08052DA61DB6903F03D
:1035600080530193019B0125214B1B6813F4807F3D
:1035700026D0E368012B3DD0002B53D103F18043CB
:1035800003F504331A6A22F001021A621A6A22F061
:1035900004021A6233E0154B0022C3F88024FFF7BF
:1035A000B5FE0546104B5B6A13F0020FC7D0FFF75C
:1035B000ADFE401B0228F5D90320D2E00025D3E759
:1035C0000B4A136843F480731360FFF79FFE0646AF
:1035D000074B1B6813F4807FCBD1FFF797FE801B4E
:1035E0006428F5D90320BCE00010024000004242EC
:1035F000007000405F4A136A43F001031362E368FE
:1036000033B3FFF783FE06465A4B1B6A13F0020FD3
:103610002FD1FFF77BFE801B41F288339842F3D90C
:1036200003209EE0052B09D0524B1A6A22F00102BA
:103630001A621A6A22F004021A62E0E74D4B1A6A13
:1036400042F004021A621A6A42F001021A62D6E7D4
:10365000FFF75CFE0646474B1B6A13F0020F08D0CB
:10366000FFF754FE801B41F288339842F3D90320C0
:1036700077E0E5B9E369002B72D03E4A526802F068
:103680000C02082A56D0022B17D03B4B00221A6698
:10369000FFF73CFE0446374B1B6813F0007F47D012
:1036A000FFF734FE001B0228F5D9032059E0314A08
:1036B000D36923F08053D361DCE72F4B00221A66D5
:1036C000FFF724FE05462B4B1B6813F0007F06D046
:1036D000FFF71CFE401B0228F5D9032041E0236AB6
:1036E000B3F5803F1AD023494B6823F47413226A40
:1036F000606A024313434B601F4B01221A66FFF7B7
:1037000005FE04461B4B1B6813F0007F0ED1FFF72C
:10371000FDFD001B0228F5D9032022E0154A53685D
:1037200023F40033A1680B435360DCE7002018E06A
:10373000002016E0012B16D00E4B5B6803F480319D
:10374000226A914211D103F47013626A93420ED13E
:10375000002006E001207047012002E0012000E087
:10376000002002B070BD0120FBE70120F9E7012035
:10377000F7E700BF00100240000042420F4B5B68B9
:1037800003F00C02082A01D00D487047C3F38342AE
:103790000C49885C13F4803F0BD0084B5B68C3F383
:1037A0004043094AD35C064A02FB00F0B0FBF3F049
:1037B0007047064B03FB00F0704700BF001002404B
:1037C00000127A00B48B0008B08B000800093D009D
:1037D000002800F0A08070B50D460446524B1B68CF
:1037E00003F007038B420BD24F4A136823F0070301
:1037F0000B431360136803F007038B4240F08D8086
:10380000236813F0020F17D013F0040F04D0474AB7
:10381000536843F4E0635360236813F0080F04D047
:10382000424A536843F460535360404A536823F05C
:10383000F003A1680B435360236813F0010F31D0EC
:103840006368012B20D0022B25D0384A126812F071
:10385000020F64D035494A6822F0030213434B60DB
:10386000FFF754FD0646314B5B6803F00C036268BA
:10387000B3EB820F16D0FFF749FD801B41F288336E
:103880009842F0D9032045E0284A126812F4003F1C
:10389000E0D101203EE0254A126812F0007FD9D124
:1038A000012037E0204B1B6803F00703AB420AD925
:1038B0001D4A136823F007032B431360136803F0BA
:1038C0000703AB422DD1236813F0040F06D0174A2B
:1038D000536823F4E063E1680B435360236813F0FB
:1038E000080F07D0114A536823F46053216943EA53
:1038F000C1035360FFF742FF0C4B5B68C3F3031334
:103900000B4AD35CD8400B4B18600B4B1868FDF783
:10391000BBF8002070BD012070470120FAE70120AC
:10392000F8E70120F6E700BF002002400010024047
:10393000CC8B00085800002054000020014B186870
:10394000704700BF5800002008B5FFF7F7FF044B91
:103950005B68C3F30223034AD35CD84008BD00BFB1
:1039600000100240C48B00080F2303600B4B5A6801
:1039700002F0030242605A6802F0F00282605A6864
:1039800002F4E062C2605B68DB0803F4E063036199
:10399000034B1B6803F007030B60704700100240E5
:1039A0000020024070B582B00446036813F0010F96
:1039B00036D03F4BDB6913F0805F49D13C4BDA696D
:1039C00042F08052DA61DB6903F080530193019B7E
:1039D0000125384B1B6813F4807F3BD0344B1B6AA6
:1039E00013F4407313D0626802F440729A420ED00E
:1039F0002F4A136A23F440702F490126C1F840640E
:103A00000026C1F84064106213F0010F36D1284A35
:103A1000136A23F4407361680B431362002D3ED197
:103A2000236813F0020F06D0214A536823F4404361
:103A3000A1680B435360236813F0100F34D01C4A65
:103A4000536823F48003E1680B43536000202CE0AB
:103A50000025BEE7174A136843F480731360FFF72D
:103A600055FC0646134B1B6813F4807FB6D1FFF755
:103A70004DFC801B6428F5D9032016E0FFF746FCB7
:103A800006460B4B1B6A13F0020FC0D1FFF73EFC3A
:103A9000801B41F288339842F3D9032005E0D369B3
:103AA00023F08053D361BBE7002002B070BD00BF9C
:103AB00000100240007000400000424270B582B029
:103AC0000024A446A1E07E4DAB4214D00CD8A5F54D
:103AD0008015AB420FD005F57025AB420BD0A5F594
:103AE0008015AB4210D106E0764DAB4203D005F510
:103AF0008035AB4208D18B68002B50D0012B49D0C8
:103B00004261082400E0CC68BEF1FF0F49D80646A8
:103B10004FEA8C0233680F25954023EA050304FA27
:103B200002F2134333604B6813F0805F6BD0664B37
:103B30009A6942F001029A619B6903F001030193C3
:103B4000019B4FEA9C02951C604B53F825600CF0DA
:103B50000305AD000F23AB4026EA03065C4B9842F9
:103B600026D003F58063984200F08C8003F58063D3
:103B7000984200F0898003F58063984216D00423B0
:103B800017E0CC680434BFE7CC680834BCE7CC68E5
:103B90000C34B9E702610824B6E70024B4E7042432
:103BA000B2E7061DACF108029200B3E7032300E080
:103BB0000023AB4033430232444D45F822304B687A
:103BC00013F4801F62D0434A936843EA0E03936064
:103BD0004B6813F4001F5FD03E4AD36843EA0E03DC
:103BE000D3604B6813F4003F5CD03A4A536843EA11
:103BF0000E0353604B6813F4803F59D0354A136865
:103C000043EA0E0313600CF1010C0B6833FA0CF25B
:103C100054D0012202FA0CF203EA020E32EA030344
:103C2000F1D14B68122B3FF64EAF122B3FF66CAF23
:103C300001A555F823F000BFF73A0008073B00083C
:103C4000893B00089B3B0008093B0008093B000832
:103C5000093B0008093B0008093B0008093B000834
:103C6000093B0008093B0008093B0008093B000824
:103C7000093B0008093B0008093B0008833B00089A
:103C80008F3B0008012394E7022392E7114A9368CF
:103C900023EA0E0393609BE70E4AD36823EA0E03E0
:103CA000D3609EE70B4A536823EA0E035360A1E7F3
:103CB000084A136823EA0E031360A4E702B070BD3C
:103CC00000002210000031100010024000000140EE
:103CD00000080140000401408368194201D001201E
:103CE0007047002070470AB1016170470904016103
:103CF00070470000002808DB0901C9B200F16040EC
:103D000000F5614080F80013704700F00F000901D2
:103D1000C9B2014B1954704714ED00E000B500F032
:103D20000700C0F1070CBCF1040F28BF4FF0040CD2
:103D3000031D062B0FD9C31E4FF0FF3E0EFA0CF0E9
:103D400021EA000199400EFA03FE22EA0E0241EA3E
:103D500002005DF804FB0023EEE70000074AD36889
:103D600023F4E0631B041B0C000200F4E060034337
:103D700043F0BF6343F40033D360704700ED00E0CD
:103D800010B50446054BD868C0F30220FFF7C6FF04
:103D900001462046FFF7AEFF10BD00BF00ED00E07A
:103DA000002807DB00F01F02400901239340024A6C
:103DB00042F82030704700BF00E100E003685A6914
:103DC00012F4806F01D1002070476FF480625A6155
:103DD00000230363202280F83D2080F83E30026CEF
:103DE00042F00402026480F83C30012070472DE963
:103DF000F04106460C46174698463BE0FFF786FA28
:103E0000069BC01A404502D8B8F1000F32D1012DEF
:103E100018D033689B6924EA03039BB2B3FA83F397
:103E20005B099F4226D100233363202286F83D2080
:103E300086F83E30326C42F02002326486F83C3024
:103E4000012027E033685B6924EA03039BB2B3FADD
:103E500083F35B09E5E733685B6924EA030C1FFA27
:103E60008CFCBCFA8CFC4FEA5C1C674511D1B8F1A4
:103E7000FF3FC3D1C4F30745012DECD033689B69E4
:103E800024EA030C1FFA8CFCBCFA8CFC4FEA5C1C85
:103E9000EBE70020BDE8F0812DE9F84305460E462A
:103EA0009046994653E01A6842F400721A602B68F3
:103EB0006FF480625A6100232B63202285F83D2035
:103EC00085F83E302A6C42F004022A6485F83C30C2
:103ED00001204AE0FFF71AFAA0EB0900404502D89A
:103EE000B8F1000F33D1012F17D02B689B6926EA58
:103EF00003039BB2003B18BF012343B300232B6392
:103F0000202285F83D2085F83E302A6C42F02002C0
:103F10002A6485F83C30012027E02B685B6926EA9B
:103F200003039BB2003B18BF0123E6E72B689C69A3
:103F300026EA0404A4B2003C18BF0124A4B12B68F3
:103F40005A6912F4806FAED1B8F1FF3FC2D1C6F307
:103F50000747012FEAD12B685C6926EA0404A4B262
:103F6000003C18BF0124E9E70020BDE8F883000009
:103F7000F0B583B004460D4616461F46C36A082BAB
:103F80000DD0012B0BD013F5803F08D0036B122B03
:103F90000AD10268136843F48073136004E0226856
:103FA000136843F4807313600097334600224FF088
:103FB00001112046FFF71BFF80B92369B3F5804F3D
:103FC00016D1236805F0FE051D613B4632461349B4
:103FD0002046FFF761FFF8B903B0F0BD23681B6806
:103FE00013F4807F02D04FF4007323640320F3E7BF
:103FF000EB11226803F0060343F0F00313613B4624
:10400000324607492046FFF747FF18B92368EDB24B
:104010001D61DAE70120DFE70120DDE70200010092
:104020000800010070B504460D46164623685B691A
:1040300013F0800F21D12046FFF7C0FEF8B9B5F18B
:10404000FF3FF3D0FFF762F9801BA84201D8002D93
:10405000ECD123685B6913F0800FE7D10023236361
:10406000202284F83D2084F83E30226C42F0200269
:10407000226484F83C30012000E0002070BD012063
:10408000FCE770B504460D46164623685B6913F0DD
:10409000040F21D12046FFF791FEF8B9B5F1FF3F9B
:1040A000F3D0FFF733F9801BA84201D8002DECD1E3
:1040B00023685B6913F0040FE7D1002323632022F8
:1040C00084F83D2084F83E30226C42F020022264C5
:1040D00084F83C30012000E0002070BD0120FCE7A6
:1040E000002800F0CC8070B5044690F83D30002BDD
:1040F00077D0242384F83D302268136823F001032D
:1041000013602268136843F4004313602268136845
:1041100023F400431360FFF717FC62685A4B9A427E
:1041200064D85A4B98428CBF00230123002B40F0E7
:10413000A8805749A1FB00318B0C25686A6822F0E2
:104140003F0242EA91426A6021680A6A22F03F0215
:1041500066684D4DAE424FD8013313430B62216860
:10416000CA6922F44F4222F0FF026568464B9D4225
:104170004CD8431E6D00B3FBF5F3013340F6FC70E1
:10418000034278D0C3F30B031A43CA6121680B685A
:1041900023F0C003E269206A024313430B602168E5
:1041A0008B6823F4034323F0FF032269E068024392
:1041B00013438B602168CB6823F0FF036269A06919
:1041C00002431343CB602268136843F0010313607A
:1041D00000202064202384F83D30206384F83E00D2
:1041E00070BD80F83C30FCF7DDFB82E7294B98423C
:1041F0008CBF0023012399E74FF4967505FB03F369
:10420000254DA5FB03539B090133A6E7A668BEB95C
:10421000431E05EB450CB3FBFCF30133C3F30B0367
:10422000B3FA83F35B0943BBC6B9431E05EB4505EF
:10423000B3FBF5F30133C3F30B0343F40043A3E7EC
:10424000431E05EB850C0CEB8C0CB3FBFCF301332C
:10425000C3F30B03B3FA83F35B09E4E7431E05EBF7
:10426000850505EB8505B3FBF5F30133C3F30B03BC
:1042700043F4404388E7042386E7012384E70120D1
:1042800070470120ACE700BFA08601007F841E00BC
:1042900083DE1B43FF083D00D34D62102DE9F04340
:1042A00085B004460F46914698460C9EFFF72EF8BF
:1042B000054694F83D00C0B2202804D002273846B5
:1042C00005B0BDE8F0830095192301224F4920462F
:1042D000FFF78DFD002840F0928094F83C30012BD0
:1042E00000F08F80012384F83C3023681A6812F0B4
:1042F000010F03D11A6842F001021A6022681368A4
:1043000023F400631360212384F83D30102384F8E4
:104310003E3000232364C4F82490A4F82A80638DDF
:1043200023853B4BE3622B46324639462046FFF756
:104330001FFE0746002866D10023039323685A69AD
:1043400003929B690393039B11E0236C042B01D020
:104350000127B4E72268136843F400731360F7E79A
:104360002A4631462046FFF78CFE00282ED1238DA9
:10437000002B36D02A4631462046FFF753FE002850
:10438000E3D1626A236812781A61606A431C63622F
:10439000618D89B2013989B26185238D013B9BB260
:1043A00023852268516911F0040FD9D0002BD7D092
:1043B00043781361636A01336362638D9BB2013B8F
:1043C0009BB26385238D013B2385C9E7236C042BB6
:1043D00001D0012773E72268136843F40073136068
:1043E000F7E72268136843F400731360202384F80E
:1043F0003D30002384F83E3084F83C305FE70227EC
:104400005DE702275BE7012759E700BF02001000C4
:104410000000FFFF704700F1080343604FF0FF32D8
:104420008260C3600361002303607047002303615F
:10443000704743684B609A688A6051609960086170
:10444000036801330360704730B40D68B5F1FF3F76
:1044500011D000F108031C465B681A68AA42FAD919
:1044600063684B6099608C60616008610368013328
:10447000036030BC70470469F2E7036941688268F1
:104480008A60416851605A68824206D00022026107
:104490001A68013A1A601868704782685A60F5E72E
:1044A00010B5044601F066FEA26BE36B9A4204D09D
:1044B000002401F081FE204610BD0124F9E710B56B
:1044C000044601F057FEA36B23B9012401F074FEEA
:1044D000204610BD0024F9E770B504461546866BEA
:1044E000026C5AB903681BB100200136A66370BD87
:1044F000806801F0A5F80023A360F6E76DB9406875
:10450000FBF7C2FE6368226C13446360A2689342A7
:1045100019D3236863602846E7E7C068FBF7B4FE59
:10452000E368226C51429B1AE3602268934202D2F4
:10453000A3680B44E360022D01D00020D5E726B12B
:10454000013E0020D1E72846CFE70020CDE708B59F
:104550000346026C62B10846D9681144D960D3F8A9
:1045600008C0614501D31968D960D968FBF78CFE92
:1045700008BD38B5054601F0FDFD95F8454064B22B
:1045800001E0013C64B2002C0ADD6B6A43B105F125
:10459000240000F0ABFF0028F3D001F03BF8F0E777
:1045A000FF2385F8453001F007FE01F0E3FD95F8A3
:1045B000444064B201E0013C64B2002C0ADD2B6986
:1045C00043B105F1100000F091FF0028F3D001F095
:1045D00021F8F0E7FF2385F8443001F0EDFD38BD08
:1045E00038B5E0B10D46044601F0C4FD2368E26B26
:1045F000216C01FB0230A0600020A0636360013ADF
:1046000002FB0133E360FF2384F8443084F8453033
:10461000FDB9236963B901F0CFFD012038BD4FF02A
:10462000500383F31188BFF36F8FBFF34F8FFEE703
:1046300004F1100000F05AFF0028ECD04FF0E02306
:104640004FF08052C3F8042DBFF34F8FBFF36F8F2D
:10465000E1E704F11000FFF7DEFE04F12400FFF7AC
:10466000DAFED8E738B51D46049C0B4649B92460EC
:10467000E063236401212046FFF7B2FF84F84C5029
:1046800038BD2260F4E740B94FF0500383F311883E
:10469000BFF36F8FBFF34F8FFEE710B584B01C469A
:1046A000844653B192B189B94FF0500383F3118816
:1046B000BFF36F8FBFF34F8FFEE74FF0500383F3CD
:1046C0001188BFF36F8FBFF34F8FFEE76AB150239E
:1046D0000393039B502B13D04FF0500383F31188A7
:1046E000BFF36F8FBFF34F8FFEE70029EFD04FF07E
:1046F000500383F31188BFF36F8FBFF34F8FFEE733
:10470000039B012384F8463000949DF818306046DE
:10471000FFF7A8FF204604B010BD40B94FF050038A
:1047200083F31188BFF36F8FBFF34F8FFEE7F0B5B0
:1047300083B00D461446064601FB00F0503001F0F0
:1047400003FC074650B1002380F846300090234612
:1047500000F1500229463046FFF784FF384603B087
:10476000F0BDF0B585B0019288B10F461D460446F4
:10477000B1B1022D20D1E36B012B1DD04FF05003BE
:1047800083F31188BFF36F8FBFF34F8FFEE74FF0B6
:10479000500383F31188BFF36F8FBFF34F8FFEE792
:1047A000036C002BE5D04FF0500383F31188BFF367
:1047B0006F8FBFF34F8FFEE700F032FF064658B908
:1047C000019B002B48D04FF0500383F31188BFF3B7
:1047D0006F8FBFF34F8FFEE700263DE02A46394634
:1047E0002046FFF779FE636A7BB948B14FF0E023BA
:1047F0004FF08052C3F8042DBFF34F8FBFF36F8F7C
:1048000001F0DAFC012005B0F0BD04F1240000F055
:104810006DFE0028F4D04FF0E0234FF08052C3F833
:10482000042DBFF34F8FBFF36F8FE9E701F0C4FC96
:104830000020E8E702A800F09FFE012619E000230F
:1048400084F8443021E0002384F8453023E02046FA
:10485000FFF78FFE00F0D6FC01F08CFCA26BE36B3F
:104860009A42BBD3022DB9D0019B002BDED0002E83
:10487000E0D001F0A1FC00F023FC01F07BFC94F8F7
:10488000442052B2B2F1FF3FD9D094F8452052B241
:10489000B2F1FF3FD7D001F08FFC01A902A800F0D0
:1048A00077FED8B92046FFF7FBFD0028CFD001994D
:1048B00004F1100000F0E6FD2046FFF75AFE00F07C
:1048C000A1FC0028C8D14FF0E0234FF08052C3F87C
:1048D000042DBFF34F8FBFF36F8FBDE72046FFF767
:1048E00048FE00F08FFC00208DE72DE9F84390B1E1
:1048F0000F4616461C460546B1B1022C20D1EB6B83
:10490000012B1DD04FF0500383F31188BFF36F8F3D
:10491000BFF34F8FFEE74FF0500383F31188BFF3CF
:104920006F8FBFF34F8FFEE7036C002BE5D04FF086
:10493000500383F31188BFF36F8FBFF34F8FFEE7F0
:1049400001F002FDEFF311884FF0500383F311885B
:10495000BFF36F8FBFF34F8FAA6BEB6B9A4206D3F7
:10496000022C04D0002088F31188BDE8F88395F864
:1049700045904FFA89F9AB6B224639462846FFF736
:10498000ABFDB9F1FF3F06D009F101035BB285F839
:1049900045300120E7E76B6A0BB90120E3E705F139
:1049A000240000F0A3FD18B126B101203060DAE741
:1049B0000120D8E70120D6E7F0B585B0019290B18B
:1049C0000F460446C1B100F02BFE064600BB019B1A
:1049D000002B5ED04FF0500383F31188BFF36F8F2D
:1049E000BFF34F8FFEE74FF0500383F31188BFF3FF
:1049F0006F8FBFF34F8FFEE7036C002BE3D04FF0B8
:104A0000500383F31188BFF36F8FBFF34F8FFEE71F
:104A100000263EE039462046FFF799FD013DA5639B
:104A2000236923B901F0C8FB012005B0F0BD04F1F2
:104A3000100000F05BFD0028F4D04FF0E0234FF0B1
:104A40008052C3F8042DBFF34F8FBFF36F8FE9E798
:104A500001F0B2FB0020E8E702A800F08DFD01267E
:104A600021E0002384F8443029E0002384F8453015
:104A70002BE02046FFF77DFD00F0C4FB09E0204657
:104A8000FFF777FD00F0BEFB2046FFF718FD00287A
:104A90003FD101F06FFBA56B002DBBD1019B002B1B
:104AA000D6D0002ED8D001F087FB00F009FB01F032
:104AB00061FB94F844305BB2B3F1FF3FD1D094F87E
:104AC00045305BB2B3F1FF3FCFD001F075FB01A9D8
:104AD00002A800F05DFD0028D1D12046FFF7EFFCD1
:104AE0000028C6D0019904F1240000F0CBFC204638
:104AF000FFF73FFD00F086FB0028CAD14FF0E0230E
:104B00004FF08052C3F8042DBFF34F8FBFF36F8F68
:104B1000BFE7002089E72DE9F843B0B10D46904684
:104B20000446D9B101F010FCEFF311874FF05003A8
:104B300083F31188BFF36F8FBFF34F8FA66BCEB98E
:104B4000002087F31188BDE8F8834FF0500383F30A
:104B50001188BFF36F8FBFF34F8FFEE7036C002BFD
:104B6000E0D04FF0500383F31188BFF36F8FBFF392
:104B70004F8FFEE794F844904FFA89F92946204672
:104B8000FFF7E5FC731EA363B9F1FF3F06D009F1FF
:104B900001035BB284F844300120D2E723690BB9EA
:104BA0000120CEE704F1100000F0A0FC30B1B8F114
:104BB000000F05D00120C8F80000C2E70120C0E7BF
:104BC0000120BEE70023072B0CD8074A52F83320F8
:104BD0000AB10133F7E7044A42F8331002EBC3028B
:104BE00050607047704700BF600A002070B50446EF
:104BF0000D46164601F0BEFA94F844305BB2B3F1AC
:104C0000FF3F0DD094F845305BB2B3F1FF3F0BD0BE
:104C100001F0D2FAA36B5BB12046FFF7AAFC70BD8E
:104C2000002384F84430EDE7002384F84530EFE7B3
:104C30003246294604F1240000F03CFCECE7000079
:104C4000084B1B681B6823B9074B4FF0FF321A60F3
:104C50007047044B1B68DB68DB685A68024B1A60BC
:104C6000704700BF100B0020A80A00202DE9F04774
:104C700080460D4617469946089EDDF824A00A9CFA
:104C80009200A521206BFBF7AFFA236B07F180425E
:104C9000013A03EB820727F00707A5B34FF0000C9A
:104CA000BCF10F0F09D815F80C3004EB0C0282F898
:104CB000343013B10CF1010CF2E7002384F84330D7
:104CC000372E00D93726E662E66400252565201DCB
:104CD000FFF7ACFB04F11800FFF7A8FB2461C6F155
:104CE0003806A6616462656584F858504A464146B4
:104CF000384601F019FA2060BAF1000F01D0CAF865
:104D00000040BDE8F087002384F83430D8E7000085
:104D100038B5002407E004EB840293000E481844E1
:104D2000FFF779FB0134372CF5D90C4D2846FFF7F6
:104D300072FB0B4C2046FFF76EFB0A48FFF76BFB3C
:104D40000948FFF768FB0948FFF765FB084B1D6042
:104D5000084B1C6038BD00BF3C0B0020280B002016
:104D6000140B0020F80A0020E40A0020CC0A0020DE
:104D7000100B00200C0B002010B5044601F0FAF9CE
:104D8000224A136801331360214B1B685BB1214B2E
:104D90001B686BB91E4B1B68DA6AE36A9A4207D834
:104DA0001B4B1C6004E01A4B1C601368012B29D0BC
:104DB000194A1368013313606364E06A174B1B6878
:104DC000984201D9154B186000EB8000211D144B4F
:104DD00003EB8000FFF72DFB01F0EEF90D4B1B6894
:104DE0007BB10B4B1B68DA6AE36A9A4209D24FF037
:104DF000E0234FF08052C3F8042DBFF34F8FBFF371
:104E00006F8F10BDFFF784FFD2E700BFC80A0020F4
:104E10009C0F0020BC0A0020AC0A0020C00A002021
:104E20003C0B002010B5044690F8593063B1012BBB
:104E300011D0022B0ED04FF0500383F31188BFF333
:104E40006F8FBFF34F8FFEE7006B01F0FFF8204636
:104E500001F0FCF810BD01F0F9F8FBE70F4B1B68FF
:104E6000D3B110B501F086F90D4BDB68DC68201D6D
:104E7000FFF703FB0B4A1368013B1360074A1368F3
:104E8000013B136001F098F92046FFF7CBFF034B7D
:104E90001B68002BE6D110BD704700BFE00A002060
:104EA000E40A0020C80A002008B5FFF7D7FF074B27
:104EB0001B68012BF9D94FF0E0234FF08052C3F863
:104EC000042DBFF34F8FBFF36F8FEEE73C0B002035
:104ED00070B504460D46174B1E68174B1868043012
:104EE000FFF7CBFAB4F1FF3F0DD03444124B1B68EF
:104EF0005C60A64210D9114B18680F4B1968043139
:104F0000FFF7A2FA70BD002DEFD00B4B19680431EA
:104F10000B48FFF78EFAF5E70A4B1868064B19683D
:104F20000431FFF791FA084B1B68A342EAD9064BFC
:104F30001C60E7E7C40A00209C0F00200C0B002037
:104F4000CC0A0020100B0020A80A002030B587B042
:104F50000B9C7CB10C9DB5B15C250495049D5C2D2A
:104F60001AD04FF0500383F31188BFF36F8FBFF354
:104F70004F8FFEE74FF0500383F31188BFF36F8F1D
:104F8000BFF34F8FFEE74FF0500383F31188BFF359
:104F90006F8FBFF34F8FFEE7049D0C9D2C6302249F
:104FA00085F8594000240394029505AC01940A9CAD
:104FB0000094FFF75BFE0C98FFF7DEFE059807B044
:104FC00030BD2DE9F04385B00746884614461E469D
:104FD000900000F0B9FF08B381465C2000F0B4FFF8
:104FE0000546A8B1C0F83090002380F859300393EB
:104FF00002900D9B01930C9B009333462246414641
:105000003846FFF733FE2846FFF7B6FE012007E0DB
:10501000484601F01BF84FF0FF3001E04FF0FF3041
:1050200005B0BDE8F083000010B588B000240594F9
:10503000069407AA06A905A800F00CFF059B029399
:10504000069B019300942346079A17491748FFF7D8
:105050007DFF174B1860C0B100F0A6FB012815D1E9
:105060004FF0500383F31188BFF36F8FBFF34F8F5F
:10507000104B4FF0FF321A600F4B01221A600F4B9A
:1050800000221A6001F000F903E00020B0F1FF3FB8
:1050900001D008B010BD4FF0500383F31188BFF367
:1050A0006F8FBFF34F8FFEE7148B0008A94E0008E7
:1050B000A40A0020A80A0020BC0A0020C40A00207C
:1050C000024A136801331360704700BFA00A002032
:1050D000014B1868704700BFC40A002008B501F0F2
:1050E00033F9014B186808BDC40A0020F8B53A4BE3
:1050F0001B68002B69D1394B1D6801351D60C5B98E
:10510000374B1B681B6843B14FF0500383F3118882
:10511000BFF36F8FBFF34F8FFEE7314A1168314BFA
:10512000186810601960304A136801331360FFF784
:1051300087FD2E4B1B68AB423DD900272C4B1B68CB
:10514000DB6A03EB83039A002A4B9B58012B00D99F
:105150000127294B1B68002B3CD001273AE001278F
:105160001F4B1B681B6843B31D4B1B68DB68DC6867
:1051700063689D4226D3261D3046FFF77EF9A36A59
:105180001BB104F11800FFF778F9E36A1B4A1268B3
:10519000934201D9194A136003EB83039A00314605
:1051A00014481044FFF745F9E26A114B1B68DB6AAB
:1051B0009A42D4D2D4E70027D2E70C4B4FF0FF320B
:1051C0001A60BBE7094A1360B8E70D4A1368013358
:1051D000136000273846F8BDA00A0020C40A00204A
:1051E000100B00200C0B0020B00A0020A80A0020A1
:1051F0009C0F00203C0B0020B40A0020C00A0020B5
:10520000B80A002038B5354B1B6843B94FF050033E
:1052100083F31188BFF36F8FBFF34F8FFEE700F06A
:10522000A9FF2E4B1A68013A1A601B68002B4FD158
:105230002B4B1B680BB900244BE00024294B1B6847
:105240001BB3284BDB68DC6804F11800FFF715F985
:10525000251D2846FFF711F9E06A234B1B68984289
:1052600001D9214B186000EB800029461F4B03EB4E
:105270008000FFF7DEF8E26A1D4B1B68DB6A9A428A
:10528000DCD31C4B01221A60D8E70CB1FFF7D8FC25
:10529000194B1C6884B9174B1C68D4B14FF0E0233C
:1052A0004FF08052C3F8042DBFF34F8FBFF36F8FC1
:1052B00001240EE0013C07D0FFF718FF0028F9D0C9
:1052C0000C4B01221A60F5E70B4B00221A60E2E753
:1052D000002400F071FF204638BD00BFA00A002066
:1052E000C80A0020F80A0020C00A00203C0B002059
:1052F0009C0F0020B40A0020B80A002038B558B12D
:105300000C46054689B94FF0500383F31188BFF36B
:105310006F8FBFF34F8FFEE74FF0500383F3118879
:10532000BFF36F8FBFF34F8FFEE71B4B1B6843B17B
:105330004FF0500383F31188BFF36F8FBFF34F8F8C
:10534000FEE7FFF7BDFE154B18682B681C4483422F
:1053500009D9A34201D82C600EE0A04201D32C60F1
:105360000AE02C6004E0A34201D8A04212D22C60D3
:105370000021201AFFF7ACFDFFF744FF48B94FF0BA
:10538000E0234FF08052C3F8042DBFF34F8FBFF3DB
:105390006F8F38BD2C60EFE7A00A0020C40A002000
:1053A00010B5A8B10446104B1B6843B14FF0500331
:1053B00083F31188BFF36F8FBFF34F8FFEE7FFF7C3
:1053C0007FFE00212046FFF783FDFFF71BFF48B952
:1053D0004FF0E0234FF08052C3F8042DBFF34F8FFE
:1053E000BFF36F8F10BD00BFA00A0020204B1B68C9
:1053F0001BB1204B01221A6070471E4B00221A601D
:105400001D4B1B6803EB83018A001C498A585AB95B
:105410000BB1013BF6E74FF0500383F31188BFF364
:105420006F8FBFF34F8FFEE7084603EB83018A00BF
:10543000024451684968516003EB830C4FEA8C02C7
:105440000832024491420BD003EB830291000B4AD5
:105450000A445268D1680A4A1160074A13607047CB
:10546000486862469100054A0A445060ECE700BF74
:10547000A00A0020B40A0020C00A00203C0B002033
:105480009C0F002058B110B50C46094A116818311C
:10549000FEF7DAFF01212046FFF71AFD10BD4FF09D
:1054A000500383F31188BFF36F8FBFF34F8FFEE775
:1054B0009C0F002038B570B10D4614460A4A116899
:1054C0001831FEF7B6FF0CB14FF0FF3521462846E4
:1054D000FFF7FEFC38BD4FF0500383F31188BFF394
:1054E0006F8FBFF34F8FFEE79C0F002038B5C36866
:1054F000DC6824B304F118052846FEF7BEFF184BFC
:105500001B682BBB251D2846FEF7B7FFE06A154B2D
:105510001B68984201D9134B186000EB80002946A4
:10552000114B03EB8000FEF784FFE26A0F4B1B6810
:10553000DB6A9A4211D901200D4B186038BD4FF03B
:10554000500383F31188BFF36F8FBFF34F8FFEE7D4
:1055500029460848FEF76DFFE7E70020EEE700BFA9
:10556000A00A0020C00A00203C0B00209C0F002055
:10557000B40A0020F80A0020034B1B680360034BA9
:105580001B684360704700BFB00A0020C40A0020B7
:10559000D8B170B50C46054601B300F0EBFD1B4BCE
:1055A00019686B68C81A2268B2F1FF3F27D0184EFD
:1055B0003668D5F800C0B44501D08B4224D9824268
:1055C00015D80023236001241AE04FF0500383F321
:1055D0001188BFF36F8FBFF34F8FFEE74FF050037B
:1055E00083F31188BFF36F8FBFF34F8FFEE75B1A12
:1055F000134423602846FFF7BFFF002400E0002487
:1056000000F0DAFD204670BD0124F9E7C40A00204D
:10561000B00A0020014B01221A607047B40A002032
:10562000054B1B6833B1054B1B680BB1002070475D
:105630000220704701207047BC0A0020A00A002009
:1056400000283BD038B504461E4B1B68834208D067
:105650004FF0500383F31188BFF36F8FBFF34F8F69
:10566000FEE7036D43B94FF0500383F31188BFF396
:105670006F8FBFF34F8FFEE7013B0365C16AC26CBA
:1056800091421DD00BB1002038BD051D2846FEF704
:10569000F4FEE06CE062C0F13803A3610A4B1B68C2
:1056A000984201D9084B186000EB80002946074B4F
:1056B00003EB8000FEF7BDFE0120E5E70020704708
:1056C0000020E1E79C0F0020C00A00203C0B0020D6
:1056D000064B1A6813682BB90123036023B9D368FA
:1056E000186870470023F8E700207047A0100020DA
:1056F00008B54160006191420CD8D21A83699A4280
:1057000001D3012008BD011D094B1868FEF79CFE5E
:105710000020F7E79A4201D2994206D2011D054BBB
:105720001868FEF791FE0020ECE70120EAE700BFD1
:105730009C100020A010002030B583B000F01AFDAE
:10574000114B1B681BB100F037FD03B030BD0F4D8E
:105750002846FEF760FE0E4C2046FEF75CFE0D4B21
:105760001D600D4B1C60002300930C4B0C4A102154
:105770000A20FEF788FF044B18600028E3D009498F
:10578000FFF720FADFE700BF98100020B8100020D4
:10579000A4100020A01000209C100020A00F0020CA
:1057A000F00F00201C8B000810B588B0FFF7C4FF75
:1057B000124B1B68CBB100240594069407AA06A9D6
:1057C00005A800F053FB059B0293069B019302235F
:1057D00000932346079A0A490A48FFF7B7FB0A4B8A
:1057E000186010B1012008B010BD4FF0500383F3D2
:1057F0001188BFF36F8FBFF34F8FFEE79810002023
:10580000248B00080D5B000894100020B8B19C4662
:1058100003461848006858B300B585B0009101925E
:10582000029305291CDCFFF7FBFE022810D00023A1
:105830001A4669460F480068FEF793FF15E04FF0DF
:10584000500383F31188BFF36F8FBFF34F8FFEE7D1
:105850000023069A694607480068FEF782FF04E0C5
:10586000002362466946FFF740F805B05DF804FB87
:10587000002070479810002070B582B01B4B1B6849
:105880001A6862B3DB681E68DC68251D2846FEF7CF
:10589000F4FD236A2046984794F8283013F0040F4B
:1058A000ECD0A36933449E4207D263602461294649
:1058B0000E4B1868FEF7C8FDE0E7002100910B468B
:1058C00032462046FFF7A2FF0028D7D14FF0500301
:1058D00083F31188BFF36F8FBFF34F8FFEE7044A46
:1058E000106802490860136002B070BDA01000206B
:1058F0009C10002038B50546FFF7EAFB0446074B2D
:105900001B68834205D800232B60044B1C60204693
:1059100038BDFFF7B1FF01232B60F6E790100020A0
:1059200070B582B006460D4617490968C968CC684B
:10593000201DFEF7A2FD94F828C01CF0040F08D12A
:105940002CF0010C84F828C0236A2046984702B046
:1059500070BDA16933462A4631442046FFF7C8FE90
:105960000028F1D0002100910B4632462046FFF777
:105970004DFF0028E8D14FF0500383F31188BFF3A7
:105980006F8FBFF34F8FFEE7A010002070B582B07D
:1059900006460C46FFF794FB01A8FFF7ABFF019BFF
:1059A00033BB0546E4B9B04213D22246711B124BF9
:1059B0001868FFF71BF9FFF725FCD8B94FF0E02373
:1059C0004FF08052C3F8042DBFF34F8FBFF36F8F9A
:1059D00010E0FFF717FC29463046FFF7A1FF09E06A
:1059E000064A126812680AB90124DEE71C46DCE7A1
:1059F000FFF708FC02B070BD981000209C1000203A
:105A000010B588B002E0049B002B0FDA002204A935
:105A10003D4B1868FEF7D0FF002873D0049B002B85
:105A2000F1DA07990698059B9847ECE7069C6369AD
:105A300013B1201DFEF721FD03A8FFF75BFF049BB8
:105A4000092BE3D8DFE803F00505053037500505DD
:105A5000303794F8283043F0010384F82830059B50
:105A6000A169024619442046FFF742FE0028CDD026
:105A7000236A2046984794F8283013F0040FC5D0C5
:105A8000A269002100910B46059802442046FFF7C9
:105A9000BDFE0028BAD14FF0500383F31188BFF345
:105AA0006F8FBFF34F8FFEE794F8283023F0010388
:105AB00084F82830AAE794F8283043F0010384F8EA
:105AC00028300599A16131B10346024601442046C0
:105AD000FFF70EFE9AE74FF0500383F31188BFF3F0
:105AE0006F8FBFF34F8FFEE794F8283013F0020F4B
:105AF00004D023F0010384F8283087E7204600F023
:105B0000A5FA83E708B010BD9810002000B583B057
:105B100001A8FFF7DDFD0199FFF738FFFFF770FFE0
:105B2000F6E708B54FF0E0231B69FFF779FD012880
:105B300000D108BD00F07EFBFBE70000EFF305831A
:105B40002BB9064B186828B901221A6070476FF00C
:105B5000050070474FF0FF30704700BF84170020EA
:105B6000EFF3058373B90A4B1B68012B0DD110B5F8
:105B70000024084BDC77064B02221A60FFF754FA28
:105B8000204610BD6FF0050070474FF0FF307047A2
:105B90008417002000ED00E008B5EFF3058313B192
:105BA000FFF79CFA08BDFFF793FAFBE7F0B587B063
:105BB00000240594EFF3058474BB68B322B3156821
:105BC000936903B918235C1E372C49D8546814F024
:105BD000010F47D156696EB14FEA960C94682CB10B
:105BE000D7685B2F02D9176907B1C6B92CB14FF03E
:105BF000FF340EE04FF0800CF0E7D4688CB91469E4
:105C000094B14FF0FF3404E01546002418234FF000
:105C1000800C012C0AD0ACB1059807B0F0BD01246E
:105C2000F7E74FF0FF34F4E70024F2E714699268D5
:105C30000292019400930B4662462946FFF786F9CB
:105C40000590E9E705AA019200930B461FFA8CF232
:105C50002946FFF7B6F90128DED000230593DBE7DC
:105C60000020DAE70020D8E708B5EFF3058333B961
:105C700008B9002008BDFFF793FB0020FAE76FF09A
:105C80000500F7E7EFF3058373B910B582B004465A
:105C9000FFF71EFA0190211A002908DD01A8FFF77D
:105CA0002DFB002002B010BD6FF0050070476FF0B3
:105CB0000300F7E730B583B0EFF30583002B3BD14A
:105CC000144600283CD000293CD072B3936853B1ED
:105CD000D2684F2A07D922692AB101FB00F5D4F80E
:105CE00014C0AC451BD273B14FF0FF3363BB00222D
:105CF000FEF713FD054605B304B124682146284686
:105D0000FEF760FF19E0E3688BB9236913B14FF028
:105D1000FF33EBE763696BB14FF0FF33E6E7002534
:105D20000095FEF7B0FC0546E5E70023DEE74FF0FF
:105D3000FF33DBE70023D9E70025284603B030BD59
:105D40000025FAE70025F8E70025F6E710B582B050
:105D50001C46EFF30583C3B118B329B33CBB002342
:105D6000019301AAFEF7C1FD012823D1019850B18A
:105D70004FF0E0234FF08052C3F8042DBFF34F8F54
:105D8000BFF36F8F002002B010BDB0B1C1B10023CE
:105D90002246FEF7E6FC012815D0B4B16FF00100F1
:105DA000F1E76FF00300EEE76FF00300EBE76FF051
:105DB0000300E8E76FF00200E5E76FF00300E2E7B9
:105DC0006FF00300DFE70020DDE76FF00200DAE7A5
:105DD00010B582B01C46EFF30583C3B110B321B3F5
:105DE00034BB0023019301AAFEF795FE012822D1BE
:105DF000019850B14FF0E0234FF08052C3F8042DCA
:105E0000BFF34F8FBFF36F8F002002B010BDA8B15A
:105E1000B9B12246FEF7D0FD012815D0B4B16FF01C
:105E20000100F2E76FF00300EFE76FF00300ECE72B
:105E30006FF00300E9E76FF00200E6E76FF00300A0
:105E4000E3E76FF00300E0E70020DEE76FF0020019
:105E5000DBE70000034B0360034B0B608023136000
:105E6000704700BF2817002028150020034B03604F
:105E7000034B0B604FF4807313607047CC14002009
:105E8000CC100020124A12F0070F1ED0D11D21F0B5
:105E90000701C1F5406313440A460E480260002121
:105EA00041601344083B23F007030B48036059602B
:105EB0001960991A51601360084B1960084B1960FA
:105EC000084B4FF000421A6070474FF44063E4E71C
:105ED000A8170020A01700209C170020941700206E
:105EE0009817002088170020154B1A461B6883421C
:105EF000FBD3516802EB010C844509D0416800EBEB
:105F0000010C634509D00360904218D010607047BF
:105F10004068014451601046F0E710B4094C246811
:105F2000A3420AD05B681944416013681B68036090
:105F3000904200D0106010BC70470460F8E77047D2
:105F4000A01700209C17002038B50446FFF7B8F8CA
:105F5000384B1B68B3B1384B1B681C4250D1002C26
:105F600050D004F1080214F0070F02D022F007020B
:105F70000832002A55D0314B1B68934253D3304925
:105F80000C6804E0FFF77EFFE5E721461C466368E6
:105F9000934202D22368002BF7D1264B1B68A34201
:105FA00043D00D68083523680B6063689B1A102B7B
:105FB00010D9A01810F0070F08D04FF0500383F34A
:105FC0001188BFF36F8FBFF34F8FFEE743606260AE
:105FD000FFF78AFF626819490B689B1A0B60194921
:105FE00009688B4201D217490B60134B1B6813439E
:105FF000636000232360144A13680133136002E0D6
:10600000002500E00025FFF7FDF815F0070F0ED082
:106010004FF0500383F31188BFF36F8FBFF34F8F9F
:10602000FEE70025EFE70025EDE70025EBE7284632
:1060300038BD00BF9C17002088170020981700204B
:10604000A01700209417002090170020002834D0BB
:1060500038B50446A0F1080550F8043C174A126808
:10606000134208D14FF0500383F31188BFF36F8FB1
:10607000BFF34F8FFEE750F8081C41B14FF05003BB
:1060800083F31188BFF36F8FBFF34F8FFEE723EACF
:10609000020340F8043CFFF713F854F8041C084AC4
:1060A00013680B4413602846FFF71EFF054A136868
:1060B00001331360FFF7A6F838BD7047881700203A
:1060C000981700208C17002082B0002301930D4BFD
:1060D0001B68B3F1FF3F08D04FF0500383F31188E2
:1060E000BFF36F8FBFF34F8FFEE74FF0500383F383
:1060F0001188BFF36F8FBFF34F8F019B002BFCD034
:1061000002B070475C00002006480068006880F319
:10611000088862B661B6BFF34F8FBFF36F8F00DFA1
:1061200000BF000008ED00E04FF0807340F8043C31
:1061300021F0010140F8081C034B40F80C3C40F8EA
:10614000202C4038704700BFC960000800000000E4
:10615000074B19680868B0E8F00F80F30988BFF3AF
:106160006F8F4FF0000080F311884EF00D0E7047D6
:106170009C0F00204FF0500383F31188BFF36F8F03
:10618000BFF34F8F0B4A136801331360012B00D00C
:1061900070474FF0E023D3F8043D13F0FF0FF7D022
:1061A0004FF0500383F31188BFF36F8FBFF34F8F0E
:1061B000FEE700BF5C000020094B1B6843B94FF0AD
:1061C000500383F31188BFF36F8FBFF34F8FFEE748
:1061D000013B034A13600BB983F31188704700BF7A
:1061E0005C00002000000000000000000000000033
:1061F000EFF30980BFF36F8F0D4B1A6820E9F00FA2
:1062000010602DE908404FF0500080F31188FFF72F
:10621000EDF84FF0000080F31188BDE808401968E0
:106220000868B0E8F00F80F30988BFF36F8F7047FC
:106230009C0F002008B54FF0500383F31188BFF383
:106240006F8FBFF34F8FFEF751FF28B14FF0E02360
:106250004FF08052C3F8042D002383F3118808BD4A
:106260004FF0E022002313619361054B1B68054941
:10627000A1FB03139B09013B536107231361704783
:1062800058000020D34D621010B582B02A4B1A7806
:10629000D2B20192FF221A701B78DBB28DF8033064
:1062A0009DF8033003F05003244A1370244B072257
:1062B0001A6009E0224A1368013B13609DF803301D
:1062C0005B00DBB28DF803309DF8033013F0800FD4
:1062D000F0D11B4B1B68032B08D04FF0500383F306
:1062E0001188BFF36F8FBFF34F8FFEE71B02144A75
:1062F000136003F4E0631360019BDBB20E4A13707A
:106300004FF0E023D3F8202D42F47002C3F8202D83
:10631000D3F8202D42F07042C3F8202DFFF7A0FFE4
:106320000024084B1C60FFF7EFFEFFF75FF8FFF754
:10633000CBFE204602B010BD00E400E0AC230020FC
:10634000A82300205C000020EFF305830F2B0FD95A
:10635000114A9B5CDBB2114A12789A4208D94FF07D
:10636000500383F31188BFF36F8FBFF34F8FFEE7A6
:106370004FF0E023D3F80C3D03F4E063084A1268C1
:10638000934208D94FF0500383F31188BFF36F8F06
:10639000BFF34F8FFEE77047F0E300E0AC2300202F
:1063A000A823002098B108B50346D0F8B40210B174
:1063B0000020C3F8B40209B1C3F8B012012183F878
:1063C0009C121A701846FAF7E1FC002008BD022062
:1063D000704719B1C0F8B41200207047022070470E
:1063E00008B5FAF707FD002008BD08B5D0F8B432AB
:1063F0002BB11B68984700B908BD0220FCE70220BA
:10640000FAE708B5D0F8B4325B689847002008BDB9
:1064100038B5044600F52A75284600F035F9012301
:10642000C4F89432B4F8AE32C4F8983294F8A81292
:1064300001F01F03012B08D0022B0BD07BB929469A
:10644000204600F0CFFA002038BD2946204600F053
:10645000FDFAF8E72946204600F028FBF3E701F0B3
:1064600080012046FAF7E1FCEDE738B504460D4619
:1064700091BB1346D0F89422032A03D0052A24D0D6
:10648000084633E0D0F86011D0F8642191420DD96C
:10649000891AC0F860118A4206D98AB21946204684
:1064A00000F027FC284621E092B2F7E7D0F8B4329A
:1064B0001B691BB190F89C22032A04D0204600F0EF
:1064C00020FC284612E09847F8E70021C0F8941213
:1064D000FAF7ABFC284609E0D0F8B4329B6933B137
:1064E00090F89C22032A04D19847002038BD02204E
:1064F000FCE70220FAE738B504460D46002953D1DF
:106500001346D0F89422022A0CD0042A00D01AB9DB
:1065100080212046FAF789FC94F8A032012B3ED066
:10652000284638BD026A416A8A421BD8C269B2FB5A
:10653000F1F301FB13232BB9914203D8D0F8983221
:106540009A421CD3D4F8B432DB681BB194F89C2275
:10655000032A21D080212046FAF767FC204600F06C
:10656000DBFBD9E7521A026292B2194600F0B9FB7E
:1065700000231A4619462046FAF78DFCCCE7002284
:10658000114600F0AEFB0021C4F898120B460A46F3
:106590002046FAF780FCBFE720469847DAE7002359
:1065A00084F8A0322846BCE7D0F8B4325B6933B136
:1065B00090F89C22032A04D198470020B1E70220DA
:1065C000AFE70220ADE770B5044640230022114634
:1065D000FAF718FC0125C4F858514026C4F8646144
:1065E0003346002280212046FAF70CFCA561666242
:1065F00084F89C520023C4F894326360C4F8A43237
:10660000D4F8B8322BB1D4F8B4325B6800212046FC
:106610009847002070BD01740020704790F89C32AC
:1066200080F89D32042380F89C320020704790F857
:106630009C32042B01D00020704790F89D3280F8E6
:106640009C32F8E708B590F89C32032B01D000206B
:1066500008BDD0F8B432DB69002BF8D09847F6E7D4
:106660000346002002E00130C0B201331A78002A4C
:10667000F9D1704708B54B88012B00D008BDC0F890
:10668000A43200F03EFBF9E70B7803704B784370BF
:106690008B78CA7803EB022343800B794A7903EBAA
:1066A000022383808B79CA7903EB0223C38070476E
:1066B00010B504468021FAF7B8FB00212046FAF70E
:1066C000B4FB10BD30B583B005460C460023ADF8D1
:1066D00006304A88130A013B062B00F2A480DFE84B
:1066E00003F004182CA2A2869300D0F8B0321B68E5
:1066F0000DF10601007C9847BDF806201AB1E38829
:10670000002B40F09480E388002B00F09A8003B0C7
:1067100030BD037C43B9D0F8B4329B6A0DF106005A
:10672000984702234370E7E7D0F8B432DB6A0DF1F3
:106730000600984702234370DEE7D2B2052A52D8FA
:10674000DFE802F003101D2A3744D0F8B0325B684E
:1067500023B10DF10601007C9847CDE72146FFF7F4
:10676000A7FFD4E7D0F8B0329B6823B10DF1060142
:10677000007C9847C0E72146FFF79AFFC7E7D0F8AB
:10678000B032DB6823B10DF10601007C9847B3E716
:106790002146FFF78DFFBAE7D0F8B0321B6923B16D
:1067A0000DF10601007C9847A6E72146FFF780FF20
:1067B000ADE7D0F8B0325B6923B10DF10601007C82
:1067C000984799E72146FFF773FFA0E7D0F8B0326A
:1067D0009B6923B10DF10601007C98478CE72146A7
:1067E000FFF766FF93E72146FFF762FF8FE7037C21
:1067F00033B9D0F8B4325B6B0DF1060098477BE7F4
:106800002146FFF755FF82E7037C43B9D0F8B43245
:106810001B6B0DF106009847072343706CE7214678
:10682000FFF746FF73E72146FFF742FF6FE79A4203
:1068300028BF1A46ADF806200146284600F044FA63
:1068400061E7284600F05DFA61E738B504468B88B9
:10685000F3B9CB88E3B94B887F2B19D803F07F05B8
:1068600090F89C32032B0CD080F89E522946FAF700
:1068700002FB204600F045FA35B1022384F89C3231
:1068800009E0FFF715FF06E0012384F89C3202E0DF
:106890002046FFF70DFF38BD38B504460D46897810
:1068A000284B197001290ED890F89C32022B0ED07B
:1068B000032B21D02946FFF7FBFE224B19782046F7
:1068C000FFF79FFD02E02946FFF7F2FE38BD81B1D8
:1068D0004160032380F89C32FFF787FD022803D034
:1068E000204600F00EFAF1E729462046FFF7E0FEC9
:1068F000ECE700F006FAE9E789B1436899421DD058
:10690000D9B2FFF77EFD0F4B197861602046FFF783
:106910006CFD02280DD0204600F0F3F9D6E70223E3
:1069200080F89C324160FFF76CFD204600F0E9F9E9
:10693000CCE729462046FFF7BBFEC7E700F0E1F9A8
:10694000C4E700BFAD23002008B5CB88012B0AD1D6
:1069500090F89C32022B09D9032B11D10122011D81
:1069600000F0B2F901E0FFF7A3FE08BD5BB23BB156
:106970000146002341F8083F012200F0A5F9F4E7A1
:10698000FFF796FEF1E708B590F89C32013B022B29
:1069900012D8CB88022B0CD10123C360D0F8A432CB
:1069A0000BB10323C360022200F10C0100F08CF94B
:1069B00008BDFFF77DFEFBE7FFF77AFEF8E708B5B5
:1069C00090F89C32013B022B09D84B88012B00D058
:1069D00008BD0023C0F8A43200F093F9F8E7FFF7F0
:1069E00067FEF5E708B50B7803F06003202B05D0B0
:1069F000402B03D043B1FFF75BFE03E0D0F8B43285
:106A00009B689847002008BD4B78092B1BD8DFE80E
:106A100003F011171A141A08051A0E0BFFF752FE8D
:106A2000F0E7FFF712FFEDE7FFF736FFEAE7FFF7C2
:106A30008BFFE7E7FFF7A7FFE4E7FFF71BFEE1E7C0
:106A4000FFF7BDFFDEE7FFF733FEDBE738B50546AE
:106A50000C460B7803F06003202B06D0402B04D0AB
:106A60001BB1FFF725FE002038BD95F89C32013B95
:106A7000022B16D82379012B0ED8D5F8B4329B6897
:106A8000214628469847E388002BECD10028EAD11C
:106A9000284600F036F9E6E721462846FFF708FECB
:106AA000E1E721462846FFF703FEDCE770B505461F
:106AB0008B880C7804F06004202C07D0DAB2402CCC
:106AC00004D05CB1FFF7F4FD002405E0D5F8B43242
:106AD0009B68284698470024204670BD202C09D08A
:106AE0004E78012E33D0032E0AD0002E55D0FFF75A
:106AF000DFFDF1E7D0F8B4329B6898470446EBE736
:106B000090F89C32022B04D0032B11D0FFF7D0FD5C
:106B1000E2E70AB1802A03D12846FFF7C9FDDBE787
:106B20001146FAF782F980212846FAF77EF9D3E771
:106B30004B8823B91AB1802A01D0CB881BB12846D3
:106B400000F0DFF8C8E71146FAF76FF9F7E790F8B9
:106B50009C32022B04D0032B11D0FFF7A9FDBBE719
:106B60000AB1802A03D12846FFF7A2FDB4E71146F7
:106B7000FAF75BF980212846FAF757F9ACE74B881A
:106B8000002BA9D112F07F0F03D1284600F0B9F8ED
:106B9000A2E71146FAF751F9F7E790F89C020228AC
:106BA00006D0032829D02846FFF782FD344693E714
:106BB0000AB1802A13D113F0800F15D102F07F02A1
:106BC00002EB8202910001F5A871294404310023EF
:106BD0000B600222284600F077F834467CE728460E
:106BE000FFF766FD344677E702F07F0202EB820290
:106BF0009100103129440431E9E75BB2002B1FDB1F
:106C000002F00F0000EB800005EB8000D0F8580187
:106C100020B3002B27DB02F07F0303EB83039C00F0
:106C200004F5A8742C4404340AB1802A24D100232A
:106C3000236002222146284600F046F834464BE7FE
:106C400002F00F0000EB800005EB80008069002857
:106C5000DFD12846FFF72CFD34463DE72846FFF7F5
:106C600027FD344638E702F07F0303EB83039C00E3
:106C700010342C440434D7E711462846FAF7E5F8D7
:106C800010B101232360D4E700232360D1E7D0B102
:106C900070B50D4616460446FFF7E2FC431C5B0048
:106CA0009BB233802B7003236B70022307E0013407
:106CB0005A1CD2B2E8540233DBB20021A954207826
:106CC0000028F4D170BD704708B513460222C0F801
:106CD0009422C36103620A460021FAF7D4F8002027
:106CE00008BD08B513460A460021FAF7CCF8002083
:106CF00008BD08B513460A460021FAF7CCF8002073
:106D000008BD08B50423C0F8943200231A4619467A
:106D1000FAF7B9F8002008BD08B50523C0F8943289
:106D200000231A461946FAF7B6F8002008BD0000FD
:106D300022230380004870470001002022230380A3
:106D400000487047DC000020222303800048704781
:106D5000B8000020D0F8B832002018737047000047
:106D60000A23038000487047A000002070B582B05D
:106D7000D0F8B8520023ADF806300C7814F0600457
:106D800025D0202C72D14B78023B092B1BD8DFE891
:106D900003F014091A1A1A1A1A1A0F058B782B60A5
:106DA000002466E001222946FFF78EFF002460E000
:106DB0004B881B0A6B6000245BE00122291DFFF752
:106DC00083FF002455E0FFF773FC022451E04E7866
:106DD0000B2E47D8DFE806F00646464646461546DF
:106DE00046462D3B90F89C32032B03D0FFF760FC06
:106DF00002243EE002220DF10601FFF765FF344652
:106E000037E04B881B0A222B09D0212B0DD1CA88D1
:106E1000092A28BF09221849FFF756FF29E0CA8826
:106E20003F2A28BF3F221549F6E7FFF741FC02241D
:106E30001FE090F89C32032B03D0FFF739FC0224AB
:106E400017E0012205F10801FFF73EFF11E090F87D
:106E50009C32032B02D18B78AB600AE0FFF728FC51
:106E6000022406E0FFF724FC022402E0FFF720FCE6
:106E70000224204602B070BDAC000020600000205B
:106E800010B504468121F9F7C8FF0023E362D4F866
:106E9000B80220B1FAF70CF80023C4F8B832002089
:106EA00010BD10B50446082303228121F9F7AAFF7B
:106EB0000123E3621020F9F7F7FFC4F8B80218B114
:106EC00003460020187310BD0220FCE710B5D0F86F
:106ED000B84290F89C32032B01D0002010BD237BD8
:106EE000002BFAD10123237313460A468121F9F7B7
:106EF000CAFFF2E7F0B585B0002400940194029433
:106F000003940E23009301260196022703971B4D3D
:106F100069462846FCF7D2FD70230093019402963F
:106F200069462846FCF7CAFD324639462846FCF732
:106F3000DAFE324604212846FCF7D5FE3246082107
:106F40002846FCF7D0FE214612E001EB41020C4C32
:106F500014440020E0540B4C1444E0541A440A4CEE
:106F600044F822000133DBB2022BEED90131C9B261
:106F7000022901D80023F7E705B0F0BD0008014061
:106F8000E0230020D4230020B0230020F0B583B0FC
:106F9000FCF7BCF9064600256CE000223F4B33F8B5
:106FA00014103F48FCF79FFE0134E4B2022C09D8CC
:106FB000A542F2D00122394B33F814103848FCF7BF
:106FC00092FEF1E70023019302E0019B013301935C
:106FD000019B632BF9D900240BE003EB43023A44F5
:106FE000DFF8C0C05CF82220B21A132A24D801347A
:106FF000E4B2022C3CD827462B4B33F81410284817
:10700000FCF76AFEB0FA80F149092B4605EB450012
:10701000264A0244105D884222D005EB45022244F4
:10702000DFF880C05CF82220002AD6D105EB4502AB
:1070300022444CF82260D0E703EB43031C4A1A4475
:10704000D0551A4A1A44D155D81962464FF0000C4F
:1070500042F820C0174A1344D85DF9F76FFCC6E721
:1070600005EB450323440F4A002142F82310BEE7F5
:107070000135EDB2022D01D8002497E7002408E085
:107080000122064B33F814100548FCF72CFE01349E
:10709000E4B2022CF4D903B0F0BD00BFF08B0008BD
:1070A00000080140B0230020E88B0008E023002006
:1070B000D4230020DC8B00080146A8B100230B4A32
:1070C00012789A4206D90A4AD25C8A420CD001331D
:1070D000DBB2F4E7052A07D8054B9954054B134456
:1070E00099700132014B1A70704700BFE9230020EC
:1070F000EC230020FC230020844620B30023124A06
:1071000012789A421FD91149C95C61450FD00133E9
:10711000DBB2F4E7581C0D4911F800C001F803C0B8
:107120000B4908448078194488700133DBB2511E42
:107130008B42EFDB0020054B5854054B0B449870F5
:10714000014B197070477047E9230020EC230020A1
:10715000FC23002010B5082208490948F9F70AF96C
:1071600000B910BD064C082221460648FFF7AEFEC6
:10717000024B94E8030083E80300F2E7F4230020C5
:10718000FC230020AC02002008280BD808B5064BD1
:10719000185C21B1FFF790FFFFF7DCFF08BDFFF798
:1071A000ABFFF9E7704700BFF88B000800B58DB062
:1071B0002422002103A8F9F717F800230193029372
:1071C00013484FF080420260436083604FF6FF72C5
:1071D000C260036183610323039301230593099331
:1071E0000A230B9303A9F9F7BDFF50B900230193BC
:1071F000029301A90648FAF785F828B90DB05DF8A1
:1072000004FBF9F7F1F8F1E7F9F7EEF8F6E700BF5C
:107210000424002000B589B000230493059306934D
:1072200007930368B3F1804F02D009B05DF804FB07
:1072300003F50433DA6942F00102DA61DA6902F037
:1072400001020192019A9A6942F004029A619A69D4
:1072500002F004020292029A9A6942F008029A61CC
:107260009B6903F008030393039B4FF400430493CB
:1072700004A90B48FCF722FC082304930023059380
:10728000069304A90748FCF719FC074A536823F43E
:10729000407343F0E06343F480735360C5E700BF7D
:1072A00000080140000C01400000014014390C2985
:1072B00008D8DFE801F02F0707161A1F070707078E
:1072C00007072F00002070471448017801F1010CD6
:1072D00080F800C013F801CB114800F801C0013A52
:1072E000D2B2002AF0D1012070470C4B00221A7054
:1072F0000120704700B583B064230093074B1B78CF
:10730000074A78210748FCF7C9FF28B9012003B0D4
:107310005DF804FB012070470020F8E76C24002092
:107320004C24002010020020292901D001207047A0
:1073300008B51046FBF7F0FF012008BD2DE9F0412C
:1073400082B080460F4614461E469DF8205001EB41
:10735000030C5319DBB200935FFA8CF300F0A4FF27
:1073600060B90DE00022009233462246394640467D
:1073700000F0F3FE0134E4B2013DEDB2002DF1D195
:1073800002B0BDE8F0812DE9F04F87B080460C4691
:1073900092469DF840609DF84470039104931C440C
:1073A000E4B29519EDB20095234600F07DFF10B9C7
:1073B00007B0BDE8F08F039A02EB07095FFA89F97D
:1073C0000AEB070B5FFA8BFBE41BE4B2013CE4B26F
:1073D000ED1BEDB2013DEDB2022300933B465A4650
:1073E0004946404600F0CAFA012300933B465A46FC
:1073F0002146404600F0C2FA042300933B462A4649
:107400004946404600F0BAFA082300933B462A4614
:107410002146404600F0B2FA049BDB1BDBB2DB1BCB
:10742000DBB209F101095FFA89F90BF1010B5FFA8F
:107430008BFB022B0FD8F61BF6B2F61BF6B2022E10
:10744000B6D9023EF6B20096049B5A4603994046CE
:10745000FFF774FFACE7023BDBB27C1CE4B20094A4
:107460000593524649464046FFF768FF0094059B46
:107470002A4649464046FFF761FFDCE710B582B077
:1074800003681B7C846B03FB01F1C90089B20C44C7
:107490000094002101F05EFA02B010BD2DE9F04128
:1074A000064690F83C7090F83D50036893F81180C0
:1074B00000242A4621463046FFF7E0FF0134E4B2BB
:1074C0000135EDB2A74201D9A845F2D8BDE8F08157
:1074D00008B503681B7C90F83C2003FB02F2D20045
:1074E0000021806BF8F780FE08BD10B50446FFF759
:1074F000D5FF204601F054FA10BD2DE9F84380462F
:107500000F4691461C469DF820609DF8245015F0CA
:10751000010F0AD115F0020F16D115F0080F24D172
:1075200015F0040F32D1BDE8F883B21A5918D2B25F
:10753000C9B200F080FEF21B04EB0901D2B2C9B25D
:10754000404600F078FEE5E7A6EB0902E11BD2B267
:10755000C9B2404600F06FFEF21BA4EB0901D2B2A3
:10756000C9B2404600F067FED7E706EB0902E11911
:10757000D2B2C9B2404600F05EFEBA1904EB09016E
:10758000D2B2C9B2404600F056FEC9E706EB090286
:10759000E11BD2B2C9B2404600F04DFEBA19A4EBCD
:1075A0000901D2B2C9B2404600F045FEBBE72DE961
:1075B000F04F85B00390894692461E469DF838B03C
:1075C000C3F1010464B2C3EBC3184FEA48084FFA91
:1075D00088F8CDF804B000920B4632460021FFF740
:1075E0008CFF002501271AE0013EF6B208F10208DF
:1075F0005FFA88F34FFA88F823445CB20135EDB2A4
:107600000237FBB27FB223445CB2CDF804B0CDF8B0
:1076100000A04B46324629460398FFF76EFFB5425D
:1076200002D2002CE0DAE9E705B0BDE8F08F2DE9E1
:10763000F84380460C4617461D469DF820909DF85D
:10764000246016F0010F0AD116F0020F1BD116F0BC
:10765000080F2DD116F0040F3BD1BDE8F883531C61
:10766000A9EB02026918DBB2D2B2C9B200F0DBFDAD
:10767000631CA9EB0402E919DBB2D2B2C9B24046DD
:1076800000F0D1FDE0E77B1CA9EB0702291BDBB270
:10769000D2B2C9B2404600F0C6FD631CA9EB040299
:1076A000E91BDBB2D2B2C9B2404600F0BCFDCEE766
:1076B0007B1C2919DBB24A46C9B2404600F0B3FD33
:1076C000631CE919DBB24A46C9B2404600F0ABFD83
:1076D000C0E77B1C291BDBB24A46C9B2404600F01A
:1076E000A2FD631CE91BDBB24A46C9B2404600F06A
:1076F0009AFDB2E72DE9F04F85B003908946924696
:107700001E469DF838B0C3F1010464B2C3EBC31840
:107710004FEA48084FFA88F8CDF804B000920B46BB
:1077200032460021FFF783FF002501271AE0013EC2
:10773000F6B208F102085FFA88F34FFA88F823449A
:107740005CB20135EDB20237FBB27FB223445CB2CA
:10775000CDF804B0CDF800A04B4632462946039838
:10776000FFF765FFB54202D2002CE0DAE9E705B089
:10777000BDE8F08F2DE9F8430746884614461E46BB
:107780009DF820909DF8245015F0010F0AD115F0B6
:10779000020F11D115F0080F1AD115F0040F21D1E5
:1077A000BDE8F883531CA9EB02027118DBB2D2B218
:1077B000C9B200F038FDEAE7631CA9EB0402A6EBAE
:1077C0000801DBB2D2B2C9B2384600F02CFDE1E7C5
:1077D000631C06EB0801DBB24A46C9B2384600F02A
:1077E00022FDDAE7631CA6EB0801DBB24A46C9B208
:1077F000384600F018FDD3E72DE9F04F8DB0059025
:10780000069107921F469DF8581003919DF85C3031
:107810000893099707FB07F24FEA420A1FFA8AFA10
:107820000A9101FB01F30B934FEA430B1FFA8BFB09
:10783000C7F101039BB2DB1B9BB201FB03F39BB2BD
:1078400001FB03F30FFA83F913B204930BFB07F860
:107850000FFA88F800252C462E46A84527DB089B02
:107860000193079B0093069B324639460598FFF724
:1078700081FF0136F6B255442DB2BDF810301C44DC
:10788000A2B224B253441BB2049309EB4403002B6D
:10789000E3DD013FFFB2A8EB0B080FFA88F81FFAEF
:1078A00089F94A4414B2D9440FFA89F9D5E7BDF9E8
:1078B0002C400A9AC2F101039BB29B1A9BB2099910
:1078C00001FB03F39BB203FB01F636B202FB0AF99C
:1078D0000FFA89F900273D46B8464F4527DC089B3B
:1078E0000193079B0093069B039A41460598FFF777
:1078F00041FF08F101085FFA88F85F443FB2A4B283
:107900002544ABB22DB25C4424B206EB4502002AFA
:10791000E3DD039A013AD2B20392A9EB0A090FFA06
:1079200089F9B6B233441DB2564436B2D5E70DB02C
:10793000BDE8F08F2DE9F04182B080460E46174633
:107940001D46CB18DBB2AC18E4B20133521B491B05
:107950000134E4B20094DBB2D2B2C9B200F0A4FCAC
:1079600010B902B0BDE8F0819DF8203000932B469D
:107970003A4631464046FFF71AFEF2E72DE9F0415C
:1079800082B080460E4617461D46CB18DBB2AC18B7
:10799000E4B20133521B491B0134E4B20094DBB260
:1079A000D2B2C9B200F080FC10B902B0BDE8F081DB
:1079B0009DF8203000932B463A4631464046FFF76B
:1079C00099FEF2E72DE9F04383B080460D46164656
:1079D0001F469DF82890CB18DBB202EB0904E4B2F5
:1079E0000133A2EB0902C91B0134E4B20094DBB2FB
:1079F000D2B2C9B200F058FC10B903B0BDE8F083B0
:107A00009DF82C300193CDF800903B463246294634
:107A10004046FFF7F1FEF0E7082303700048704787
:107A20007024002030B585B004460D4600931346FF
:107A3000084A094900F0D8FF0DF10F00FFF7ECFFED
:107A400001460095054B9DF80F20204600F095FD5E
:107A500005B030BDFD860008A9880008A383000892
:107A6000405C70474218435C507800EB032080B2C2
:107A70007047012B05D0022B06D043B91044C0B289
:107A800070470844C0B27047801AC0B27047401AAD
:107A9000C0B27047012B05D0022B06D043B9084471
:107AA000C0B27047801AC0B27047401AC0B2704767
:107AB0001044C0B270470020704738B504460D46E8
:107AC00000212846FFF7CCFF207001212846FFF750
:107AD000C7FF607002212846FFF7C2FFA070032194
:107AE0002846FFF7BDFFE07004212846FFF7B8FFE6
:107AF000207105212846FFF7B3FF60710621284653
:107B0000FFF7AEFFA07107212846FFF7A9FFE0713C
:107B100008212846FFF7A4FF207209212846FFF715
:107B20009FFF60720A212846FFF79AFFA0720B217F
:107B30002846FFF795FFE0720C212846FFF790FFDB
:107B400020730D212846FFF78BFF60730E21284616
:107B5000FFF786FFA0730F212846FFF781FFE07330
:107B600010212846FFF77CFF207411212846FFF7DB
:107B700079FF608213212846FFF774FFA082152148
:107B80002846FFF76FFFE08238BD30B5024690F817
:107B90000AE00468207840FA0EF05FFA80FC0EEBF1
:107BA0000103DBB2072B0FD9CEF1080E5FFA8EFE70
:107BB000651C156094F801C00CFA0EFC4CEA000C30
:107BC0005FFA8CFC083BDBB24FF0FF3088409372C9
:107BD0002CEA000030BD38B5044600F15805816537
:107BE000002380F8623090F86C102846FFF7CDFF34
:107BF00084F8600094F86D102846FFF7C6FF84F8FB
:107C0000610094F8863084F86430B3FA83F35B093A
:107C100084F8653038BD10B50C46FFF7B6FF013C5F
:107C2000E4B20123A340C01A40B210BD2DE9F04FC9
:107C300089B005468A46079290F95E305FFA83FB69
:107C400090F95F20D3B2039319E0CDF814A01FE0A0
:107C500095F8643085F886300097059B069928468C
:107C600000F07BFAB2453CD3ABEB040454445FFA1A
:107C700084FA039B0133DBB203934FF0000B95F9B9
:107C80006040E4B2A4EB0B06F6B2B245DDD3059634
:107C900095F85D904FFA8BF19DF90C8095F8667020
:107CA0003B464246049195F85C00FFF7F3FE0690D0
:107CB0003B46424604994846FFF7DBFE0246079BD7
:107CC000002BC5D195F86330002BCBD195F86530EA
:107CD00085F886300097059B0699284600F03DFA06
:107CE000C0E70AEB0B0385F85E3085F85F8009B0CA
:107CF000BDE8F08F2DE9F04F85B0044600F158053E
:107D0000FFF769FF94F9617094F86E102846FFF749
:107D100082FF814694F86F102846FFF77CFF0646E5
:107D200094F870102846FFF776FF029094F960806F
:107D3000B8F1000F59DD5FFA87FA5644F6B2764281
:107D400076B294F866B05B463246CDF80C90494660
:107D500094F85C00FFF79EFE814684F85C005B4669
:107D60003246039994F85D00FFF783FE024684F8DB
:107D70005D00BBF1030F69D8DFE80BF0023B495C03
:107D80005FFA88F34B44DBB25044C0B200904946DE
:107D9000204600F089FA40B3002384F85E3084F86E
:107DA0005F3094F86A102846FFF7EFFE804694F89B
:107DB0006B102846FFF7E9FE0646002241462046A2
:107DC000FFF734FF012231462046FFF72FFF012144
:107DD0002846FFF7DAFE0028EFD194F95F30BB4266
:107DE000DFDB94F8643084F88630029805B0BDE893
:107DF000F08FA9EB0A01C9B2013109F10103DBB22D
:107E00005FFA88F01044C0B25FFA81F9BEE75FFA0A
:107E100088F1A9EB0101C9B2013109F10103DBB21B
:107E2000A0EB0A06F6B201360130C0B2F2B25FFA38
:107E300081F9ABE7CA445FFA8AF35FFA88F1411A25
:107E4000C9B201310130C0B2CAB29FE74B469DE7CB
:107E500070B50E46046D1734FF2913D8602903D975
:107E6000B0F87C301C4406E0402904D9B0F87A30E0
:107E70001C4400E01C44637803B32278B242F9D179
:107E8000A01C1CE0B0F87E301C442546002128468A
:107E9000FFF7E8FD044402212846FFF7E3FD04351F
:107EA0008642F3D801E0A3781C442278637853EA31
:107EB000022305D09E42F6D1E01C00E0002070BDF8
:107EC0000020FCE710B5044680F85C1080F85D20C7
:107ED0001946FFF7BDFF28B101462046FFF70AFF0C
:107EE000C0B210BD0020FCE738B50446FFF7B0FF74
:107EF000B8B101462046FFF76EFE04F1580594F82C
:107F00006E102846FFF787FE84F8840094F86F10FF
:107F10002846FFF780FE94F870102846FFF77BFE96
:107F200038BD0020FCE7F8B505460C46002680F871
:107F3000606000F04DFB37466B6821782846984713
:107F40004FF6FF7398420CD001344FF6FE739842FF
:107F5000F2D001462846FFF7C7FFC7B23E44F6B24B
:107F6000EAE795F9603043B1F71BFFB2DBB23B445F
:107F7000DBB295F884601E44F6B23046F8BDF8B521
:107F800004460D4616461F4690F86630032B07D868
:107F9000DFE803F0020D1217436D98473044C6B274
:107FA0003B46324629462046FFF78CFFF8BD436D1D
:107FB0009847281AC5B2F3E7436D9847301AC6B2FE
:107FC000EEE7436D98472844C5B2E9E72DE9F04153
:107FD00004460F4616461D4600F0FAFA4FF0000818
:107FE00004E00744FFB240445FFA80F863682978F0
:107FF000204698474FF6FF72904222D001354FF647
:10800000FE729042F2D00346324639462046FFF7D0
:10801000B6FF94F86630032BE5D801A252F823F09E
:10802000E37F000831800008378000083D800008A9
:108030000644F6B2D7E73F1AFFB2D4E7361AF6B2D3
:10804000D1E74046BDE8F08110B5024C4460FFF72F
:10805000BDFF10BDBB850008036D73B390F975209B
:1080600080F8822090F9763080F8833090F8811083
:1080700019B3012914D000B590F9721090F974C0A9
:1080800001EB0C0E724505DAC9B25FFA8CF21144AD
:1080900080F88210634501DD80F883C05DF804FB41
:1080A00090F977108A4201DA80F8821090F97820EE
:1080B000934202DD80F8832070477047014B43658F
:1080C000704700BFB77A0008036D8B4209D010B526
:1080D000044601656830FFF7F0FC2046FFF7BCFF5F
:1080E00010BD704708B5024B4360FFF71CFF08BD89
:1080F000BB85000800B590F800E091F800C0F4449A
:108100005FFA8CFCE64505D99E4513D203F1FF3C8E
:108110005FFA8CFC9E450FD294450FD9964500D34B
:1081200072469C4500D8634602709B1A0B70012072
:108130005DF804FB9646EDE70020F9E70020F7E73D
:1081400030B583B090F84040121B046B9DF8185076
:108150000095D2B2A04703B030BD70B584B00446DC
:108160009DF820008DF80F108DF80E208DF80D3041
:1081700094F880305BB39DF80D3043B3012B03D9E5
:10818000022826D003282DD010F0010534D194F810
:1081900047209DF80E309A4219D894F8482093420F
:1081A00015D294F8463094F845200DF10D010DF1EB
:1081B0000F00FFF79FFF50B1636B9E6800959DF81D
:1081C0000D309DF80E209DF80F102046B04704B0EA
:1081D00070BDCAB2D31ADBB28DF80F3001338DF8FF
:1081E0000F30D1E79DF80E20D31ADBB28DF80E3098
:1081F00001338DF80E30C7E794F845209DF80F3015
:108200009A42E4D894F846209342E0D294F8483059
:1082100094F847200DF10D010DF10E00FFF76AFFF4
:108220000028C9D1D3E710B582B001240094FFF72C
:1082300094FF02B010BD90F8473093420BD890F8ED
:108240004830934207D990F845308B4203D890F8D4
:1082500046308B4200D8704700B583B000230093AE
:108260000123FFF77AFF03B05DF804FB80F8861066
:10827000022902D9012380F8863070478A4205D24C
:10828000834209D89A4209D901207047834207D90D
:108290009A4207D90120704701207047002070479B
:1082A000002070470020704770B504460D461E46FA
:1082B0009DF8103090F8481090F84700FFF7DEFF67
:1082C00038B133462A4694F8461094F84500FFF733
:1082D000D5FF70BD2DE9F04F83B0814617461E468D
:1082E0009DF83040994229D9A1EB03085FFA88F83C
:1082F000A74228D9A7EB040A5FFA8AFAD04527D308
:108300005346C2469846234634461E463B460F46D1
:1083100019464FF0000BA74205D833460E461946C2
:1083200023463C461F464AF347058E4213D201239B
:108330000193FF2F20D1013FFFB21DE0A3EB010805
:108340005FFA88F8D4E7A4EB070A5FFA8AFAD5E760
:108350004FF0010BDFE74FF0FF330193E9E72246CF
:1083600031464846FFF767FFA5EB0805EBB26DB253
:10837000002D0CDB0134E4B2A7420FD3BBF1000F98
:10838000EDD1324621464846FFF755FFECE79DF810
:1083900004203244D6B253445DB2EBE703B0BDE8EB
:1083A000F08F70B59DF8105002F0070E4FF0010CE1
:1083B0000CFA0EFC5FFA8CFC90F88660012E18D93E
:1083C0000024012E17D002F0F8020668367C02FB6A
:1083D0000611826B1144DDB90A782243D2B20A70C9
:1083E00082EA0C0201F8012B013B13F0FF03F3D1E9
:1083F00070BD6446E5E74FF0000CE4E701241CE0A3
:108400006400E4B24FEA4C0C5FFA8CFC002BEFD016
:108410000A782243D2B20A7082EA0C020A700EF184
:108420000102013BDBB212F0070EE9D190F83E20C9
:10843000114490F88620012AE0D9012AE6D04FF0B5
:10844000010CE3E710B5016890F83C20D30080F8F8
:108450003F300B7C1F2B00D91F23DB0080F83E3000
:1084600090F83DE04FEACE03DBB280F8403002EBFB
:108470000E0491F811C0644503DDACEB0E0C5FFAFD
:108480008CF2D200D2B280F8413080F842301344EE
:1084900080F84230F02380F843308B8AF02B01D8EB
:1084A00080F84330CB8A80F8443010BD08B5FFF720
:1084B000C9FF08BD10B582B0044690F84C30009357
:1084C00090F84A3090F84B2090F84910FFF7ECFEF6
:1084D00020B9002384F8803002B010BD012384F855
:1084E000803094F8452094F849309A4201D284F8BB
:1084F000453094F8462094F84A309A4201D984F8DD
:10850000463094F8472094F84B309A4201D284F8D0
:10851000473094F8482094F84C309A42DCD984F8DB
:108520004830D9E708B5002280F8452090F843206C
:1085300080F8462090F8412080F8472090F84220AB
:1085400080F84820FFF7B6FF08BD10B582B09DF84F
:1085500010400094FFF7F4FD02B010BD08B50022F2
:1085600080F8492080F84B20FF2280F84A2080F8CC
:108570004C20436B5B68984708BD70B50446049E69
:10858000002505650363816380F83C2080F83D5039
:1085900080F8635080F88550012380F8863080F899
:1085A00087304663336898472046FFF7D7FF204659
:1085B000FFF784FD84F8665070BD084611B10A29A2
:1085C00003D070474FF6FF7070474FF6FF7070474B
:1085D000002380F82730704710B5134604690A4617
:1085E0001721A04710BD00B583B08DF807100DF11D
:1085F00007020121FFF7F0FF03B05DF804FB10B59F
:10860000046900231A461821A04710BD10B504695B
:1086100000231A461921A04710BD70B504460D4627
:108620001646FFF7ECFF40212046FFF7DCFF3346FC
:108630002A46172120462569A8472046FFF7E6FF6E
:1086400070BD10B50A46C46800231521A04710BDAF
:1086500010B50A46C46800231621A04710BD10B506
:108660001346C4680A461721A04710BD10B5C46858
:1086700000231A461821A04710BD10B5C468002376
:108680001A461921A04710BD70B582B006460D46A6
:1086900009E015292FD322788DF80720F4680023EC
:1086A0003046A04702352C4614F8011B192910D872
:1086B000182919D21629ECD917291CD123788DF83D
:1086C00007300DF1070201213046FFF7C8FF0235E0
:1086D000E9E7FE290FD122788DF8072029213046BD
:1086E00000F065F90235DEE7F56800231A463046EA
:1086F000A8472546D7E702B070BD0000F8B505468B
:1087000014461E46A1F1140CBCF1050F56D8DFE843
:108710000CF03703181D454A294B1B7873B92846BE
:10872000FFF76DFF00212846FFF75DFF2146284631
:10873000FFF759FF0120224B1870F8BDFFF766FFC5
:10874000EDE71146FFF74FFF0120F6E71C4B1B78C2
:1087500053B1FFF75BFF07E0324618212846FFF7C9
:108760005CFF183CE4B21836182CF5D83246214686
:108770002846FFF752FF124B00221A700120DCE757
:1087800090F82430FF2B05D02F6933462246284627
:10879000B847D2E7782380F82430F5E7084B002269
:1087A0001A700120C9E7064B1B7823B9044B00223D
:1087B0001A700120C1E7FFF729FFF7E70020BCE7A7
:1087C00070280020F8B5064615461C460B390429CA
:1087D00060D8DFE801F0035F0E21300022B92E4996
:1087E000FFF752FF012025E02C49FFF74DFF012044
:1087F00020E042B92A49FFF747FF33689B7C86F89F
:108800002230012016E02749FFF73EFF3368DB7C6A
:1088100086F8223001200DE0FFF728FF8121304645
:10882000FFF70FFF29463046FFF712FF3046FFF7EC
:1088300024FF0120F8BDFFF719FF6379DB00DBB2ED
:1088400096F822701F44FFB240213046FFF7F9FE30
:10885000390941F010013046FFF7F3FE07F00F0130
:108860003046FFF7F5FEA17941F0B0013046FFF741
:10887000EFFE2179C900226801F0F8013046FFF7C8
:10888000EEFE6A1E12F0FF05F3D13046FFF7F5FE4B
:108890000120CFE70020CDE7949200088C920008D9
:1088A000849200087C92000838B505460C46FFF714
:1088B00089FF90B9092C0AD00A2C0FD1284600F064
:1088C00018F807492846FFF7DFFE012006E00549B2
:1088D000284600F009F8012000E0012038BD00BF63
:1088E0009C9200086492000801608B7C80F8223022
:1088F000704710B5044600231A462821D0F814C04A
:10890000E04700231A4614212046D4F80CC0E04763
:1089100001224B21204600F04AF823681A792921C8
:10892000204600F044F800224B21204600F03FF89A
:1089300023681A792921204600F039F801224B21B9
:10894000204600F034F823685A792921204600F0A7
:108950002EF810BD10B582B08DF805108DF80620E8
:108960008DF80430049B009384686B4601220F212C
:10897000A04702B010BD10B5846800231A46092133
:10898000A04710BD10B5846800231A460A21A047ED
:1089900010BD10B50A46846800230B21A04710BD06
:1089A00010B5846800231A461021A04710BD10B5E9
:1089B00044690023A04710BD0020704700230360D6
:1089C000084A8260C2600261426180F8233080F808
:1089D000263080F827308361FF2380F8243080F828
:1089E00029307047B9890008F8B504460F46164685
:1089F0001D46FFF7E3FFA760E6602561069B636104
:108A00002046FFF7B8FFF8BDFBF704FD0B480C4903
:108A10000C4A002302E0D458C4500433C4188C42DA
:108A2000F9D3094A094C002301E013600432A24241
:108A3000FBD3F7F7B1FBF7F71CFD704700000020F0
:108A40005C010020E49200085C01002074280020F2
:108A5000FEE70000F8B500BFF8BC08BC9E467047B2
:0C8A6000F8B500BFF8BC08BC9E4670478B
:108A6C00788A0008808A00088C8A00085265747520
:108A7C00726E0000506F6D6F646F726F00000000BB
:108A8C0053657474696E67730000000067756945FF
:108A9C0076656E745175657565000000656E636F63
:108AAC006465725461736B006775695461736B0014
:108ABC006B6579626F6172645461736B00000000C6
:108ACC0053544D33322048756D616E20696E746558
:108ADC00726661636500000053544D6963726F6583
:108AEC006C656374726F6E6963730000484944204F
:108AFC00436F6E666967000048494420496E74658F
:108B0C00726661636500000049444C45000000003A
:108B1C00546D725100000000546D72205376630046
:108B2C00988A00080000000000000000000000000F
:108B3C000000000000000000A88A000800000000EF
:108B4C000000000000000000000000000002000017
:108B5C00080000000000000000000000B48A0008BB
:108B6C0000000000000000000000000000000000F9
:108B7C0000020000080000000000000000000000DF
:108B8C00BC8A00080000000000000000000000008B
:108B9C0000000000000200001800000000000000AF
:108BAC00000000000102000002030405060708098A
:108BBC000A0B0C0D0E0F1010000000000102030434
:108BCC000000000000000000010203040607080971
:108BDC000001020304050607080000001000200035
:108BEC004000000002000400080000001E1F2021AD
:108BFC0022232425260000005F0003030404030540
:108C0C0005100FFEFD0BFD0BFE01C204670636209E
:108C1C0005008C142109B28514074ACC00220843A4
:108C2C00BD15112D012316A784789160241809997C
:108C3C0022C148C8140946829118002417D77C78A1
:108C4C00C18A24328A5062C4222D42094D2292627A
:108C5C000C00251FBC845DC2A084284A1445A29236
:108C6C00505814138724C190281812C56292605072
:108C7C0004261BBC847D7480482C128BE2903984B2
:108C8C00340A8D42329A70442B954400270641BD1C
:108C9C001304280DD47475A19028A4B7982C182906
:108CAC000ED47415C1982C26D229244A032A0B55AC
:108CBC00B4562929934C21002B0B778C78E1B45BAB
:108CCC00380D002C085275141609002D07249C151C
:108CDC0087002E06328514062F0DB48475996249CF
:108CEC00B1A4580C00300DB7845833891ABF49D43D
:108CFC0046003109B58558129AFE44320DB78438B6
:108D0C0024514DAAA8DBE1103310B7843824514DFF
:108D1C002A9491A534D284043411B78498C2B588AE
:108D2C002C220A894292A354483511B784389652A2
:108D3C00386524994A69A40909003610B784582467
:108D4C00118D2A59A9B195242400370FB784180F17
:108D5C00C1484C2A942A4AD5003811B78438A4113A
:108D6C008D6689912236A61105003910B7845814E6
:108D7C00518DADB222A5914424003A077285142678
:108D8C00033B09927514268B04003C0A778CD8C1DE
:108D9C00D1F272003D08379C1877C0013E0A778CDF
:108DAC0018E14D8B61003F0EB684371411492853DE
:108DBC008C033501401DBD849ED6E148369228496E
:108DCC00482A149188229268992849867248EC2086
:108DDC00024117BA849B72881C101147C4A1684CBD
:108DEC001813DAA2A2A864464215B9841A37259939
:108DFC004826523B0925428950223B8C004317BA26
:108E0C00847B95C850229E03E61039440E9183C48E
:108E1C0091A1AC044419BB841C87A070241589252E
:108E2C00628958229688255291707288014517B92B
:108E3C00841A078950228D885244C1A228284A914D
:108E4C00468407024617B9841A078950228D885226
:108E5C0044C1A228280ACA01622A004719BB847C93
:108E6C0095D050248EC8011139480E129E4552D10E
:108E7C006C488A004818BB841C348A542415494514
:108E8C0052D1412415494552915442234909B48584
:108E9C00171491FE424A0EB7847944A95E4412918C
:108EAC0024B4064B18BB841C249230288B8AC292A3
:108EBC0038A02C998A86B29970422A4C17B9841A18
:108ECC006439400E9003E40039400E9046A411E141
:108EDC0081004D24BD841E54CA74341D4564115147
:108EEC00441611456411514812128524215148121F
:108EFC0012C5544622024E1CBB841CD3C934440CEC
:108F0C004566A1902C1413A54D4241527414968CB5
:108F1C0023004F18BB847CC5D9482A9103E8003A3A
:108F2C00800EA0032452D16C58035017B9841A87B1
:108F3C00906C22940825B2894D0E9003E4003115F3
:108F4C0000511FEB6C7CC5D9482A9103E8003A808C
:108F5C000EA0CC2422896844AC8344E1491C300126
:108F6C005217BB841C87A06C269409658A569950AD
:108F7C002654134A6A13005312B9845A94C84C22CB
:108F8C008D482364E7319152025417BA841B87929F
:108F9C0068A62D2887C82172881C2287C801340036
:108FAC005518BB841CC48938240E8943E29038249C
:108FBC000E8943E298305A035619BA841BB489348B
:108FCC00248DC982B2A02C2A094BC29238400E11B2
:108FDC00025724BD841E14CA44260BC96421992C43
:108FEC0026894882928824288948829288242A13C8
:108FFC00CBC4321900581BBB841C25CA50268C8A42
:10900C00E200491C300744E480903428134E480594
:10901C005919BA841BB48934260BCAA292B0240EF7
:10902C009043E41039440EA0015A0FB8841987E11B
:10903C009036D53A230E0F035B09D4741526FD2701
:10904C00025C0FB68417D170341C0D47C3D170006D
:10905C005D09D4741524FD27035E0F77A478E1E82D
:10906C0030129388621199005F0617741707600815
:10907C0034C516326100610E78845934915856917A
:10908C0049442B036218B9841A73801C2007C80149
:10909C0092D948512294082532518404630E778466
:1090AC005824118D2A8C884414006417B984BA731F
:1090BC00801C2007C82622D14428114A8422D16C56
:1090CC0032650F78845934914478A80364A20A005D
:1090DC00660DB6845623896E25A16E24006710B7E1
:1090EC006CB8928A8C26A9844D57A1A4026817B932
:1090FC00841A73801C2007C80192D9484D2413C9C7
:10910C0044320903690AA4843522E9482F046A0D04
:10911C00D56A75EA8099BE512413006B11B8841975
:10912C00639D262215195122134946036C09B484F8
:10913C001523FD0B016D127E841F93D16C34525399
:10914C009229C994642A1C6E1079841A93D9484DBB
:10915C002413C9443209036F0E788459349144C8DE
:10916C002811C948007014A96C1A93D9485122943B
:10917C0008252395991C20A6027116A96C59949068
:10918C006822940825429168369103E400310172FB
:10919C000B7784179315558D3400730A7684373703
:1091AC0022DB0500740FA68456D1A0AC24D4141174
:1091BC00852600751179841AA3914C2413C9443265
:1091CC0091683619761078831794892C248B4982F0
:1091DC0092A8580677187D831C14CA44260BC964C0
:1091EC00314944129444245199582603780F7884B9
:1091FC0019A389484695D26292D1007914A86B17AD
:10920C0094892C248B498292A8581C9404A7007A28
:10921C000876841737BD1D7B0DD57476A298B6D40D
:10922C00A04C312A7C07B1871807027D0FD5741624
:10923C00D2A04C311A8B690BC9007E0927A43813B4
:10924C00CA040000000004FFFF000000AD84000809
:10925C00258500084B8500080001140A646432322D
:10926C0000127A00000428961008000080004000CC
:10927C001815A015C019FF001815A115C819FF0065
:10928C001815AE19FF0000001815AF19FF000000EB
:10929C001815AE15D5168015A8163F15D316001542
:1092AC0040158D16141520160015A115C815DA16C3
:1092BC0012158116CF15D916F115DB1640152E1582
:0892CC00A415A619FF00000023
:0892D400B46FFF7F01000000F0
:0492DC00790100080C
:0492E0005101000830
:1092E4001A0300000000000000000000000000005D
:1092F4000000000000000000000000000403090456
:10930400120100020000004083042B5700020102F6
:1093140003010000690B0008750B0008390C0008F4
:10932400150C0008010C0008550C0008790C000805
:10933400010000001000000000127A00AAAAAAAAE4
:1093440005010906A101050719E029E71500250112
:1093540075019508810295017508810395057501CC
:1093640005081901290591029501750391039506D4
:109374007508150025650507190029658100C000D9
:109384000A0600020000004001000000092111014A
:109394000001223F0000000009022200010100E058
:1093A4003209040000010301020009211101000136
:1093B400223F000705810308000A00000902220079
:1093C400010100E032090400000103010200092147
:1093D40011010001223F0007058103080007000076
:1093E40009022200010100E0320904000001030126
:1093F4000200092111010001223F00070581030831
:10940400000A0000A36E0008816E00086D6D00085C
:109414000000000000000000556D0008000000007E
:109424000000000000000000000000003D6D000886
:0C943400316D0008496D0008616D0008F2
:0400000508008A095C
:00000001FF
