ARM GAS  /tmp/cc5sAzkx.s 			page 1


   1              		.cpu cortex-m3
   2              		.arch armv7-m
   3              		.fpu softvfp
   4              		.eabi_attribute 20, 1
   5              		.eabi_attribute 21, 1
   6              		.eabi_attribute 23, 3
   7              		.eabi_attribute 24, 1
   8              		.eabi_attribute 25, 1
   9              		.eabi_attribute 26, 1
  10              		.eabi_attribute 30, 1
  11              		.eabi_attribute 34, 1
  12              		.eabi_attribute 18, 4
  13              		.file	"u8g2_font.c"
  14              		.text
  15              	.Ltext0:
  16              		.cfi_sections	.debug_frame
  17              		.file 1 "BSP/u8g2/u8g2_font.c"
  18              		.section	.text.u8g2_font_get_byte,"ax",%progbits
  19              		.align	1
  20              		.syntax unified
  21              		.thumb
  22              		.thumb_func
  24              	u8g2_font_get_byte:
  25              	.LVL0:
  26              	.LFB0:
   1:BSP/u8g2/u8g2_font.c **** /*
   2:BSP/u8g2/u8g2_font.c **** 
   3:BSP/u8g2/u8g2_font.c ****   u8g2_font.c
   4:BSP/u8g2/u8g2_font.c **** 
   5:BSP/u8g2/u8g2_font.c ****   Universal 8bit Graphics Library (https://github.com/olikraus/u8g2/)
   6:BSP/u8g2/u8g2_font.c **** 
   7:BSP/u8g2/u8g2_font.c ****   Copyright (c) 2016, olikraus@gmail.com
   8:BSP/u8g2/u8g2_font.c ****   All rights reserved.
   9:BSP/u8g2/u8g2_font.c **** 
  10:BSP/u8g2/u8g2_font.c ****   Redistribution and use in source and binary forms, with or without modification, 
  11:BSP/u8g2/u8g2_font.c ****   are permitted provided that the following conditions are met:
  12:BSP/u8g2/u8g2_font.c **** 
  13:BSP/u8g2/u8g2_font.c ****   * Redistributions of source code must retain the above copyright notice, this list 
  14:BSP/u8g2/u8g2_font.c ****     of conditions and the following disclaimer.
  15:BSP/u8g2/u8g2_font.c ****     
  16:BSP/u8g2/u8g2_font.c ****   * Redistributions in binary form must reproduce the above copyright notice, this 
  17:BSP/u8g2/u8g2_font.c ****     list of conditions and the following disclaimer in the documentation and/or other 
  18:BSP/u8g2/u8g2_font.c ****     materials provided with the distribution.
  19:BSP/u8g2/u8g2_font.c **** 
  20:BSP/u8g2/u8g2_font.c ****   THIS SOFTWARE IS PROVIDED BY THE COPYRIGHT HOLDERS AND 
  21:BSP/u8g2/u8g2_font.c ****   CONTRIBUTORS "AS IS" AND ANY EXPRESS OR IMPLIED WARRANTIES, 
  22:BSP/u8g2/u8g2_font.c ****   INCLUDING, BUT NOT LIMITED TO, THE IMPLIED WARRANTIES OF 
  23:BSP/u8g2/u8g2_font.c ****   MERCHANTABILITY AND FITNESS FOR A PARTICULAR PURPOSE ARE 
  24:BSP/u8g2/u8g2_font.c ****   DISCLAIMED. IN NO EVENT SHALL THE COPYRIGHT HOLDER OR 
  25:BSP/u8g2/u8g2_font.c ****   CONTRIBUTORS BE LIABLE FOR ANY DIRECT, INDIRECT, INCIDENTAL, 
  26:BSP/u8g2/u8g2_font.c ****   SPECIAL, EXEMPLARY, OR CONSEQUENTIAL DAMAGES (INCLUDING, BUT 
  27:BSP/u8g2/u8g2_font.c ****   NOT LIMITED TO, PROCUREMENT OF SUBSTITUTE GOODS OR SERVICES; 
  28:BSP/u8g2/u8g2_font.c ****   LOSS OF USE, DATA, OR PROFITS; OR BUSINESS INTERRUPTION) HOWEVER 
  29:BSP/u8g2/u8g2_font.c ****   CAUSED AND ON ANY THEORY OF LIABILITY, WHETHER IN CONTRACT, 
  30:BSP/u8g2/u8g2_font.c ****   STRICT LIABILITY, OR TORT (INCLUDING NEGLIGENCE OR OTHERWISE) 
  31:BSP/u8g2/u8g2_font.c ****   ARISING IN ANY WAY OUT OF THE USE OF THIS SOFTWARE, EVEN IF 
  32:BSP/u8g2/u8g2_font.c ****   ADVISED OF THE POSSIBILITY OF SUCH DAMAGE.  
ARM GAS  /tmp/cc5sAzkx.s 			page 2


  33:BSP/u8g2/u8g2_font.c **** 
  34:BSP/u8g2/u8g2_font.c **** */
  35:BSP/u8g2/u8g2_font.c **** 
  36:BSP/u8g2/u8g2_font.c **** #include "u8g2.h"
  37:BSP/u8g2/u8g2_font.c **** 
  38:BSP/u8g2/u8g2_font.c **** /* size of the font data structure, there is no struct or class... */
  39:BSP/u8g2/u8g2_font.c **** /* this is the size for the new font format */
  40:BSP/u8g2/u8g2_font.c **** #define U8G2_FONT_DATA_STRUCT_SIZE 23
  41:BSP/u8g2/u8g2_font.c **** 
  42:BSP/u8g2/u8g2_font.c **** /*
  43:BSP/u8g2/u8g2_font.c ****   font data:
  44:BSP/u8g2/u8g2_font.c **** 
  45:BSP/u8g2/u8g2_font.c ****   offset	bytes	description
  46:BSP/u8g2/u8g2_font.c ****   0		1		glyph_cnt		number of glyphs
  47:BSP/u8g2/u8g2_font.c ****   1		1		bbx_mode	0: proportional, 1: common height, 2: monospace, 3: multiple of 8
  48:BSP/u8g2/u8g2_font.c ****   2		1		bits_per_0	glyph rle parameter
  49:BSP/u8g2/u8g2_font.c ****   3		1		bits_per_1	glyph rle parameter
  50:BSP/u8g2/u8g2_font.c **** 
  51:BSP/u8g2/u8g2_font.c ****   4		1		bits_per_char_width		glyph rle parameter
  52:BSP/u8g2/u8g2_font.c ****   5		1		bits_per_char_height	glyph rle parameter
  53:BSP/u8g2/u8g2_font.c ****   6		1		bits_per_char_x		glyph rle parameter
  54:BSP/u8g2/u8g2_font.c ****   7		1		bits_per_char_y		glyph rle parameter
  55:BSP/u8g2/u8g2_font.c ****   8		1		bits_per_delta_x		glyph rle parameter
  56:BSP/u8g2/u8g2_font.c **** 
  57:BSP/u8g2/u8g2_font.c ****   9		1		max_char_width
  58:BSP/u8g2/u8g2_font.c ****   10		1		max_char_height
  59:BSP/u8g2/u8g2_font.c ****   11		1		x offset
  60:BSP/u8g2/u8g2_font.c ****   12		1		y offset (descent)
  61:BSP/u8g2/u8g2_font.c ****   
  62:BSP/u8g2/u8g2_font.c ****   13		1		ascent (capital A)
  63:BSP/u8g2/u8g2_font.c ****   14		1		descent (lower g)
  64:BSP/u8g2/u8g2_font.c ****   15		1		ascent '('
  65:BSP/u8g2/u8g2_font.c ****   16		1		descent ')'
  66:BSP/u8g2/u8g2_font.c ****   
  67:BSP/u8g2/u8g2_font.c ****   17		1		start pos 'A' high byte
  68:BSP/u8g2/u8g2_font.c ****   18		1		start pos 'A' low byte
  69:BSP/u8g2/u8g2_font.c **** 
  70:BSP/u8g2/u8g2_font.c ****   19		1		start pos 'a' high byte
  71:BSP/u8g2/u8g2_font.c ****   20		1		start pos 'a' low byte
  72:BSP/u8g2/u8g2_font.c **** 
  73:BSP/u8g2/u8g2_font.c ****   21		1		start pos unicode high byte
  74:BSP/u8g2/u8g2_font.c ****   22		1		start pos unicode low byte
  75:BSP/u8g2/u8g2_font.c **** 
  76:BSP/u8g2/u8g2_font.c ****   Font build mode, 0: proportional, 1: common height, 2: monospace, 3: multiple of 8
  77:BSP/u8g2/u8g2_font.c **** 
  78:BSP/u8g2/u8g2_font.c ****   Font build mode 0:		
  79:BSP/u8g2/u8g2_font.c ****     - "t"
  80:BSP/u8g2/u8g2_font.c ****     - Ref height mode: U8G2_FONT_HEIGHT_MODE_TEXT, U8G2_FONT_HEIGHT_MODE_XTEXT or U8G2_FONT_HEIGHT_
  81:BSP/u8g2/u8g2_font.c ****     - use in transparent mode only (does not look good in solid mode)
  82:BSP/u8g2/u8g2_font.c ****     - most compact format
  83:BSP/u8g2/u8g2_font.c ****     - different font heights possible
  84:BSP/u8g2/u8g2_font.c ****     
  85:BSP/u8g2/u8g2_font.c ****   Font build mode 1:		
  86:BSP/u8g2/u8g2_font.c ****     - "h"
  87:BSP/u8g2/u8g2_font.c ****     - Ref height mode: U8G2_FONT_HEIGHT_MODE_ALL
  88:BSP/u8g2/u8g2_font.c ****     - transparent or solid mode
  89:BSP/u8g2/u8g2_font.c ****     - The height of the glyphs depend on the largest glyph in the font. This means font height depe
ARM GAS  /tmp/cc5sAzkx.s 			page 3


  90:BSP/u8g2/u8g2_font.c **** 
  91:BSP/u8g2/u8g2_font.c **** */
  92:BSP/u8g2/u8g2_font.c **** 
  93:BSP/u8g2/u8g2_font.c **** /* use case: What is the width and the height of the minimal box into which string s fints? */
  94:BSP/u8g2/u8g2_font.c **** void u8g2_font_GetStrSize(const void *font, const char *s, u8g2_uint_t *width, u8g2_uint_t *height)
  95:BSP/u8g2/u8g2_font.c **** void u8g2_font_GetStrSizeP(const void *font, const char *s, u8g2_uint_t *width, u8g2_uint_t *height
  96:BSP/u8g2/u8g2_font.c **** 
  97:BSP/u8g2/u8g2_font.c **** /* use case: lower left edge of a minimal box is known, what is the correct x, y position for the s
  98:BSP/u8g2/u8g2_font.c **** void u8g2_font_AdjustXYToDraw(const void *font, const char *s, u8g2_uint_t *x, u8g2_uint_t *y);
  99:BSP/u8g2/u8g2_font.c **** void u8g2_font_AdjustXYToDrawP(const void *font, const char *s, u8g2_uint_t *x, u8g2_uint_t *y);
 100:BSP/u8g2/u8g2_font.c **** 
 101:BSP/u8g2/u8g2_font.c **** /* use case: Baseline origin known, return minimal box */
 102:BSP/u8g2/u8g2_font.c **** void u8g2_font_GetStrMinBox(u8g2_t *u8g2, const void *font, const char *s, u8g2_uint_t *x, u8g2_uin
 103:BSP/u8g2/u8g2_font.c **** 
 104:BSP/u8g2/u8g2_font.c **** /* procedures */
 105:BSP/u8g2/u8g2_font.c **** 
 106:BSP/u8g2/u8g2_font.c **** /*========================================================================*/
 107:BSP/u8g2/u8g2_font.c **** /* low level byte and word access */
 108:BSP/u8g2/u8g2_font.c **** 
 109:BSP/u8g2/u8g2_font.c **** /* removed NOINLINE, because it leads to smaller code, might also be faster */
 110:BSP/u8g2/u8g2_font.c **** //static uint8_t u8g2_font_get_byte(const uint8_t *font, uint8_t offset) U8G2_NOINLINE;
 111:BSP/u8g2/u8g2_font.c **** static uint8_t u8g2_font_get_byte(const uint8_t *font, uint8_t offset)
 112:BSP/u8g2/u8g2_font.c **** {
  27              		.loc 1 112 1 view -0
  28              		.cfi_startproc
  29              		@ args = 0, pretend = 0, frame = 0
  30              		@ frame_needed = 0, uses_anonymous_args = 0
  31              		@ link register save eliminated.
 113:BSP/u8g2/u8g2_font.c ****   font += offset;
  32              		.loc 1 113 3 view .LVU1
 114:BSP/u8g2/u8g2_font.c ****   return u8x8_pgm_read( font );  
  33              		.loc 1 114 3 view .LVU2
 115:BSP/u8g2/u8g2_font.c **** }
  34              		.loc 1 115 1 is_stmt 0 view .LVU3
  35 0000 405C     		ldrb	r0, [r0, r1]	@ zero_extendqisi2
  36              	.LVL1:
  37              		.loc 1 115 1 view .LVU4
  38 0002 7047     		bx	lr
  39              		.cfi_endproc
  40              	.LFE0:
  42              		.section	.text.u8g2_font_get_word,"ax",%progbits
  43              		.align	1
  44              		.syntax unified
  45              		.thumb
  46              		.thumb_func
  48              	u8g2_font_get_word:
  49              	.LVL2:
  50              	.LFB1:
 116:BSP/u8g2/u8g2_font.c **** 
 117:BSP/u8g2/u8g2_font.c **** static uint16_t u8g2_font_get_word(const uint8_t *font, uint8_t offset) U8G2_NOINLINE; 
 118:BSP/u8g2/u8g2_font.c **** static uint16_t u8g2_font_get_word(const uint8_t *font, uint8_t offset)
 119:BSP/u8g2/u8g2_font.c **** {
  51              		.loc 1 119 1 is_stmt 1 view -0
  52              		.cfi_startproc
  53              		@ args = 0, pretend = 0, frame = 0
  54              		@ frame_needed = 0, uses_anonymous_args = 0
  55              		@ link register save eliminated.
ARM GAS  /tmp/cc5sAzkx.s 			page 4


 120:BSP/u8g2/u8g2_font.c ****     uint16_t pos;
  56              		.loc 1 120 5 view .LVU6
 121:BSP/u8g2/u8g2_font.c ****     font += offset;
  57              		.loc 1 121 5 view .LVU7
  58              		.loc 1 121 10 is_stmt 0 view .LVU8
  59 0000 4218     		adds	r2, r0, r1
  60              	.LVL3:
 122:BSP/u8g2/u8g2_font.c ****     pos = u8x8_pgm_read( font );
  61              		.loc 1 122 5 is_stmt 1 view .LVU9
  62              		.loc 1 122 11 is_stmt 0 view .LVU10
  63 0002 435C     		ldrb	r3, [r0, r1]	@ zero_extendqisi2
  64              	.LVL4:
 123:BSP/u8g2/u8g2_font.c ****     font++;
  65              		.loc 1 123 5 is_stmt 1 view .LVU11
 124:BSP/u8g2/u8g2_font.c ****     pos <<= 8;
  66              		.loc 1 124 5 view .LVU12
 125:BSP/u8g2/u8g2_font.c ****     pos += u8x8_pgm_read( font);
  67              		.loc 1 125 5 view .LVU13
  68              		.loc 1 125 12 is_stmt 0 view .LVU14
  69 0004 5078     		ldrb	r0, [r2, #1]	@ zero_extendqisi2
  70              		.loc 1 125 9 view .LVU15
  71 0006 00EB0320 		add	r0, r0, r3, lsl #8
  72              	.LVL5:
 126:BSP/u8g2/u8g2_font.c ****     return pos;
  73              		.loc 1 126 5 is_stmt 1 view .LVU16
 127:BSP/u8g2/u8g2_font.c **** }
  74              		.loc 1 127 1 is_stmt 0 view .LVU17
  75 000a 80B2     		uxth	r0, r0
  76              		.loc 1 127 1 view .LVU18
  77 000c 7047     		bx	lr
  78              		.cfi_endproc
  79              	.LFE1:
  81              		.section	.text.u8g2_add_vector_y,"ax",%progbits
  82              		.align	1
  83              		.syntax unified
  84              		.thumb
  85              		.thumb_func
  87              	u8g2_add_vector_y:
  88              	.LVL6:
  89              	.LFB11:
 128:BSP/u8g2/u8g2_font.c **** 
 129:BSP/u8g2/u8g2_font.c **** /*========================================================================*/
 130:BSP/u8g2/u8g2_font.c **** /* new font format */
 131:BSP/u8g2/u8g2_font.c **** void u8g2_read_font_info(u8g2_font_info_t *font_info, const uint8_t *font)
 132:BSP/u8g2/u8g2_font.c **** {
 133:BSP/u8g2/u8g2_font.c ****   /* offset 0 */
 134:BSP/u8g2/u8g2_font.c ****   font_info->glyph_cnt = u8g2_font_get_byte(font, 0);
 135:BSP/u8g2/u8g2_font.c ****   font_info->bbx_mode = u8g2_font_get_byte(font, 1);
 136:BSP/u8g2/u8g2_font.c ****   font_info->bits_per_0 = u8g2_font_get_byte(font, 2);
 137:BSP/u8g2/u8g2_font.c ****   font_info->bits_per_1 = u8g2_font_get_byte(font, 3);
 138:BSP/u8g2/u8g2_font.c ****   
 139:BSP/u8g2/u8g2_font.c ****   /* offset 4 */
 140:BSP/u8g2/u8g2_font.c ****   font_info->bits_per_char_width = u8g2_font_get_byte(font, 4);
 141:BSP/u8g2/u8g2_font.c ****   font_info->bits_per_char_height = u8g2_font_get_byte(font, 5);
 142:BSP/u8g2/u8g2_font.c ****   font_info->bits_per_char_x = u8g2_font_get_byte(font, 6);
 143:BSP/u8g2/u8g2_font.c ****   font_info->bits_per_char_y = u8g2_font_get_byte(font, 7);
 144:BSP/u8g2/u8g2_font.c ****   font_info->bits_per_delta_x = u8g2_font_get_byte(font, 8);
ARM GAS  /tmp/cc5sAzkx.s 			page 5


 145:BSP/u8g2/u8g2_font.c ****   
 146:BSP/u8g2/u8g2_font.c ****   /* offset 9 */
 147:BSP/u8g2/u8g2_font.c ****   font_info->max_char_width = u8g2_font_get_byte(font, 9);
 148:BSP/u8g2/u8g2_font.c ****   font_info->max_char_height = u8g2_font_get_byte(font, 10);
 149:BSP/u8g2/u8g2_font.c ****   font_info->x_offset = u8g2_font_get_byte(font, 11);
 150:BSP/u8g2/u8g2_font.c ****   font_info->y_offset = u8g2_font_get_byte(font, 12);
 151:BSP/u8g2/u8g2_font.c ****   
 152:BSP/u8g2/u8g2_font.c ****   /* offset 13 */
 153:BSP/u8g2/u8g2_font.c ****   font_info->ascent_A = u8g2_font_get_byte(font, 13);
 154:BSP/u8g2/u8g2_font.c ****   font_info->descent_g = u8g2_font_get_byte(font, 14);
 155:BSP/u8g2/u8g2_font.c ****   font_info->ascent_para = u8g2_font_get_byte(font, 15);
 156:BSP/u8g2/u8g2_font.c ****   font_info->descent_para = u8g2_font_get_byte(font, 16);
 157:BSP/u8g2/u8g2_font.c ****   
 158:BSP/u8g2/u8g2_font.c ****   /* offset 17 */
 159:BSP/u8g2/u8g2_font.c ****   font_info->start_pos_upper_A = u8g2_font_get_word(font, 17);
 160:BSP/u8g2/u8g2_font.c ****   font_info->start_pos_lower_a = u8g2_font_get_word(font, 19); 
 161:BSP/u8g2/u8g2_font.c ****   
 162:BSP/u8g2/u8g2_font.c ****   /* offset 21 */
 163:BSP/u8g2/u8g2_font.c **** #ifdef U8G2_WITH_UNICODE
 164:BSP/u8g2/u8g2_font.c ****   font_info->start_pos_unicode = u8g2_font_get_word(font, 21); 
 165:BSP/u8g2/u8g2_font.c **** #endif
 166:BSP/u8g2/u8g2_font.c **** }
 167:BSP/u8g2/u8g2_font.c **** 
 168:BSP/u8g2/u8g2_font.c **** 
 169:BSP/u8g2/u8g2_font.c **** /* calculate the overall length of the font, only used to create the picture for the google wiki */
 170:BSP/u8g2/u8g2_font.c **** size_t u8g2_GetFontSize(const uint8_t *font_arg)
 171:BSP/u8g2/u8g2_font.c **** {
 172:BSP/u8g2/u8g2_font.c ****   uint16_t e;
 173:BSP/u8g2/u8g2_font.c ****   const uint8_t *font = font_arg;
 174:BSP/u8g2/u8g2_font.c ****   font += U8G2_FONT_DATA_STRUCT_SIZE;
 175:BSP/u8g2/u8g2_font.c ****   
 176:BSP/u8g2/u8g2_font.c ****   for(;;)
 177:BSP/u8g2/u8g2_font.c ****   {
 178:BSP/u8g2/u8g2_font.c ****     if ( u8x8_pgm_read( font + 1 ) == 0 )
 179:BSP/u8g2/u8g2_font.c ****       break;
 180:BSP/u8g2/u8g2_font.c ****     font += u8x8_pgm_read( font + 1 );
 181:BSP/u8g2/u8g2_font.c ****   }
 182:BSP/u8g2/u8g2_font.c ****   
 183:BSP/u8g2/u8g2_font.c ****   /* continue with unicode section */
 184:BSP/u8g2/u8g2_font.c ****   font += 2;
 185:BSP/u8g2/u8g2_font.c **** 
 186:BSP/u8g2/u8g2_font.c ****   /* skip unicode lookup table */
 187:BSP/u8g2/u8g2_font.c ****   font += u8g2_font_get_word(font, 0);
 188:BSP/u8g2/u8g2_font.c ****   
 189:BSP/u8g2/u8g2_font.c ****   for(;;)
 190:BSP/u8g2/u8g2_font.c ****   {
 191:BSP/u8g2/u8g2_font.c ****     e = u8x8_pgm_read( font );
 192:BSP/u8g2/u8g2_font.c ****     e <<= 8;
 193:BSP/u8g2/u8g2_font.c ****     e |= u8x8_pgm_read( font + 1 );
 194:BSP/u8g2/u8g2_font.c ****     if ( e == 0 )
 195:BSP/u8g2/u8g2_font.c ****       break;
 196:BSP/u8g2/u8g2_font.c ****     font += u8x8_pgm_read( font + 2 );    
 197:BSP/u8g2/u8g2_font.c ****   }
 198:BSP/u8g2/u8g2_font.c ****   
 199:BSP/u8g2/u8g2_font.c ****   return (font - font_arg) + 2;
 200:BSP/u8g2/u8g2_font.c **** }
 201:BSP/u8g2/u8g2_font.c **** 
ARM GAS  /tmp/cc5sAzkx.s 			page 6


 202:BSP/u8g2/u8g2_font.c **** /*========================================================================*/
 203:BSP/u8g2/u8g2_font.c **** /* u8g2 interface, font access */
 204:BSP/u8g2/u8g2_font.c **** 
 205:BSP/u8g2/u8g2_font.c **** uint8_t u8g2_GetFontBBXWidth(u8g2_t *u8g2)
 206:BSP/u8g2/u8g2_font.c **** {
 207:BSP/u8g2/u8g2_font.c ****   return u8g2->font_info.max_char_width;		/* new font info structure */
 208:BSP/u8g2/u8g2_font.c **** }
 209:BSP/u8g2/u8g2_font.c **** 
 210:BSP/u8g2/u8g2_font.c **** uint8_t u8g2_GetFontBBXHeight(u8g2_t *u8g2)
 211:BSP/u8g2/u8g2_font.c **** {
 212:BSP/u8g2/u8g2_font.c ****   return u8g2->font_info.max_char_height;		/* new font info structure */
 213:BSP/u8g2/u8g2_font.c **** }
 214:BSP/u8g2/u8g2_font.c **** 
 215:BSP/u8g2/u8g2_font.c **** int8_t u8g2_GetFontBBXOffX(u8g2_t *u8g2) U8G2_NOINLINE;
 216:BSP/u8g2/u8g2_font.c **** int8_t u8g2_GetFontBBXOffX(u8g2_t *u8g2)
 217:BSP/u8g2/u8g2_font.c **** {
 218:BSP/u8g2/u8g2_font.c ****   return u8g2->font_info.x_offset;		/* new font info structure */
 219:BSP/u8g2/u8g2_font.c **** }
 220:BSP/u8g2/u8g2_font.c **** 
 221:BSP/u8g2/u8g2_font.c **** int8_t u8g2_GetFontBBXOffY(u8g2_t *u8g2) U8G2_NOINLINE;
 222:BSP/u8g2/u8g2_font.c **** int8_t u8g2_GetFontBBXOffY(u8g2_t *u8g2)
 223:BSP/u8g2/u8g2_font.c **** {
 224:BSP/u8g2/u8g2_font.c ****   return u8g2->font_info.y_offset;		/* new font info structure */
 225:BSP/u8g2/u8g2_font.c **** }
 226:BSP/u8g2/u8g2_font.c **** 
 227:BSP/u8g2/u8g2_font.c **** uint8_t u8g2_GetFontCapitalAHeight(u8g2_t *u8g2) U8G2_NOINLINE; 
 228:BSP/u8g2/u8g2_font.c **** uint8_t u8g2_GetFontCapitalAHeight(u8g2_t *u8g2)
 229:BSP/u8g2/u8g2_font.c **** {
 230:BSP/u8g2/u8g2_font.c ****   return u8g2->font_info.ascent_A;		/* new font info structure */
 231:BSP/u8g2/u8g2_font.c **** }
 232:BSP/u8g2/u8g2_font.c **** 
 233:BSP/u8g2/u8g2_font.c **** /*========================================================================*/
 234:BSP/u8g2/u8g2_font.c **** /* glyph handling */
 235:BSP/u8g2/u8g2_font.c **** 
 236:BSP/u8g2/u8g2_font.c **** /* optimized */
 237:BSP/u8g2/u8g2_font.c **** uint8_t u8g2_font_decode_get_unsigned_bits(u8g2_font_decode_t *f, uint8_t cnt) 
 238:BSP/u8g2/u8g2_font.c **** {
 239:BSP/u8g2/u8g2_font.c ****   uint8_t val;
 240:BSP/u8g2/u8g2_font.c ****   uint8_t bit_pos = f->decode_bit_pos;
 241:BSP/u8g2/u8g2_font.c ****   uint8_t bit_pos_plus_cnt;
 242:BSP/u8g2/u8g2_font.c ****   
 243:BSP/u8g2/u8g2_font.c ****   //val = *(f->decode_ptr);
 244:BSP/u8g2/u8g2_font.c ****   val = u8x8_pgm_read( f->decode_ptr );  
 245:BSP/u8g2/u8g2_font.c ****   
 246:BSP/u8g2/u8g2_font.c ****   val >>= bit_pos;
 247:BSP/u8g2/u8g2_font.c ****   bit_pos_plus_cnt = bit_pos;
 248:BSP/u8g2/u8g2_font.c ****   bit_pos_plus_cnt += cnt;
 249:BSP/u8g2/u8g2_font.c ****   if ( bit_pos_plus_cnt >= 8 )
 250:BSP/u8g2/u8g2_font.c ****   {
 251:BSP/u8g2/u8g2_font.c ****     uint8_t s = 8;
 252:BSP/u8g2/u8g2_font.c ****     s -= bit_pos;
 253:BSP/u8g2/u8g2_font.c ****     f->decode_ptr++;
 254:BSP/u8g2/u8g2_font.c ****     //val |= *(f->decode_ptr) << (8-bit_pos);
 255:BSP/u8g2/u8g2_font.c ****     val |= u8x8_pgm_read( f->decode_ptr ) << (s);
 256:BSP/u8g2/u8g2_font.c ****     //bit_pos -= 8;
 257:BSP/u8g2/u8g2_font.c ****     bit_pos_plus_cnt -= 8;
 258:BSP/u8g2/u8g2_font.c ****   }
ARM GAS  /tmp/cc5sAzkx.s 			page 7


 259:BSP/u8g2/u8g2_font.c ****   val &= (1U<<cnt)-1;
 260:BSP/u8g2/u8g2_font.c ****   //bit_pos += cnt;
 261:BSP/u8g2/u8g2_font.c ****   
 262:BSP/u8g2/u8g2_font.c ****   f->decode_bit_pos = bit_pos_plus_cnt;
 263:BSP/u8g2/u8g2_font.c ****   return val;
 264:BSP/u8g2/u8g2_font.c **** }
 265:BSP/u8g2/u8g2_font.c **** 
 266:BSP/u8g2/u8g2_font.c **** 
 267:BSP/u8g2/u8g2_font.c **** /*
 268:BSP/u8g2/u8g2_font.c ****     2 bit --> cnt = 2
 269:BSP/u8g2/u8g2_font.c ****       -2,-1,0. 1
 270:BSP/u8g2/u8g2_font.c **** 
 271:BSP/u8g2/u8g2_font.c ****     3 bit --> cnt = 3
 272:BSP/u8g2/u8g2_font.c ****       -2,-1,0. 1
 273:BSP/u8g2/u8g2_font.c ****       -4,-3,-2,-1,0,1,2,3
 274:BSP/u8g2/u8g2_font.c **** 
 275:BSP/u8g2/u8g2_font.c ****       if ( x < 0 )
 276:BSP/u8g2/u8g2_font.c **** 	r = bits(x-1)+1;
 277:BSP/u8g2/u8g2_font.c ****     else
 278:BSP/u8g2/u8g2_font.c **** 	r = bits(x)+1;
 279:BSP/u8g2/u8g2_font.c **** 
 280:BSP/u8g2/u8g2_font.c **** */
 281:BSP/u8g2/u8g2_font.c **** /* optimized */
 282:BSP/u8g2/u8g2_font.c **** int8_t u8g2_font_decode_get_signed_bits(u8g2_font_decode_t *f, uint8_t cnt)
 283:BSP/u8g2/u8g2_font.c **** {
 284:BSP/u8g2/u8g2_font.c ****   int8_t v, d;
 285:BSP/u8g2/u8g2_font.c ****   v = (int8_t)u8g2_font_decode_get_unsigned_bits(f, cnt);
 286:BSP/u8g2/u8g2_font.c ****   d = 1;
 287:BSP/u8g2/u8g2_font.c ****   cnt--;
 288:BSP/u8g2/u8g2_font.c ****   d <<= cnt;
 289:BSP/u8g2/u8g2_font.c ****   v -= d;
 290:BSP/u8g2/u8g2_font.c ****   return v;
 291:BSP/u8g2/u8g2_font.c ****   //return (int8_t)u8g2_font_decode_get_unsigned_bits(f, cnt) - ((1<<cnt)>>1);
 292:BSP/u8g2/u8g2_font.c **** }
 293:BSP/u8g2/u8g2_font.c **** 
 294:BSP/u8g2/u8g2_font.c **** 
 295:BSP/u8g2/u8g2_font.c **** #ifdef U8G2_WITH_FONT_ROTATION
 296:BSP/u8g2/u8g2_font.c **** static u8g2_uint_t u8g2_add_vector_y(u8g2_uint_t dy, int8_t x, int8_t y, uint8_t dir) U8G2_NOINLINE
 297:BSP/u8g2/u8g2_font.c **** static u8g2_uint_t u8g2_add_vector_y(u8g2_uint_t dy, int8_t x, int8_t y, uint8_t dir)
 298:BSP/u8g2/u8g2_font.c **** {
  90              		.loc 1 298 1 is_stmt 1 view -0
  91              		.cfi_startproc
  92              		@ args = 0, pretend = 0, frame = 0
  93              		@ frame_needed = 0, uses_anonymous_args = 0
  94              		@ link register save eliminated.
 299:BSP/u8g2/u8g2_font.c ****   switch(dir)
  95              		.loc 1 299 3 view .LVU20
  96 0000 012B     		cmp	r3, #1
  97 0002 05D0     		beq	.L4
  98 0004 022B     		cmp	r3, #2
  99 0006 06D0     		beq	.L5
 100 0008 43B9     		cbnz	r3, .L6
 300:BSP/u8g2/u8g2_font.c ****   {
 301:BSP/u8g2/u8g2_font.c ****     case 0:
 302:BSP/u8g2/u8g2_font.c ****       dy += y;
 101              		.loc 1 302 7 view .LVU21
 102              		.loc 1 302 10 is_stmt 0 view .LVU22
ARM GAS  /tmp/cc5sAzkx.s 			page 8


 103 000a 1044     		add	r0, r0, r2
 104              	.LVL7:
 105              		.loc 1 302 10 view .LVU23
 106 000c C0B2     		uxtb	r0, r0
 107              	.LVL8:
 303:BSP/u8g2/u8g2_font.c ****       break;
 108              		.loc 1 303 7 is_stmt 1 view .LVU24
 109 000e 7047     		bx	lr
 110              	.L4:
 304:BSP/u8g2/u8g2_font.c ****     case 1:
 305:BSP/u8g2/u8g2_font.c ****       dy += x;
 111              		.loc 1 305 7 view .LVU25
 112              		.loc 1 305 10 is_stmt 0 view .LVU26
 113 0010 0844     		add	r0, r0, r1
 114              	.LVL9:
 115              		.loc 1 305 10 view .LVU27
 116 0012 C0B2     		uxtb	r0, r0
 117              	.LVL10:
 306:BSP/u8g2/u8g2_font.c ****       break;
 118              		.loc 1 306 7 is_stmt 1 view .LVU28
 119 0014 7047     		bx	lr
 120              	.L5:
 307:BSP/u8g2/u8g2_font.c ****     case 2:
 308:BSP/u8g2/u8g2_font.c ****       dy -= y;
 121              		.loc 1 308 7 view .LVU29
 122              		.loc 1 308 10 is_stmt 0 view .LVU30
 123 0016 801A     		subs	r0, r0, r2
 124              	.LVL11:
 125              		.loc 1 308 10 view .LVU31
 126 0018 C0B2     		uxtb	r0, r0
 127              	.LVL12:
 309:BSP/u8g2/u8g2_font.c ****       break;
 128              		.loc 1 309 7 is_stmt 1 view .LVU32
 129 001a 7047     		bx	lr
 130              	.L6:
 310:BSP/u8g2/u8g2_font.c ****     default:
 311:BSP/u8g2/u8g2_font.c ****       dy -= x;
 131              		.loc 1 311 7 view .LVU33
 132              		.loc 1 311 10 is_stmt 0 view .LVU34
 133 001c 401A     		subs	r0, r0, r1
 134              	.LVL13:
 135              		.loc 1 311 10 view .LVU35
 136 001e C0B2     		uxtb	r0, r0
 137              	.LVL14:
 312:BSP/u8g2/u8g2_font.c ****       break;      
 138              		.loc 1 312 7 is_stmt 1 view .LVU36
 313:BSP/u8g2/u8g2_font.c ****   }
 314:BSP/u8g2/u8g2_font.c ****   return dy;
 139              		.loc 1 314 3 view .LVU37
 315:BSP/u8g2/u8g2_font.c **** }
 140              		.loc 1 315 1 is_stmt 0 view .LVU38
 141 0020 7047     		bx	lr
 142              		.cfi_endproc
 143              	.LFE11:
 145              		.section	.text.u8g2_add_vector_x,"ax",%progbits
 146              		.align	1
 147              		.syntax unified
ARM GAS  /tmp/cc5sAzkx.s 			page 9


 148              		.thumb
 149              		.thumb_func
 151              	u8g2_add_vector_x:
 152              	.LVL15:
 153              	.LFB12:
 316:BSP/u8g2/u8g2_font.c **** 
 317:BSP/u8g2/u8g2_font.c **** static u8g2_uint_t u8g2_add_vector_x(u8g2_uint_t dx, int8_t x, int8_t y, uint8_t dir) U8G2_NOINLINE
 318:BSP/u8g2/u8g2_font.c **** static u8g2_uint_t u8g2_add_vector_x(u8g2_uint_t dx, int8_t x, int8_t y, uint8_t dir)
 319:BSP/u8g2/u8g2_font.c **** {
 154              		.loc 1 319 1 is_stmt 1 view -0
 155              		.cfi_startproc
 156              		@ args = 0, pretend = 0, frame = 0
 157              		@ frame_needed = 0, uses_anonymous_args = 0
 158              		@ link register save eliminated.
 320:BSP/u8g2/u8g2_font.c ****   switch(dir)
 159              		.loc 1 320 3 view .LVU40
 160 0000 012B     		cmp	r3, #1
 161 0002 05D0     		beq	.L9
 162 0004 022B     		cmp	r3, #2
 163 0006 06D0     		beq	.L10
 164 0008 43B9     		cbnz	r3, .L11
 321:BSP/u8g2/u8g2_font.c ****   {
 322:BSP/u8g2/u8g2_font.c ****     case 0:
 323:BSP/u8g2/u8g2_font.c ****       dx += x;
 165              		.loc 1 323 7 view .LVU41
 166              		.loc 1 323 10 is_stmt 0 view .LVU42
 167 000a 0844     		add	r0, r0, r1
 168              	.LVL16:
 169              		.loc 1 323 10 view .LVU43
 170 000c C0B2     		uxtb	r0, r0
 171              	.LVL17:
 324:BSP/u8g2/u8g2_font.c ****       break;
 172              		.loc 1 324 7 is_stmt 1 view .LVU44
 173 000e 7047     		bx	lr
 174              	.L9:
 325:BSP/u8g2/u8g2_font.c ****     case 1:
 326:BSP/u8g2/u8g2_font.c ****       dx -= y;
 175              		.loc 1 326 7 view .LVU45
 176              		.loc 1 326 10 is_stmt 0 view .LVU46
 177 0010 801A     		subs	r0, r0, r2
 178              	.LVL18:
 179              		.loc 1 326 10 view .LVU47
 180 0012 C0B2     		uxtb	r0, r0
 181              	.LVL19:
 327:BSP/u8g2/u8g2_font.c ****       break;
 182              		.loc 1 327 7 is_stmt 1 view .LVU48
 183 0014 7047     		bx	lr
 184              	.L10:
 328:BSP/u8g2/u8g2_font.c ****     case 2:
 329:BSP/u8g2/u8g2_font.c ****       dx -= x;
 185              		.loc 1 329 7 view .LVU49
 186              		.loc 1 329 10 is_stmt 0 view .LVU50
 187 0016 401A     		subs	r0, r0, r1
 188              	.LVL20:
 189              		.loc 1 329 10 view .LVU51
 190 0018 C0B2     		uxtb	r0, r0
 191              	.LVL21:
ARM GAS  /tmp/cc5sAzkx.s 			page 10


 330:BSP/u8g2/u8g2_font.c ****       break;
 192              		.loc 1 330 7 is_stmt 1 view .LVU52
 193 001a 7047     		bx	lr
 194              	.L11:
 331:BSP/u8g2/u8g2_font.c ****     default:
 332:BSP/u8g2/u8g2_font.c ****       dx += y;
 195              		.loc 1 332 7 view .LVU53
 196              		.loc 1 332 10 is_stmt 0 view .LVU54
 197 001c 1044     		add	r0, r0, r2
 198              	.LVL22:
 199              		.loc 1 332 10 view .LVU55
 200 001e C0B2     		uxtb	r0, r0
 201              	.LVL23:
 333:BSP/u8g2/u8g2_font.c ****       break;      
 202              		.loc 1 333 7 is_stmt 1 view .LVU56
 334:BSP/u8g2/u8g2_font.c ****   }
 335:BSP/u8g2/u8g2_font.c ****   return dx;
 203              		.loc 1 335 3 view .LVU57
 336:BSP/u8g2/u8g2_font.c **** }
 204              		.loc 1 336 1 is_stmt 0 view .LVU58
 205 0020 7047     		bx	lr
 206              		.cfi_endproc
 207              	.LFE12:
 209              		.section	.text.u8g2_font_calc_vref_font,"ax",%progbits
 210              		.align	1
 211              		.global	u8g2_font_calc_vref_font
 212              		.syntax unified
 213              		.thumb
 214              		.thumb_func
 216              	u8g2_font_calc_vref_font:
 217              	.LVL24:
 218              	.LFB31:
 337:BSP/u8g2/u8g2_font.c **** #endif
 338:BSP/u8g2/u8g2_font.c **** 
 339:BSP/u8g2/u8g2_font.c **** 
 340:BSP/u8g2/u8g2_font.c **** 
 341:BSP/u8g2/u8g2_font.c **** /*
 342:BSP/u8g2/u8g2_font.c ****   Description:
 343:BSP/u8g2/u8g2_font.c ****     Draw a run-length area of the glyph. "len" can have any size and the line
 344:BSP/u8g2/u8g2_font.c ****     length has to be wrapped at the glyph border.
 345:BSP/u8g2/u8g2_font.c ****   Args:
 346:BSP/u8g2/u8g2_font.c ****     len: 					Length of the line
 347:BSP/u8g2/u8g2_font.c ****     is_foreground			foreground/background?
 348:BSP/u8g2/u8g2_font.c ****     u8g2->font_decode.target_x		X position
 349:BSP/u8g2/u8g2_font.c ****     u8g2->font_decode.target_y		Y position
 350:BSP/u8g2/u8g2_font.c ****     u8g2->font_decode.is_transparent	Transparent mode
 351:BSP/u8g2/u8g2_font.c ****   Return:
 352:BSP/u8g2/u8g2_font.c ****     -
 353:BSP/u8g2/u8g2_font.c ****   Calls:
 354:BSP/u8g2/u8g2_font.c ****     u8g2_Draw90Line()
 355:BSP/u8g2/u8g2_font.c ****   Called by:
 356:BSP/u8g2/u8g2_font.c ****     u8g2_font_decode_glyph()
 357:BSP/u8g2/u8g2_font.c **** */
 358:BSP/u8g2/u8g2_font.c **** /* optimized */
 359:BSP/u8g2/u8g2_font.c **** void u8g2_font_decode_len(u8g2_t *u8g2, uint8_t len, uint8_t is_foreground)
 360:BSP/u8g2/u8g2_font.c **** {
 361:BSP/u8g2/u8g2_font.c ****   uint8_t cnt;	/* total number of remaining pixels, which have to be drawn */
ARM GAS  /tmp/cc5sAzkx.s 			page 11


 362:BSP/u8g2/u8g2_font.c ****   uint8_t rem; 	/* remaining pixel to the right edge of the glyph */
 363:BSP/u8g2/u8g2_font.c ****   uint8_t current;	/* number of pixels, which need to be drawn for the draw procedure */
 364:BSP/u8g2/u8g2_font.c ****     /* current is either equal to cnt or equal to rem */
 365:BSP/u8g2/u8g2_font.c ****   
 366:BSP/u8g2/u8g2_font.c ****   /* local coordinates of the glyph */
 367:BSP/u8g2/u8g2_font.c ****   uint8_t lx,ly;
 368:BSP/u8g2/u8g2_font.c ****   
 369:BSP/u8g2/u8g2_font.c ****   /* target position on the screen */
 370:BSP/u8g2/u8g2_font.c ****   u8g2_uint_t x, y;
 371:BSP/u8g2/u8g2_font.c ****   
 372:BSP/u8g2/u8g2_font.c ****   u8g2_font_decode_t *decode = &(u8g2->font_decode);
 373:BSP/u8g2/u8g2_font.c ****   
 374:BSP/u8g2/u8g2_font.c ****   cnt = len;
 375:BSP/u8g2/u8g2_font.c ****   
 376:BSP/u8g2/u8g2_font.c ****   /* get the local position */
 377:BSP/u8g2/u8g2_font.c ****   lx = decode->x;
 378:BSP/u8g2/u8g2_font.c ****   ly = decode->y;
 379:BSP/u8g2/u8g2_font.c ****   
 380:BSP/u8g2/u8g2_font.c ****   for(;;)
 381:BSP/u8g2/u8g2_font.c ****   {
 382:BSP/u8g2/u8g2_font.c ****     /* calculate the number of pixel to the right edge of the glyph */
 383:BSP/u8g2/u8g2_font.c ****     rem = decode->glyph_width;
 384:BSP/u8g2/u8g2_font.c ****     rem -= lx;
 385:BSP/u8g2/u8g2_font.c ****     
 386:BSP/u8g2/u8g2_font.c ****     /* calculate how many pixel to draw. This is either to the right edge */
 387:BSP/u8g2/u8g2_font.c ****     /* or lesser, if not enough pixel are left */
 388:BSP/u8g2/u8g2_font.c ****     current = rem;
 389:BSP/u8g2/u8g2_font.c ****     if ( cnt < rem )
 390:BSP/u8g2/u8g2_font.c ****       current = cnt;
 391:BSP/u8g2/u8g2_font.c ****     
 392:BSP/u8g2/u8g2_font.c ****     
 393:BSP/u8g2/u8g2_font.c ****     /* now draw the line, but apply the rotation around the glyph target position */
 394:BSP/u8g2/u8g2_font.c ****     //u8g2_font_decode_draw_pixel(u8g2, lx,ly,current, is_foreground);
 395:BSP/u8g2/u8g2_font.c **** 
 396:BSP/u8g2/u8g2_font.c ****     /* get target position */
 397:BSP/u8g2/u8g2_font.c ****     x = decode->target_x;
 398:BSP/u8g2/u8g2_font.c ****     y = decode->target_y;
 399:BSP/u8g2/u8g2_font.c **** 
 400:BSP/u8g2/u8g2_font.c ****     /* apply rotation */
 401:BSP/u8g2/u8g2_font.c **** #ifdef U8G2_WITH_FONT_ROTATION
 402:BSP/u8g2/u8g2_font.c ****     x = u8g2_add_vector_x(x, lx, ly, decode->dir);
 403:BSP/u8g2/u8g2_font.c ****     y = u8g2_add_vector_y(y, lx, ly, decode->dir);
 404:BSP/u8g2/u8g2_font.c **** #else
 405:BSP/u8g2/u8g2_font.c ****     x += lx;
 406:BSP/u8g2/u8g2_font.c ****     y += ly;
 407:BSP/u8g2/u8g2_font.c **** #endif
 408:BSP/u8g2/u8g2_font.c ****     
 409:BSP/u8g2/u8g2_font.c ****     /* draw foreground and background (if required) */
 410:BSP/u8g2/u8g2_font.c ****     if ( is_foreground )
 411:BSP/u8g2/u8g2_font.c ****     {
 412:BSP/u8g2/u8g2_font.c ****       u8g2->draw_color = decode->fg_color;			/* draw_color will be restored later */
 413:BSP/u8g2/u8g2_font.c ****       u8g2_DrawHVLine(u8g2, 
 414:BSP/u8g2/u8g2_font.c **** 	x, 
 415:BSP/u8g2/u8g2_font.c **** 	y, 
 416:BSP/u8g2/u8g2_font.c **** 	current, 
 417:BSP/u8g2/u8g2_font.c **** #ifdef U8G2_WITH_FONT_ROTATION
 418:BSP/u8g2/u8g2_font.c **** 	/* dir */ decode->dir
ARM GAS  /tmp/cc5sAzkx.s 			page 12


 419:BSP/u8g2/u8g2_font.c **** #else
 420:BSP/u8g2/u8g2_font.c **** 	0
 421:BSP/u8g2/u8g2_font.c **** #endif
 422:BSP/u8g2/u8g2_font.c ****       );
 423:BSP/u8g2/u8g2_font.c ****     }
 424:BSP/u8g2/u8g2_font.c ****     else if ( decode->is_transparent == 0 )    
 425:BSP/u8g2/u8g2_font.c ****     {
 426:BSP/u8g2/u8g2_font.c ****       u8g2->draw_color = decode->bg_color;			/* draw_color will be restored later */
 427:BSP/u8g2/u8g2_font.c ****       u8g2_DrawHVLine(u8g2, 
 428:BSP/u8g2/u8g2_font.c **** 	x, 
 429:BSP/u8g2/u8g2_font.c **** 	y, 
 430:BSP/u8g2/u8g2_font.c **** 	current, 
 431:BSP/u8g2/u8g2_font.c **** #ifdef U8G2_WITH_FONT_ROTATION
 432:BSP/u8g2/u8g2_font.c **** 	/* dir */ decode->dir
 433:BSP/u8g2/u8g2_font.c **** #else
 434:BSP/u8g2/u8g2_font.c **** 	0
 435:BSP/u8g2/u8g2_font.c **** #endif
 436:BSP/u8g2/u8g2_font.c ****       );   
 437:BSP/u8g2/u8g2_font.c ****     }
 438:BSP/u8g2/u8g2_font.c ****     
 439:BSP/u8g2/u8g2_font.c ****     /* check, whether the end of the run length code has been reached */
 440:BSP/u8g2/u8g2_font.c ****     if ( cnt < rem )
 441:BSP/u8g2/u8g2_font.c ****       break;
 442:BSP/u8g2/u8g2_font.c ****     cnt -= rem;
 443:BSP/u8g2/u8g2_font.c ****     lx = 0;
 444:BSP/u8g2/u8g2_font.c ****     ly++;
 445:BSP/u8g2/u8g2_font.c ****   }
 446:BSP/u8g2/u8g2_font.c ****   lx += cnt;
 447:BSP/u8g2/u8g2_font.c ****   
 448:BSP/u8g2/u8g2_font.c ****   decode->x = lx;
 449:BSP/u8g2/u8g2_font.c ****   decode->y = ly;
 450:BSP/u8g2/u8g2_font.c ****   
 451:BSP/u8g2/u8g2_font.c **** }
 452:BSP/u8g2/u8g2_font.c **** 
 453:BSP/u8g2/u8g2_font.c **** static void u8g2_font_setup_decode(u8g2_t *u8g2, const uint8_t *glyph_data)
 454:BSP/u8g2/u8g2_font.c **** {
 455:BSP/u8g2/u8g2_font.c ****   u8g2_font_decode_t *decode = &(u8g2->font_decode);
 456:BSP/u8g2/u8g2_font.c ****   decode->decode_ptr = glyph_data;
 457:BSP/u8g2/u8g2_font.c ****   decode->decode_bit_pos = 0;
 458:BSP/u8g2/u8g2_font.c ****   
 459:BSP/u8g2/u8g2_font.c ****   /* 8 Nov 2015, this is already done in the glyph data search procedure */
 460:BSP/u8g2/u8g2_font.c ****   /*
 461:BSP/u8g2/u8g2_font.c ****   decode->decode_ptr += 1;
 462:BSP/u8g2/u8g2_font.c ****   decode->decode_ptr += 1;
 463:BSP/u8g2/u8g2_font.c ****   */
 464:BSP/u8g2/u8g2_font.c ****   
 465:BSP/u8g2/u8g2_font.c ****   decode->glyph_width = u8g2_font_decode_get_unsigned_bits(decode, u8g2->font_info.bits_per_char_wi
 466:BSP/u8g2/u8g2_font.c ****   decode->glyph_height = u8g2_font_decode_get_unsigned_bits(decode,u8g2->font_info.bits_per_char_he
 467:BSP/u8g2/u8g2_font.c ****   
 468:BSP/u8g2/u8g2_font.c ****   decode->fg_color = u8g2->draw_color;
 469:BSP/u8g2/u8g2_font.c ****   decode->bg_color = (decode->fg_color == 0 ? 1 : 0);
 470:BSP/u8g2/u8g2_font.c **** }
 471:BSP/u8g2/u8g2_font.c **** 
 472:BSP/u8g2/u8g2_font.c **** 
 473:BSP/u8g2/u8g2_font.c **** /*
 474:BSP/u8g2/u8g2_font.c ****   Description:
 475:BSP/u8g2/u8g2_font.c ****     Decode and draw a glyph.
ARM GAS  /tmp/cc5sAzkx.s 			page 13


 476:BSP/u8g2/u8g2_font.c ****   Args:
 477:BSP/u8g2/u8g2_font.c ****     glyph_data: 					Pointer to the compressed glyph data of the font
 478:BSP/u8g2/u8g2_font.c ****     u8g2->font_decode.target_x		X position
 479:BSP/u8g2/u8g2_font.c ****     u8g2->font_decode.target_y		Y position
 480:BSP/u8g2/u8g2_font.c ****     u8g2->font_decode.is_transparent	Transparent mode
 481:BSP/u8g2/u8g2_font.c ****   Return:
 482:BSP/u8g2/u8g2_font.c ****     Width (delta x advance) of the glyph.
 483:BSP/u8g2/u8g2_font.c ****   Calls:
 484:BSP/u8g2/u8g2_font.c ****     u8g2_font_decode_len()
 485:BSP/u8g2/u8g2_font.c **** */
 486:BSP/u8g2/u8g2_font.c **** /* optimized */
 487:BSP/u8g2/u8g2_font.c **** int8_t u8g2_font_decode_glyph(u8g2_t *u8g2, const uint8_t *glyph_data)
 488:BSP/u8g2/u8g2_font.c **** {
 489:BSP/u8g2/u8g2_font.c ****   uint8_t a, b;
 490:BSP/u8g2/u8g2_font.c ****   int8_t x, y;
 491:BSP/u8g2/u8g2_font.c ****   int8_t d;
 492:BSP/u8g2/u8g2_font.c ****   int8_t h;
 493:BSP/u8g2/u8g2_font.c ****   u8g2_font_decode_t *decode = &(u8g2->font_decode);
 494:BSP/u8g2/u8g2_font.c ****     
 495:BSP/u8g2/u8g2_font.c ****   u8g2_font_setup_decode(u8g2, glyph_data);
 496:BSP/u8g2/u8g2_font.c ****   h = u8g2->font_decode.glyph_height;
 497:BSP/u8g2/u8g2_font.c ****   
 498:BSP/u8g2/u8g2_font.c ****   x = u8g2_font_decode_get_signed_bits(decode, u8g2->font_info.bits_per_char_x);
 499:BSP/u8g2/u8g2_font.c ****   y = u8g2_font_decode_get_signed_bits(decode, u8g2->font_info.bits_per_char_y);
 500:BSP/u8g2/u8g2_font.c ****   d = u8g2_font_decode_get_signed_bits(decode, u8g2->font_info.bits_per_delta_x);
 501:BSP/u8g2/u8g2_font.c ****   
 502:BSP/u8g2/u8g2_font.c ****   if ( decode->glyph_width > 0 )
 503:BSP/u8g2/u8g2_font.c ****   {
 504:BSP/u8g2/u8g2_font.c **** #ifdef U8G2_WITH_FONT_ROTATION
 505:BSP/u8g2/u8g2_font.c ****     decode->target_x = u8g2_add_vector_x(decode->target_x, x, -(h+y), decode->dir);
 506:BSP/u8g2/u8g2_font.c ****     decode->target_y = u8g2_add_vector_y(decode->target_y, x, -(h+y), decode->dir);
 507:BSP/u8g2/u8g2_font.c **** #else
 508:BSP/u8g2/u8g2_font.c ****     decode->target_x += x;
 509:BSP/u8g2/u8g2_font.c ****     decode->target_y -= h+y;
 510:BSP/u8g2/u8g2_font.c **** #endif
 511:BSP/u8g2/u8g2_font.c ****     //u8g2_add_vector(&(decode->target_x), &(decode->target_y), x, -(h+y), decode->dir);
 512:BSP/u8g2/u8g2_font.c **** 
 513:BSP/u8g2/u8g2_font.c **** #ifdef U8G2_WITH_INTERSECTION
 514:BSP/u8g2/u8g2_font.c ****     {
 515:BSP/u8g2/u8g2_font.c ****       u8g2_uint_t x0, x1, y0, y1;
 516:BSP/u8g2/u8g2_font.c ****       x0 = decode->target_x;
 517:BSP/u8g2/u8g2_font.c ****       y0 = decode->target_y;
 518:BSP/u8g2/u8g2_font.c ****       x1 = x0;
 519:BSP/u8g2/u8g2_font.c ****       y1 = y0;
 520:BSP/u8g2/u8g2_font.c ****       
 521:BSP/u8g2/u8g2_font.c **** #ifdef U8G2_WITH_FONT_ROTATION
 522:BSP/u8g2/u8g2_font.c ****       switch(decode->dir)
 523:BSP/u8g2/u8g2_font.c ****       {
 524:BSP/u8g2/u8g2_font.c **** 	case 0:
 525:BSP/u8g2/u8g2_font.c **** 	    x1 += decode->glyph_width;
 526:BSP/u8g2/u8g2_font.c **** 	    y1 += h;
 527:BSP/u8g2/u8g2_font.c **** 	    break;
 528:BSP/u8g2/u8g2_font.c **** 	case 1:
 529:BSP/u8g2/u8g2_font.c **** 	    x0 -= h;
 530:BSP/u8g2/u8g2_font.c **** 	    x0++;	/* shift down, because of assymetric boundaries for the interseciton test */
 531:BSP/u8g2/u8g2_font.c **** 	    x1++;
 532:BSP/u8g2/u8g2_font.c **** 	    y1 += decode->glyph_width;
ARM GAS  /tmp/cc5sAzkx.s 			page 14


 533:BSP/u8g2/u8g2_font.c **** 	    break;
 534:BSP/u8g2/u8g2_font.c **** 	case 2:
 535:BSP/u8g2/u8g2_font.c **** 	    x0 -= decode->glyph_width;
 536:BSP/u8g2/u8g2_font.c **** 	    x0++;	/* shift down, because of assymetric boundaries for the interseciton test */
 537:BSP/u8g2/u8g2_font.c **** 	    x1++;
 538:BSP/u8g2/u8g2_font.c **** 	    y0 -= h;
 539:BSP/u8g2/u8g2_font.c **** 	    y0++;	/* shift down, because of assymetric boundaries for the interseciton test */
 540:BSP/u8g2/u8g2_font.c **** 	    y1++;
 541:BSP/u8g2/u8g2_font.c **** 	    break;	  
 542:BSP/u8g2/u8g2_font.c **** 	case 3:
 543:BSP/u8g2/u8g2_font.c **** 	    x1 += h;
 544:BSP/u8g2/u8g2_font.c **** 	    y0 -= decode->glyph_width;
 545:BSP/u8g2/u8g2_font.c **** 	    y0++;	/* shift down, because of assymetric boundaries for the interseciton test */
 546:BSP/u8g2/u8g2_font.c **** 	    y1++;
 547:BSP/u8g2/u8g2_font.c **** 	    break;	  
 548:BSP/u8g2/u8g2_font.c ****       }
 549:BSP/u8g2/u8g2_font.c **** #else /* U8G2_WITH_FONT_ROTATION */
 550:BSP/u8g2/u8g2_font.c ****       x1 += decode->glyph_width;
 551:BSP/u8g2/u8g2_font.c ****       y1 += h;      
 552:BSP/u8g2/u8g2_font.c **** #endif
 553:BSP/u8g2/u8g2_font.c ****       
 554:BSP/u8g2/u8g2_font.c ****       if ( u8g2_IsIntersection(u8g2, x0, y0, x1, y1) == 0 ) 
 555:BSP/u8g2/u8g2_font.c **** 	return d;
 556:BSP/u8g2/u8g2_font.c ****     }
 557:BSP/u8g2/u8g2_font.c **** #endif /* U8G2_WITH_INTERSECTION */
 558:BSP/u8g2/u8g2_font.c ****    
 559:BSP/u8g2/u8g2_font.c ****     /* reset local x/y position */
 560:BSP/u8g2/u8g2_font.c ****     decode->x = 0;
 561:BSP/u8g2/u8g2_font.c ****     decode->y = 0;
 562:BSP/u8g2/u8g2_font.c ****     
 563:BSP/u8g2/u8g2_font.c ****     /* decode glyph */
 564:BSP/u8g2/u8g2_font.c ****     for(;;)
 565:BSP/u8g2/u8g2_font.c ****     {
 566:BSP/u8g2/u8g2_font.c ****       a = u8g2_font_decode_get_unsigned_bits(decode, u8g2->font_info.bits_per_0);
 567:BSP/u8g2/u8g2_font.c ****       b = u8g2_font_decode_get_unsigned_bits(decode, u8g2->font_info.bits_per_1);
 568:BSP/u8g2/u8g2_font.c ****       do
 569:BSP/u8g2/u8g2_font.c ****       {
 570:BSP/u8g2/u8g2_font.c **** 	u8g2_font_decode_len(u8g2, a, 0);
 571:BSP/u8g2/u8g2_font.c **** 	u8g2_font_decode_len(u8g2, b, 1);
 572:BSP/u8g2/u8g2_font.c ****       } while( u8g2_font_decode_get_unsigned_bits(decode, 1) != 0 );
 573:BSP/u8g2/u8g2_font.c **** 
 574:BSP/u8g2/u8g2_font.c ****       if ( decode->y >= h )
 575:BSP/u8g2/u8g2_font.c **** 	break;
 576:BSP/u8g2/u8g2_font.c ****     }
 577:BSP/u8g2/u8g2_font.c ****     
 578:BSP/u8g2/u8g2_font.c ****     /* restore the u8g2 draw color, because this is modified by the decode algo */
 579:BSP/u8g2/u8g2_font.c ****     u8g2->draw_color = decode->fg_color;
 580:BSP/u8g2/u8g2_font.c ****   }
 581:BSP/u8g2/u8g2_font.c ****   return d;
 582:BSP/u8g2/u8g2_font.c **** }
 583:BSP/u8g2/u8g2_font.c **** 
 584:BSP/u8g2/u8g2_font.c **** /*
 585:BSP/u8g2/u8g2_font.c ****   Description:
 586:BSP/u8g2/u8g2_font.c ****     Find the starting point of the glyph data.
 587:BSP/u8g2/u8g2_font.c ****   Args:
 588:BSP/u8g2/u8g2_font.c ****     encoding: Encoding (ASCII or Unicode) of the glyph
 589:BSP/u8g2/u8g2_font.c ****   Return:
ARM GAS  /tmp/cc5sAzkx.s 			page 15


 590:BSP/u8g2/u8g2_font.c ****     Address of the glyph data or NULL, if the encoding is not avialable in the font.
 591:BSP/u8g2/u8g2_font.c **** */
 592:BSP/u8g2/u8g2_font.c **** const uint8_t *u8g2_font_get_glyph_data(u8g2_t *u8g2, uint16_t encoding)
 593:BSP/u8g2/u8g2_font.c **** {
 594:BSP/u8g2/u8g2_font.c ****   const uint8_t *font = u8g2->font;
 595:BSP/u8g2/u8g2_font.c ****   font += U8G2_FONT_DATA_STRUCT_SIZE;
 596:BSP/u8g2/u8g2_font.c **** 
 597:BSP/u8g2/u8g2_font.c ****   
 598:BSP/u8g2/u8g2_font.c ****   if ( encoding <= 255 )
 599:BSP/u8g2/u8g2_font.c ****   {
 600:BSP/u8g2/u8g2_font.c ****     if ( encoding >= 'a' )
 601:BSP/u8g2/u8g2_font.c ****     {
 602:BSP/u8g2/u8g2_font.c ****       font += u8g2->font_info.start_pos_lower_a;
 603:BSP/u8g2/u8g2_font.c ****     }
 604:BSP/u8g2/u8g2_font.c ****     else if ( encoding >= 'A' )
 605:BSP/u8g2/u8g2_font.c ****     {
 606:BSP/u8g2/u8g2_font.c ****       font += u8g2->font_info.start_pos_upper_A;
 607:BSP/u8g2/u8g2_font.c ****     }
 608:BSP/u8g2/u8g2_font.c ****     
 609:BSP/u8g2/u8g2_font.c ****     for(;;)
 610:BSP/u8g2/u8g2_font.c ****     {
 611:BSP/u8g2/u8g2_font.c ****       if ( u8x8_pgm_read( font + 1 ) == 0 )
 612:BSP/u8g2/u8g2_font.c **** 	break;
 613:BSP/u8g2/u8g2_font.c ****       if ( u8x8_pgm_read( font ) == encoding )
 614:BSP/u8g2/u8g2_font.c ****       {
 615:BSP/u8g2/u8g2_font.c **** 	return font+2;	/* skip encoding and glyph size */
 616:BSP/u8g2/u8g2_font.c ****       }
 617:BSP/u8g2/u8g2_font.c ****       font += u8x8_pgm_read( font + 1 );
 618:BSP/u8g2/u8g2_font.c ****     }
 619:BSP/u8g2/u8g2_font.c ****   }
 620:BSP/u8g2/u8g2_font.c **** #ifdef U8G2_WITH_UNICODE
 621:BSP/u8g2/u8g2_font.c ****   else
 622:BSP/u8g2/u8g2_font.c ****   {
 623:BSP/u8g2/u8g2_font.c ****     uint16_t e;
 624:BSP/u8g2/u8g2_font.c ****     const uint8_t *unicode_lookup_table;
 625:BSP/u8g2/u8g2_font.c ****     
 626:BSP/u8g2/u8g2_font.c **** // removed, there is now the new index table
 627:BSP/u8g2/u8g2_font.c **** //#ifdef  __unix__
 628:BSP/u8g2/u8g2_font.c **** //    if ( u8g2->last_font_data != NULL && encoding >= u8g2->last_unicode )
 629:BSP/u8g2/u8g2_font.c **** //    {
 630:BSP/u8g2/u8g2_font.c **** //	font = u8g2->last_font_data;
 631:BSP/u8g2/u8g2_font.c **** //    }
 632:BSP/u8g2/u8g2_font.c **** //    else
 633:BSP/u8g2/u8g2_font.c **** //#endif 
 634:BSP/u8g2/u8g2_font.c **** 
 635:BSP/u8g2/u8g2_font.c ****     font += u8g2->font_info.start_pos_unicode;
 636:BSP/u8g2/u8g2_font.c ****     unicode_lookup_table = font; 
 637:BSP/u8g2/u8g2_font.c ****   
 638:BSP/u8g2/u8g2_font.c ****     /* issue 596: search for the glyph start in the unicode lookup table */
 639:BSP/u8g2/u8g2_font.c ****     do
 640:BSP/u8g2/u8g2_font.c ****     {
 641:BSP/u8g2/u8g2_font.c ****       font += u8g2_font_get_word(unicode_lookup_table, 0);
 642:BSP/u8g2/u8g2_font.c ****       e = u8g2_font_get_word(unicode_lookup_table, 2);
 643:BSP/u8g2/u8g2_font.c ****       unicode_lookup_table+=4;
 644:BSP/u8g2/u8g2_font.c ****     } while( e < encoding );
 645:BSP/u8g2/u8g2_font.c ****     
 646:BSP/u8g2/u8g2_font.c ****   
ARM GAS  /tmp/cc5sAzkx.s 			page 16


 647:BSP/u8g2/u8g2_font.c ****     for(;;)
 648:BSP/u8g2/u8g2_font.c ****     {
 649:BSP/u8g2/u8g2_font.c ****       e = u8x8_pgm_read( font );
 650:BSP/u8g2/u8g2_font.c ****       e <<= 8;
 651:BSP/u8g2/u8g2_font.c ****       e |= u8x8_pgm_read( font + 1 );
 652:BSP/u8g2/u8g2_font.c ****   
 653:BSP/u8g2/u8g2_font.c **** // removed, there is now the new index table  
 654:BSP/u8g2/u8g2_font.c **** //#ifdef  __unix__
 655:BSP/u8g2/u8g2_font.c **** //      if ( encoding < e )
 656:BSP/u8g2/u8g2_font.c **** //        break;
 657:BSP/u8g2/u8g2_font.c **** //#endif 
 658:BSP/u8g2/u8g2_font.c **** 
 659:BSP/u8g2/u8g2_font.c ****       if ( e == 0 )
 660:BSP/u8g2/u8g2_font.c **** 	break;
 661:BSP/u8g2/u8g2_font.c ****   
 662:BSP/u8g2/u8g2_font.c ****       if ( e == encoding )
 663:BSP/u8g2/u8g2_font.c ****       {
 664:BSP/u8g2/u8g2_font.c **** // removed, there is now the new index table
 665:BSP/u8g2/u8g2_font.c **** //#ifdef  __unix__
 666:BSP/u8g2/u8g2_font.c **** //	u8g2->last_font_data = font;
 667:BSP/u8g2/u8g2_font.c **** //	u8g2->last_unicode = encoding;
 668:BSP/u8g2/u8g2_font.c **** //#endif 
 669:BSP/u8g2/u8g2_font.c **** 	return font+3;	/* skip encoding and glyph size */
 670:BSP/u8g2/u8g2_font.c ****       }
 671:BSP/u8g2/u8g2_font.c ****       font += u8x8_pgm_read( font + 2 );
 672:BSP/u8g2/u8g2_font.c ****     }  
 673:BSP/u8g2/u8g2_font.c ****   }
 674:BSP/u8g2/u8g2_font.c **** #endif
 675:BSP/u8g2/u8g2_font.c ****   
 676:BSP/u8g2/u8g2_font.c ****   return NULL;
 677:BSP/u8g2/u8g2_font.c **** }
 678:BSP/u8g2/u8g2_font.c **** 
 679:BSP/u8g2/u8g2_font.c **** static u8g2_uint_t u8g2_font_draw_glyph(u8g2_t *u8g2, u8g2_uint_t x, u8g2_uint_t y, uint16_t encodi
 680:BSP/u8g2/u8g2_font.c **** {
 681:BSP/u8g2/u8g2_font.c ****   u8g2_uint_t dx = 0;
 682:BSP/u8g2/u8g2_font.c ****   u8g2->font_decode.target_x = x;
 683:BSP/u8g2/u8g2_font.c ****   u8g2->font_decode.target_y = y;
 684:BSP/u8g2/u8g2_font.c ****   //u8g2->font_decode.is_transparent = is_transparent; this is already set
 685:BSP/u8g2/u8g2_font.c ****   //u8g2->font_decode.dir = dir;
 686:BSP/u8g2/u8g2_font.c ****   const uint8_t *glyph_data = u8g2_font_get_glyph_data(u8g2, encoding);
 687:BSP/u8g2/u8g2_font.c ****   if ( glyph_data != NULL )
 688:BSP/u8g2/u8g2_font.c ****   {
 689:BSP/u8g2/u8g2_font.c ****     dx = u8g2_font_decode_glyph(u8g2, glyph_data);
 690:BSP/u8g2/u8g2_font.c ****   }
 691:BSP/u8g2/u8g2_font.c ****   return dx;
 692:BSP/u8g2/u8g2_font.c **** }
 693:BSP/u8g2/u8g2_font.c **** 
 694:BSP/u8g2/u8g2_font.c **** 
 695:BSP/u8g2/u8g2_font.c **** 
 696:BSP/u8g2/u8g2_font.c **** uint8_t u8g2_IsGlyph(u8g2_t *u8g2, uint16_t requested_encoding)
 697:BSP/u8g2/u8g2_font.c **** {
 698:BSP/u8g2/u8g2_font.c ****   /* updated to new code */
 699:BSP/u8g2/u8g2_font.c ****   if ( u8g2_font_get_glyph_data(u8g2, requested_encoding) != NULL )
 700:BSP/u8g2/u8g2_font.c ****     return 1;
 701:BSP/u8g2/u8g2_font.c ****   return 0;
 702:BSP/u8g2/u8g2_font.c **** }
 703:BSP/u8g2/u8g2_font.c **** 
ARM GAS  /tmp/cc5sAzkx.s 			page 17


 704:BSP/u8g2/u8g2_font.c **** /* side effect: updates u8g2->font_decode and u8g2->glyph_x_offset */
 705:BSP/u8g2/u8g2_font.c **** int8_t u8g2_GetGlyphWidth(u8g2_t *u8g2, uint16_t requested_encoding)
 706:BSP/u8g2/u8g2_font.c **** {
 707:BSP/u8g2/u8g2_font.c ****   const uint8_t *glyph_data = u8g2_font_get_glyph_data(u8g2, requested_encoding);
 708:BSP/u8g2/u8g2_font.c ****   if ( glyph_data == NULL )
 709:BSP/u8g2/u8g2_font.c ****     return 0; 
 710:BSP/u8g2/u8g2_font.c ****   
 711:BSP/u8g2/u8g2_font.c ****   u8g2_font_setup_decode(u8g2, glyph_data);
 712:BSP/u8g2/u8g2_font.c ****   u8g2->glyph_x_offset = u8g2_font_decode_get_signed_bits(&(u8g2->font_decode), u8g2->font_info.bit
 713:BSP/u8g2/u8g2_font.c ****   u8g2_font_decode_get_signed_bits(&(u8g2->font_decode), u8g2->font_info.bits_per_char_y);
 714:BSP/u8g2/u8g2_font.c ****   
 715:BSP/u8g2/u8g2_font.c ****   /* glyph width is here: u8g2->font_decode.glyph_width */
 716:BSP/u8g2/u8g2_font.c **** 
 717:BSP/u8g2/u8g2_font.c ****   return u8g2_font_decode_get_signed_bits(&(u8g2->font_decode), u8g2->font_info.bits_per_delta_x);
 718:BSP/u8g2/u8g2_font.c **** }
 719:BSP/u8g2/u8g2_font.c **** 
 720:BSP/u8g2/u8g2_font.c **** 
 721:BSP/u8g2/u8g2_font.c **** /*
 722:BSP/u8g2/u8g2_font.c ****   set one of:
 723:BSP/u8g2/u8g2_font.c ****     U8G2_FONT_MODE_TRANSPARENT
 724:BSP/u8g2/u8g2_font.c ****     U8G2_FONT_MODE_SOLID
 725:BSP/u8g2/u8g2_font.c ****     U8G2_FONT_MODE_NONE
 726:BSP/u8g2/u8g2_font.c ****   This has been changed for the new font procedures  
 727:BSP/u8g2/u8g2_font.c **** */
 728:BSP/u8g2/u8g2_font.c **** void u8g2_SetFontMode(u8g2_t *u8g2, uint8_t is_transparent)
 729:BSP/u8g2/u8g2_font.c **** {
 730:BSP/u8g2/u8g2_font.c ****   u8g2->font_decode.is_transparent = is_transparent;		// new font procedures
 731:BSP/u8g2/u8g2_font.c **** }
 732:BSP/u8g2/u8g2_font.c **** 
 733:BSP/u8g2/u8g2_font.c **** u8g2_uint_t u8g2_DrawGlyph(u8g2_t *u8g2, u8g2_uint_t x, u8g2_uint_t y, uint16_t encoding)
 734:BSP/u8g2/u8g2_font.c **** {
 735:BSP/u8g2/u8g2_font.c **** #ifdef U8G2_WITH_FONT_ROTATION
 736:BSP/u8g2/u8g2_font.c ****   switch(u8g2->font_decode.dir)
 737:BSP/u8g2/u8g2_font.c ****   {
 738:BSP/u8g2/u8g2_font.c ****     case 0:
 739:BSP/u8g2/u8g2_font.c ****       y += u8g2->font_calc_vref(u8g2);
 740:BSP/u8g2/u8g2_font.c ****       break;
 741:BSP/u8g2/u8g2_font.c ****     case 1:
 742:BSP/u8g2/u8g2_font.c ****       x -= u8g2->font_calc_vref(u8g2);
 743:BSP/u8g2/u8g2_font.c ****       break;
 744:BSP/u8g2/u8g2_font.c ****     case 2:
 745:BSP/u8g2/u8g2_font.c ****       y -= u8g2->font_calc_vref(u8g2);
 746:BSP/u8g2/u8g2_font.c ****       break;
 747:BSP/u8g2/u8g2_font.c ****     case 3:
 748:BSP/u8g2/u8g2_font.c ****       x += u8g2->font_calc_vref(u8g2);
 749:BSP/u8g2/u8g2_font.c ****       break;
 750:BSP/u8g2/u8g2_font.c ****   }
 751:BSP/u8g2/u8g2_font.c **** #else
 752:BSP/u8g2/u8g2_font.c ****   y += u8g2->font_calc_vref(u8g2);
 753:BSP/u8g2/u8g2_font.c **** #endif
 754:BSP/u8g2/u8g2_font.c ****   return u8g2_font_draw_glyph(u8g2, x, y, encoding);
 755:BSP/u8g2/u8g2_font.c **** }
 756:BSP/u8g2/u8g2_font.c **** 
 757:BSP/u8g2/u8g2_font.c **** static u8g2_uint_t u8g2_draw_string(u8g2_t *u8g2, u8g2_uint_t x, u8g2_uint_t y, const char *str) U8
 758:BSP/u8g2/u8g2_font.c **** static u8g2_uint_t u8g2_draw_string(u8g2_t *u8g2, u8g2_uint_t x, u8g2_uint_t y, const char *str)
 759:BSP/u8g2/u8g2_font.c **** {
 760:BSP/u8g2/u8g2_font.c ****   uint16_t e;
ARM GAS  /tmp/cc5sAzkx.s 			page 18


 761:BSP/u8g2/u8g2_font.c ****   u8g2_uint_t delta, sum;
 762:BSP/u8g2/u8g2_font.c ****   u8x8_utf8_init(u8g2_GetU8x8(u8g2));
 763:BSP/u8g2/u8g2_font.c ****   sum = 0;
 764:BSP/u8g2/u8g2_font.c ****   for(;;)
 765:BSP/u8g2/u8g2_font.c ****   {
 766:BSP/u8g2/u8g2_font.c ****     e = u8g2->u8x8.next_cb(u8g2_GetU8x8(u8g2), (uint8_t)*str);
 767:BSP/u8g2/u8g2_font.c ****     if ( e == 0x0ffff )
 768:BSP/u8g2/u8g2_font.c ****       break;
 769:BSP/u8g2/u8g2_font.c ****     str++;
 770:BSP/u8g2/u8g2_font.c ****     if ( e != 0x0fffe )
 771:BSP/u8g2/u8g2_font.c ****     {
 772:BSP/u8g2/u8g2_font.c ****       delta = u8g2_DrawGlyph(u8g2, x, y, e);
 773:BSP/u8g2/u8g2_font.c ****     
 774:BSP/u8g2/u8g2_font.c **** #ifdef U8G2_WITH_FONT_ROTATION
 775:BSP/u8g2/u8g2_font.c ****       switch(u8g2->font_decode.dir)
 776:BSP/u8g2/u8g2_font.c ****       {
 777:BSP/u8g2/u8g2_font.c **** 	case 0:
 778:BSP/u8g2/u8g2_font.c **** 	  x += delta;
 779:BSP/u8g2/u8g2_font.c **** 	  break;
 780:BSP/u8g2/u8g2_font.c **** 	case 1:
 781:BSP/u8g2/u8g2_font.c **** 	  y += delta;
 782:BSP/u8g2/u8g2_font.c **** 	  break;
 783:BSP/u8g2/u8g2_font.c **** 	case 2:
 784:BSP/u8g2/u8g2_font.c **** 	  x -= delta;
 785:BSP/u8g2/u8g2_font.c **** 	  break;
 786:BSP/u8g2/u8g2_font.c **** 	case 3:
 787:BSP/u8g2/u8g2_font.c **** 	  y -= delta;
 788:BSP/u8g2/u8g2_font.c **** 	  break;
 789:BSP/u8g2/u8g2_font.c ****       }
 790:BSP/u8g2/u8g2_font.c **** #else
 791:BSP/u8g2/u8g2_font.c ****       x += delta;
 792:BSP/u8g2/u8g2_font.c **** #endif
 793:BSP/u8g2/u8g2_font.c **** 
 794:BSP/u8g2/u8g2_font.c ****       sum += delta;    
 795:BSP/u8g2/u8g2_font.c ****     }
 796:BSP/u8g2/u8g2_font.c ****   }
 797:BSP/u8g2/u8g2_font.c ****   return sum;
 798:BSP/u8g2/u8g2_font.c **** }
 799:BSP/u8g2/u8g2_font.c **** 
 800:BSP/u8g2/u8g2_font.c **** u8g2_uint_t u8g2_DrawStr(u8g2_t *u8g2, u8g2_uint_t x, u8g2_uint_t y, const char *str)
 801:BSP/u8g2/u8g2_font.c **** {
 802:BSP/u8g2/u8g2_font.c ****   u8g2->u8x8.next_cb = u8x8_ascii_next;
 803:BSP/u8g2/u8g2_font.c ****   return u8g2_draw_string(u8g2, x, y, str);
 804:BSP/u8g2/u8g2_font.c **** }
 805:BSP/u8g2/u8g2_font.c **** 
 806:BSP/u8g2/u8g2_font.c **** /*
 807:BSP/u8g2/u8g2_font.c **** source: https://en.wikipedia.org/wiki/UTF-8
 808:BSP/u8g2/u8g2_font.c **** Bits	from 		to			bytes	Byte 1 		Byte 2 		Byte 3 		Byte 4 		Byte 5 		Byte 6
 809:BSP/u8g2/u8g2_font.c ****   7 	U+0000 		U+007F 		1 		0xxxxxxx
 810:BSP/u8g2/u8g2_font.c **** 11 	U+0080 		U+07FF 		2 		110xxxxx 	10xxxxxx
 811:BSP/u8g2/u8g2_font.c **** 16 	U+0800 		U+FFFF 		3 		1110xxxx 	10xxxxxx 	10xxxxxx
 812:BSP/u8g2/u8g2_font.c **** 21 	U+10000 	U+1FFFFF 	4 		11110xxx 	10xxxxxx 	10xxxxxx 	10xxxxxx
 813:BSP/u8g2/u8g2_font.c **** 26 	U+200000 	U+3FFFFFF 	5 		111110xx 	10xxxxxx 	10xxxxxx 	10xxxxxx 	10xxxxxx
 814:BSP/u8g2/u8g2_font.c **** 31 	U+4000000 	U+7FFFFFFF 	6 		1111110x 	10xxxxxx 	10xxxxxx 	10xxxxxx 	10xxxxxx 	10xxxxxx  
 815:BSP/u8g2/u8g2_font.c **** */
 816:BSP/u8g2/u8g2_font.c **** u8g2_uint_t u8g2_DrawUTF8(u8g2_t *u8g2, u8g2_uint_t x, u8g2_uint_t y, const char *str)
 817:BSP/u8g2/u8g2_font.c **** {
ARM GAS  /tmp/cc5sAzkx.s 			page 19


 818:BSP/u8g2/u8g2_font.c ****   u8g2->u8x8.next_cb = u8x8_utf8_next;
 819:BSP/u8g2/u8g2_font.c ****   return u8g2_draw_string(u8g2, x, y, str);
 820:BSP/u8g2/u8g2_font.c **** }
 821:BSP/u8g2/u8g2_font.c **** 
 822:BSP/u8g2/u8g2_font.c **** 
 823:BSP/u8g2/u8g2_font.c **** 
 824:BSP/u8g2/u8g2_font.c **** u8g2_uint_t u8g2_DrawExtendedUTF8(u8g2_t *u8g2, u8g2_uint_t x, u8g2_uint_t y, uint8_t to_left, u8g2
 825:BSP/u8g2/u8g2_font.c **** {
 826:BSP/u8g2/u8g2_font.c ****   u8g2->u8x8.next_cb = u8x8_utf8_next;
 827:BSP/u8g2/u8g2_font.c ****   uint16_t e_prev = 0x0ffff;
 828:BSP/u8g2/u8g2_font.c ****   uint16_t e;
 829:BSP/u8g2/u8g2_font.c ****   u8g2_uint_t delta, sum, k;
 830:BSP/u8g2/u8g2_font.c ****   u8x8_utf8_init(u8g2_GetU8x8(u8g2));
 831:BSP/u8g2/u8g2_font.c ****   sum = 0;
 832:BSP/u8g2/u8g2_font.c ****   for(;;)
 833:BSP/u8g2/u8g2_font.c ****   {
 834:BSP/u8g2/u8g2_font.c ****     e = u8g2->u8x8.next_cb(u8g2_GetU8x8(u8g2), (uint8_t)*str);
 835:BSP/u8g2/u8g2_font.c ****     if ( e == 0x0ffff )
 836:BSP/u8g2/u8g2_font.c ****       break;
 837:BSP/u8g2/u8g2_font.c ****     str++;
 838:BSP/u8g2/u8g2_font.c ****     if ( e != 0x0fffe )
 839:BSP/u8g2/u8g2_font.c ****     {
 840:BSP/u8g2/u8g2_font.c ****       delta = u8g2_GetGlyphWidth(u8g2, e);
 841:BSP/u8g2/u8g2_font.c **** 	    
 842:BSP/u8g2/u8g2_font.c ****       if ( to_left )
 843:BSP/u8g2/u8g2_font.c ****       {
 844:BSP/u8g2/u8g2_font.c ****         k = u8g2_GetKerning(u8g2, kerning, e, e_prev);
 845:BSP/u8g2/u8g2_font.c **** 	delta -= k;
 846:BSP/u8g2/u8g2_font.c **** 	x -= delta;
 847:BSP/u8g2/u8g2_font.c ****       }
 848:BSP/u8g2/u8g2_font.c ****       else
 849:BSP/u8g2/u8g2_font.c ****       {
 850:BSP/u8g2/u8g2_font.c ****         k = u8g2_GetKerning(u8g2, kerning, e_prev, e);
 851:BSP/u8g2/u8g2_font.c **** 	delta -= k;
 852:BSP/u8g2/u8g2_font.c ****       }
 853:BSP/u8g2/u8g2_font.c ****       e_prev = e;
 854:BSP/u8g2/u8g2_font.c **** 
 855:BSP/u8g2/u8g2_font.c ****       u8g2_DrawGlyph(u8g2, x, y, e);
 856:BSP/u8g2/u8g2_font.c ****       if ( to_left )
 857:BSP/u8g2/u8g2_font.c ****       {
 858:BSP/u8g2/u8g2_font.c ****       }
 859:BSP/u8g2/u8g2_font.c ****       else
 860:BSP/u8g2/u8g2_font.c ****       {
 861:BSP/u8g2/u8g2_font.c **** 	x += delta;
 862:BSP/u8g2/u8g2_font.c **** 	x -= k;
 863:BSP/u8g2/u8g2_font.c ****       }
 864:BSP/u8g2/u8g2_font.c ****       
 865:BSP/u8g2/u8g2_font.c ****       sum += delta;    
 866:BSP/u8g2/u8g2_font.c ****     }
 867:BSP/u8g2/u8g2_font.c ****   }
 868:BSP/u8g2/u8g2_font.c ****   return sum;
 869:BSP/u8g2/u8g2_font.c **** }
 870:BSP/u8g2/u8g2_font.c **** 
 871:BSP/u8g2/u8g2_font.c **** u8g2_uint_t u8g2_DrawExtUTF8(u8g2_t *u8g2, u8g2_uint_t x, u8g2_uint_t y, uint8_t to_left, const uin
 872:BSP/u8g2/u8g2_font.c **** {
 873:BSP/u8g2/u8g2_font.c ****   u8g2->u8x8.next_cb = u8x8_utf8_next;
 874:BSP/u8g2/u8g2_font.c ****   uint16_t e_prev = 0x0ffff;
ARM GAS  /tmp/cc5sAzkx.s 			page 20


 875:BSP/u8g2/u8g2_font.c ****   uint16_t e;
 876:BSP/u8g2/u8g2_font.c ****   u8g2_uint_t delta, sum, k;
 877:BSP/u8g2/u8g2_font.c ****   u8x8_utf8_init(u8g2_GetU8x8(u8g2));
 878:BSP/u8g2/u8g2_font.c ****   sum = 0;
 879:BSP/u8g2/u8g2_font.c ****   for(;;)
 880:BSP/u8g2/u8g2_font.c ****   {
 881:BSP/u8g2/u8g2_font.c ****     e = u8g2->u8x8.next_cb(u8g2_GetU8x8(u8g2), (uint8_t)*str);
 882:BSP/u8g2/u8g2_font.c ****     if ( e == 0x0ffff )
 883:BSP/u8g2/u8g2_font.c ****       break;
 884:BSP/u8g2/u8g2_font.c ****     str++;
 885:BSP/u8g2/u8g2_font.c ****     if ( e != 0x0fffe )
 886:BSP/u8g2/u8g2_font.c ****     {
 887:BSP/u8g2/u8g2_font.c ****       delta = u8g2_GetGlyphWidth(u8g2, e);
 888:BSP/u8g2/u8g2_font.c **** 	    
 889:BSP/u8g2/u8g2_font.c ****       if ( to_left )
 890:BSP/u8g2/u8g2_font.c ****       {
 891:BSP/u8g2/u8g2_font.c ****         k = u8g2_GetKerningByTable(u8g2, kerning_table, e, e_prev);
 892:BSP/u8g2/u8g2_font.c **** 	delta -= k;
 893:BSP/u8g2/u8g2_font.c **** 	x -= delta;
 894:BSP/u8g2/u8g2_font.c ****       }
 895:BSP/u8g2/u8g2_font.c ****       else
 896:BSP/u8g2/u8g2_font.c ****       {
 897:BSP/u8g2/u8g2_font.c ****         k = u8g2_GetKerningByTable(u8g2, kerning_table, e_prev, e);
 898:BSP/u8g2/u8g2_font.c **** 	delta -= k;
 899:BSP/u8g2/u8g2_font.c ****       }
 900:BSP/u8g2/u8g2_font.c ****       e_prev = e;
 901:BSP/u8g2/u8g2_font.c **** 
 902:BSP/u8g2/u8g2_font.c ****       if ( to_left )
 903:BSP/u8g2/u8g2_font.c ****       {
 904:BSP/u8g2/u8g2_font.c ****       }
 905:BSP/u8g2/u8g2_font.c ****       else
 906:BSP/u8g2/u8g2_font.c ****       {
 907:BSP/u8g2/u8g2_font.c **** 	x += delta;
 908:BSP/u8g2/u8g2_font.c ****       }
 909:BSP/u8g2/u8g2_font.c ****       u8g2_DrawGlyph(u8g2, x, y, e);
 910:BSP/u8g2/u8g2_font.c ****       if ( to_left )
 911:BSP/u8g2/u8g2_font.c ****       {
 912:BSP/u8g2/u8g2_font.c ****       }
 913:BSP/u8g2/u8g2_font.c ****       else
 914:BSP/u8g2/u8g2_font.c ****       {
 915:BSP/u8g2/u8g2_font.c **** 	//x += delta;
 916:BSP/u8g2/u8g2_font.c **** 	//x -= k;
 917:BSP/u8g2/u8g2_font.c ****       }
 918:BSP/u8g2/u8g2_font.c ****       
 919:BSP/u8g2/u8g2_font.c ****       sum += delta;    
 920:BSP/u8g2/u8g2_font.c ****     }
 921:BSP/u8g2/u8g2_font.c ****   }
 922:BSP/u8g2/u8g2_font.c ****   return sum;
 923:BSP/u8g2/u8g2_font.c **** }
 924:BSP/u8g2/u8g2_font.c **** 
 925:BSP/u8g2/u8g2_font.c **** 
 926:BSP/u8g2/u8g2_font.c **** 
 927:BSP/u8g2/u8g2_font.c **** /*===============================================*/
 928:BSP/u8g2/u8g2_font.c **** 
 929:BSP/u8g2/u8g2_font.c **** /* set ascent/descent for reference point calculation */
 930:BSP/u8g2/u8g2_font.c **** 
 931:BSP/u8g2/u8g2_font.c **** void u8g2_UpdateRefHeight(u8g2_t *u8g2)
ARM GAS  /tmp/cc5sAzkx.s 			page 21


 932:BSP/u8g2/u8g2_font.c **** {
 933:BSP/u8g2/u8g2_font.c ****   if ( u8g2->font == NULL )
 934:BSP/u8g2/u8g2_font.c ****     return;
 935:BSP/u8g2/u8g2_font.c ****   u8g2->font_ref_ascent = u8g2->font_info.ascent_A;
 936:BSP/u8g2/u8g2_font.c ****   u8g2->font_ref_descent = u8g2->font_info.descent_g;
 937:BSP/u8g2/u8g2_font.c ****   if ( u8g2->font_height_mode == U8G2_FONT_HEIGHT_MODE_TEXT )
 938:BSP/u8g2/u8g2_font.c ****   {
 939:BSP/u8g2/u8g2_font.c ****   }
 940:BSP/u8g2/u8g2_font.c ****   else if ( u8g2->font_height_mode == U8G2_FONT_HEIGHT_MODE_XTEXT )
 941:BSP/u8g2/u8g2_font.c ****   {
 942:BSP/u8g2/u8g2_font.c ****     if ( u8g2->font_ref_ascent < u8g2->font_info.ascent_para )
 943:BSP/u8g2/u8g2_font.c ****       u8g2->font_ref_ascent = u8g2->font_info.ascent_para;
 944:BSP/u8g2/u8g2_font.c ****     if ( u8g2->font_ref_descent > u8g2->font_info.descent_para )
 945:BSP/u8g2/u8g2_font.c ****       u8g2->font_ref_descent = u8g2->font_info.descent_para;
 946:BSP/u8g2/u8g2_font.c ****   }
 947:BSP/u8g2/u8g2_font.c ****   else
 948:BSP/u8g2/u8g2_font.c ****   {
 949:BSP/u8g2/u8g2_font.c ****     if ( u8g2->font_ref_ascent < u8g2->font_info.max_char_height+u8g2->font_info.y_offset )
 950:BSP/u8g2/u8g2_font.c ****       u8g2->font_ref_ascent = u8g2->font_info.max_char_height+u8g2->font_info.y_offset;
 951:BSP/u8g2/u8g2_font.c ****     if ( u8g2->font_ref_descent > u8g2->font_info.y_offset )
 952:BSP/u8g2/u8g2_font.c ****       u8g2->font_ref_descent = u8g2->font_info.y_offset;
 953:BSP/u8g2/u8g2_font.c ****   }  
 954:BSP/u8g2/u8g2_font.c **** }
 955:BSP/u8g2/u8g2_font.c **** 
 956:BSP/u8g2/u8g2_font.c **** void u8g2_SetFontRefHeightText(u8g2_t *u8g2)
 957:BSP/u8g2/u8g2_font.c **** {
 958:BSP/u8g2/u8g2_font.c ****   u8g2->font_height_mode = U8G2_FONT_HEIGHT_MODE_TEXT;
 959:BSP/u8g2/u8g2_font.c ****   u8g2_UpdateRefHeight(u8g2);
 960:BSP/u8g2/u8g2_font.c **** }
 961:BSP/u8g2/u8g2_font.c **** 
 962:BSP/u8g2/u8g2_font.c **** void u8g2_SetFontRefHeightExtendedText(u8g2_t *u8g2)
 963:BSP/u8g2/u8g2_font.c **** {
 964:BSP/u8g2/u8g2_font.c ****   u8g2->font_height_mode = U8G2_FONT_HEIGHT_MODE_XTEXT;
 965:BSP/u8g2/u8g2_font.c ****   u8g2_UpdateRefHeight(u8g2);
 966:BSP/u8g2/u8g2_font.c **** }
 967:BSP/u8g2/u8g2_font.c **** 
 968:BSP/u8g2/u8g2_font.c **** void u8g2_SetFontRefHeightAll(u8g2_t *u8g2)
 969:BSP/u8g2/u8g2_font.c **** {
 970:BSP/u8g2/u8g2_font.c ****   u8g2->font_height_mode = U8G2_FONT_HEIGHT_MODE_ALL;
 971:BSP/u8g2/u8g2_font.c ****   u8g2_UpdateRefHeight(u8g2);
 972:BSP/u8g2/u8g2_font.c **** }
 973:BSP/u8g2/u8g2_font.c **** 
 974:BSP/u8g2/u8g2_font.c **** /*===============================================*/
 975:BSP/u8g2/u8g2_font.c **** /* callback procedures to correct the y position */
 976:BSP/u8g2/u8g2_font.c **** 
 977:BSP/u8g2/u8g2_font.c **** u8g2_uint_t u8g2_font_calc_vref_font(U8X8_UNUSED u8g2_t *u8g2)
 978:BSP/u8g2/u8g2_font.c **** {
 219              		.loc 1 978 1 is_stmt 1 view -0
 220              		.cfi_startproc
 221              		@ args = 0, pretend = 0, frame = 0
 222              		@ frame_needed = 0, uses_anonymous_args = 0
 223              		@ link register save eliminated.
 979:BSP/u8g2/u8g2_font.c ****   return 0;
 224              		.loc 1 979 3 view .LVU60
 980:BSP/u8g2/u8g2_font.c **** }
 225              		.loc 1 980 1 is_stmt 0 view .LVU61
 226 0000 0020     		movs	r0, #0
ARM GAS  /tmp/cc5sAzkx.s 			page 22


 227              	.LVL25:
 228              		.loc 1 980 1 view .LVU62
 229 0002 7047     		bx	lr
 230              		.cfi_endproc
 231              	.LFE31:
 233              		.section	.text.u8g2_font_calc_vref_bottom,"ax",%progbits
 234              		.align	1
 235              		.global	u8g2_font_calc_vref_bottom
 236              		.syntax unified
 237              		.thumb
 238              		.thumb_func
 240              	u8g2_font_calc_vref_bottom:
 241              	.LVL26:
 242              	.LFB33:
 981:BSP/u8g2/u8g2_font.c **** 
 982:BSP/u8g2/u8g2_font.c **** void u8g2_SetFontPosBaseline(u8g2_t *u8g2)
 983:BSP/u8g2/u8g2_font.c **** {
 984:BSP/u8g2/u8g2_font.c ****   u8g2->font_calc_vref = u8g2_font_calc_vref_font;
 985:BSP/u8g2/u8g2_font.c **** }
 986:BSP/u8g2/u8g2_font.c **** 
 987:BSP/u8g2/u8g2_font.c **** 
 988:BSP/u8g2/u8g2_font.c **** u8g2_uint_t u8g2_font_calc_vref_bottom(u8g2_t *u8g2)
 989:BSP/u8g2/u8g2_font.c **** {
 243              		.loc 1 989 1 is_stmt 1 view -0
 244              		.cfi_startproc
 245              		@ args = 0, pretend = 0, frame = 0
 246              		@ frame_needed = 0, uses_anonymous_args = 0
 247              		@ link register save eliminated.
 990:BSP/u8g2/u8g2_font.c ****   return (u8g2_uint_t)(u8g2->font_ref_descent);
 248              		.loc 1 990 3 view .LVU64
 249              		.loc 1 990 28 is_stmt 0 view .LVU65
 250 0000 90F98300 		ldrsb	r0, [r0, #131]
 251              	.LVL27:
 991:BSP/u8g2/u8g2_font.c **** }
 252              		.loc 1 991 1 view .LVU66
 253 0004 C0B2     		uxtb	r0, r0
 254 0006 7047     		bx	lr
 255              		.cfi_endproc
 256              	.LFE33:
 258              		.section	.text.u8g2_font_calc_vref_top,"ax",%progbits
 259              		.align	1
 260              		.global	u8g2_font_calc_vref_top
 261              		.syntax unified
 262              		.thumb
 263              		.thumb_func
 265              	u8g2_font_calc_vref_top:
 266              	.LVL28:
 267              	.LFB35:
 992:BSP/u8g2/u8g2_font.c **** 
 993:BSP/u8g2/u8g2_font.c **** void u8g2_SetFontPosBottom(u8g2_t *u8g2)
 994:BSP/u8g2/u8g2_font.c **** {
 995:BSP/u8g2/u8g2_font.c ****   u8g2->font_calc_vref = u8g2_font_calc_vref_bottom;
 996:BSP/u8g2/u8g2_font.c **** }
 997:BSP/u8g2/u8g2_font.c **** 
 998:BSP/u8g2/u8g2_font.c **** u8g2_uint_t u8g2_font_calc_vref_top(u8g2_t *u8g2)
 999:BSP/u8g2/u8g2_font.c **** {
 268              		.loc 1 999 1 is_stmt 1 view -0
ARM GAS  /tmp/cc5sAzkx.s 			page 23


 269              		.cfi_startproc
 270              		@ args = 0, pretend = 0, frame = 0
 271              		@ frame_needed = 0, uses_anonymous_args = 0
 272              		@ link register save eliminated.
1000:BSP/u8g2/u8g2_font.c ****   u8g2_uint_t tmp;
 273              		.loc 1 1000 3 view .LVU68
1001:BSP/u8g2/u8g2_font.c ****   /* reference pos is one pixel above the upper edge of the reference glyph */
1002:BSP/u8g2/u8g2_font.c ****   tmp = (u8g2_uint_t)(u8g2->font_ref_ascent);
 274              		.loc 1 1002 3 view .LVU69
 275              		.loc 1 1002 27 is_stmt 0 view .LVU70
 276 0000 90F98200 		ldrsb	r0, [r0, #130]
 277              	.LVL29:
 278              		.loc 1 1002 7 view .LVU71
 279 0004 C0B2     		uxtb	r0, r0
 280              	.LVL30:
1003:BSP/u8g2/u8g2_font.c ****   tmp++;
 281              		.loc 1 1003 3 is_stmt 1 view .LVU72
 282              		.loc 1 1003 6 is_stmt 0 view .LVU73
 283 0006 0130     		adds	r0, r0, #1
 284              	.LVL31:
1004:BSP/u8g2/u8g2_font.c ****   return tmp;
 285              		.loc 1 1004 3 is_stmt 1 view .LVU74
1005:BSP/u8g2/u8g2_font.c **** }
 286              		.loc 1 1005 1 is_stmt 0 view .LVU75
 287 0008 C0B2     		uxtb	r0, r0
 288              		.loc 1 1005 1 view .LVU76
 289 000a 7047     		bx	lr
 290              		.cfi_endproc
 291              	.LFE35:
 293              		.section	.text.u8g2_font_calc_vref_center,"ax",%progbits
 294              		.align	1
 295              		.global	u8g2_font_calc_vref_center
 296              		.syntax unified
 297              		.thumb
 298              		.thumb_func
 300              	u8g2_font_calc_vref_center:
 301              	.LVL32:
 302              	.LFB37:
1006:BSP/u8g2/u8g2_font.c **** 
1007:BSP/u8g2/u8g2_font.c **** void u8g2_SetFontPosTop(u8g2_t *u8g2)
1008:BSP/u8g2/u8g2_font.c **** {
1009:BSP/u8g2/u8g2_font.c ****   u8g2->font_calc_vref = u8g2_font_calc_vref_top;
1010:BSP/u8g2/u8g2_font.c **** }
1011:BSP/u8g2/u8g2_font.c **** 
1012:BSP/u8g2/u8g2_font.c **** u8g2_uint_t u8g2_font_calc_vref_center(u8g2_t *u8g2)
1013:BSP/u8g2/u8g2_font.c **** {
 303              		.loc 1 1013 1 is_stmt 1 view -0
 304              		.cfi_startproc
 305              		@ args = 0, pretend = 0, frame = 0
 306              		@ frame_needed = 0, uses_anonymous_args = 0
 307              		@ link register save eliminated.
1014:BSP/u8g2/u8g2_font.c ****   int8_t tmp;
 308              		.loc 1 1014 3 view .LVU78
1015:BSP/u8g2/u8g2_font.c ****   tmp = u8g2->font_ref_ascent;
 309              		.loc 1 1015 3 view .LVU79
 310              		.loc 1 1015 7 is_stmt 0 view .LVU80
 311 0000 90F98230 		ldrsb	r3, [r0, #130]
ARM GAS  /tmp/cc5sAzkx.s 			page 24


 312              	.LVL33:
1016:BSP/u8g2/u8g2_font.c ****   tmp -= u8g2->font_ref_descent;
 313              		.loc 1 1016 3 is_stmt 1 view .LVU81
 314              		.loc 1 1016 14 is_stmt 0 view .LVU82
 315 0004 90F88300 		ldrb	r0, [r0, #131]	@ zero_extendqisi2
 316              	.LVL34:
 317              		.loc 1 1016 7 view .LVU83
 318 0008 1B1A     		subs	r3, r3, r0
 319              	.LVL35:
 320              		.loc 1 1016 7 view .LVU84
 321 000a 5AB2     		sxtb	r2, r3
 322              	.LVL36:
1017:BSP/u8g2/u8g2_font.c ****   tmp /= 2;
 323              		.loc 1 1017 3 is_stmt 1 view .LVU85
 324              		.loc 1 1017 7 is_stmt 0 view .LVU86
 325 000c C3F3C013 		ubfx	r3, r3, #7, #1
 326 0010 1344     		add	r3, r3, r2
 327              	.LVL37:
1018:BSP/u8g2/u8g2_font.c ****   tmp += u8g2->font_ref_descent;  
 328              		.loc 1 1018 3 is_stmt 1 view .LVU87
 329              		.loc 1 1018 7 is_stmt 0 view .LVU88
 330 0012 00EB6300 		add	r0, r0, r3, asr #1
 331              	.LVL38:
1019:BSP/u8g2/u8g2_font.c ****   return tmp;
 332              		.loc 1 1019 3 is_stmt 1 view .LVU89
1020:BSP/u8g2/u8g2_font.c **** }
 333              		.loc 1 1020 1 is_stmt 0 view .LVU90
 334 0016 C0B2     		uxtb	r0, r0
 335              		.loc 1 1020 1 view .LVU91
 336 0018 7047     		bx	lr
 337              		.cfi_endproc
 338              	.LFE37:
 340              		.section	.text.u8g2_read_font_info,"ax",%progbits
 341              		.align	1
 342              		.global	u8g2_read_font_info
 343              		.syntax unified
 344              		.thumb
 345              		.thumb_func
 347              	u8g2_read_font_info:
 348              	.LVL39:
 349              	.LFB2:
 132:BSP/u8g2/u8g2_font.c ****   /* offset 0 */
 350              		.loc 1 132 1 is_stmt 1 view -0
 351              		.cfi_startproc
 352              		@ args = 0, pretend = 0, frame = 0
 353              		@ frame_needed = 0, uses_anonymous_args = 0
 132:BSP/u8g2/u8g2_font.c ****   /* offset 0 */
 354              		.loc 1 132 1 is_stmt 0 view .LVU93
 355 0000 38B5     		push	{r3, r4, r5, lr}
 356              	.LCFI0:
 357              		.cfi_def_cfa_offset 16
 358              		.cfi_offset 3, -16
 359              		.cfi_offset 4, -12
 360              		.cfi_offset 5, -8
 361              		.cfi_offset 14, -4
 362 0002 0446     		mov	r4, r0
 363 0004 0D46     		mov	r5, r1
ARM GAS  /tmp/cc5sAzkx.s 			page 25


 134:BSP/u8g2/u8g2_font.c ****   font_info->bbx_mode = u8g2_font_get_byte(font, 1);
 364              		.loc 1 134 3 is_stmt 1 view .LVU94
 134:BSP/u8g2/u8g2_font.c ****   font_info->bbx_mode = u8g2_font_get_byte(font, 1);
 365              		.loc 1 134 26 is_stmt 0 view .LVU95
 366 0006 0021     		movs	r1, #0
 367              	.LVL40:
 134:BSP/u8g2/u8g2_font.c ****   font_info->bbx_mode = u8g2_font_get_byte(font, 1);
 368              		.loc 1 134 26 view .LVU96
 369 0008 2846     		mov	r0, r5
 370              	.LVL41:
 134:BSP/u8g2/u8g2_font.c ****   font_info->bbx_mode = u8g2_font_get_byte(font, 1);
 371              		.loc 1 134 26 view .LVU97
 372 000a FFF7FEFF 		bl	u8g2_font_get_byte
 373              	.LVL42:
 134:BSP/u8g2/u8g2_font.c ****   font_info->bbx_mode = u8g2_font_get_byte(font, 1);
 374              		.loc 1 134 24 discriminator 1 view .LVU98
 375 000e 2070     		strb	r0, [r4]
 135:BSP/u8g2/u8g2_font.c ****   font_info->bits_per_0 = u8g2_font_get_byte(font, 2);
 376              		.loc 1 135 3 is_stmt 1 view .LVU99
 135:BSP/u8g2/u8g2_font.c ****   font_info->bits_per_0 = u8g2_font_get_byte(font, 2);
 377              		.loc 1 135 25 is_stmt 0 view .LVU100
 378 0010 0121     		movs	r1, #1
 379 0012 2846     		mov	r0, r5
 380 0014 FFF7FEFF 		bl	u8g2_font_get_byte
 381              	.LVL43:
 135:BSP/u8g2/u8g2_font.c ****   font_info->bits_per_0 = u8g2_font_get_byte(font, 2);
 382              		.loc 1 135 23 discriminator 1 view .LVU101
 383 0018 6070     		strb	r0, [r4, #1]
 136:BSP/u8g2/u8g2_font.c ****   font_info->bits_per_1 = u8g2_font_get_byte(font, 3);
 384              		.loc 1 136 3 is_stmt 1 view .LVU102
 136:BSP/u8g2/u8g2_font.c ****   font_info->bits_per_1 = u8g2_font_get_byte(font, 3);
 385              		.loc 1 136 27 is_stmt 0 view .LVU103
 386 001a 0221     		movs	r1, #2
 387 001c 2846     		mov	r0, r5
 388 001e FFF7FEFF 		bl	u8g2_font_get_byte
 389              	.LVL44:
 136:BSP/u8g2/u8g2_font.c ****   font_info->bits_per_1 = u8g2_font_get_byte(font, 3);
 390              		.loc 1 136 25 discriminator 1 view .LVU104
 391 0022 A070     		strb	r0, [r4, #2]
 137:BSP/u8g2/u8g2_font.c ****   
 392              		.loc 1 137 3 is_stmt 1 view .LVU105
 137:BSP/u8g2/u8g2_font.c ****   
 393              		.loc 1 137 27 is_stmt 0 view .LVU106
 394 0024 0321     		movs	r1, #3
 395 0026 2846     		mov	r0, r5
 396 0028 FFF7FEFF 		bl	u8g2_font_get_byte
 397              	.LVL45:
 137:BSP/u8g2/u8g2_font.c ****   
 398              		.loc 1 137 25 discriminator 1 view .LVU107
 399 002c E070     		strb	r0, [r4, #3]
 140:BSP/u8g2/u8g2_font.c ****   font_info->bits_per_char_height = u8g2_font_get_byte(font, 5);
 400              		.loc 1 140 3 is_stmt 1 view .LVU108
 140:BSP/u8g2/u8g2_font.c ****   font_info->bits_per_char_height = u8g2_font_get_byte(font, 5);
 401              		.loc 1 140 36 is_stmt 0 view .LVU109
 402 002e 0421     		movs	r1, #4
 403 0030 2846     		mov	r0, r5
 404 0032 FFF7FEFF 		bl	u8g2_font_get_byte
ARM GAS  /tmp/cc5sAzkx.s 			page 26


 405              	.LVL46:
 140:BSP/u8g2/u8g2_font.c ****   font_info->bits_per_char_height = u8g2_font_get_byte(font, 5);
 406              		.loc 1 140 34 discriminator 1 view .LVU110
 407 0036 2071     		strb	r0, [r4, #4]
 141:BSP/u8g2/u8g2_font.c ****   font_info->bits_per_char_x = u8g2_font_get_byte(font, 6);
 408              		.loc 1 141 3 is_stmt 1 view .LVU111
 141:BSP/u8g2/u8g2_font.c ****   font_info->bits_per_char_x = u8g2_font_get_byte(font, 6);
 409              		.loc 1 141 37 is_stmt 0 view .LVU112
 410 0038 0521     		movs	r1, #5
 411 003a 2846     		mov	r0, r5
 412 003c FFF7FEFF 		bl	u8g2_font_get_byte
 413              	.LVL47:
 141:BSP/u8g2/u8g2_font.c ****   font_info->bits_per_char_x = u8g2_font_get_byte(font, 6);
 414              		.loc 1 141 35 discriminator 1 view .LVU113
 415 0040 6071     		strb	r0, [r4, #5]
 142:BSP/u8g2/u8g2_font.c ****   font_info->bits_per_char_y = u8g2_font_get_byte(font, 7);
 416              		.loc 1 142 3 is_stmt 1 view .LVU114
 142:BSP/u8g2/u8g2_font.c ****   font_info->bits_per_char_y = u8g2_font_get_byte(font, 7);
 417              		.loc 1 142 32 is_stmt 0 view .LVU115
 418 0042 0621     		movs	r1, #6
 419 0044 2846     		mov	r0, r5
 420 0046 FFF7FEFF 		bl	u8g2_font_get_byte
 421              	.LVL48:
 142:BSP/u8g2/u8g2_font.c ****   font_info->bits_per_char_y = u8g2_font_get_byte(font, 7);
 422              		.loc 1 142 30 discriminator 1 view .LVU116
 423 004a A071     		strb	r0, [r4, #6]
 143:BSP/u8g2/u8g2_font.c ****   font_info->bits_per_delta_x = u8g2_font_get_byte(font, 8);
 424              		.loc 1 143 3 is_stmt 1 view .LVU117
 143:BSP/u8g2/u8g2_font.c ****   font_info->bits_per_delta_x = u8g2_font_get_byte(font, 8);
 425              		.loc 1 143 32 is_stmt 0 view .LVU118
 426 004c 0721     		movs	r1, #7
 427 004e 2846     		mov	r0, r5
 428 0050 FFF7FEFF 		bl	u8g2_font_get_byte
 429              	.LVL49:
 143:BSP/u8g2/u8g2_font.c ****   font_info->bits_per_delta_x = u8g2_font_get_byte(font, 8);
 430              		.loc 1 143 30 discriminator 1 view .LVU119
 431 0054 E071     		strb	r0, [r4, #7]
 144:BSP/u8g2/u8g2_font.c ****   
 432              		.loc 1 144 3 is_stmt 1 view .LVU120
 144:BSP/u8g2/u8g2_font.c ****   
 433              		.loc 1 144 33 is_stmt 0 view .LVU121
 434 0056 0821     		movs	r1, #8
 435 0058 2846     		mov	r0, r5
 436 005a FFF7FEFF 		bl	u8g2_font_get_byte
 437              	.LVL50:
 144:BSP/u8g2/u8g2_font.c ****   
 438              		.loc 1 144 31 discriminator 1 view .LVU122
 439 005e 2072     		strb	r0, [r4, #8]
 147:BSP/u8g2/u8g2_font.c ****   font_info->max_char_height = u8g2_font_get_byte(font, 10);
 440              		.loc 1 147 3 is_stmt 1 view .LVU123
 147:BSP/u8g2/u8g2_font.c ****   font_info->max_char_height = u8g2_font_get_byte(font, 10);
 441              		.loc 1 147 31 is_stmt 0 view .LVU124
 442 0060 0921     		movs	r1, #9
 443 0062 2846     		mov	r0, r5
 444 0064 FFF7FEFF 		bl	u8g2_font_get_byte
 445              	.LVL51:
 147:BSP/u8g2/u8g2_font.c ****   font_info->max_char_height = u8g2_font_get_byte(font, 10);
ARM GAS  /tmp/cc5sAzkx.s 			page 27


 446              		.loc 1 147 29 discriminator 1 view .LVU125
 447 0068 6072     		strb	r0, [r4, #9]
 148:BSP/u8g2/u8g2_font.c ****   font_info->x_offset = u8g2_font_get_byte(font, 11);
 448              		.loc 1 148 3 is_stmt 1 view .LVU126
 148:BSP/u8g2/u8g2_font.c ****   font_info->x_offset = u8g2_font_get_byte(font, 11);
 449              		.loc 1 148 32 is_stmt 0 view .LVU127
 450 006a 0A21     		movs	r1, #10
 451 006c 2846     		mov	r0, r5
 452 006e FFF7FEFF 		bl	u8g2_font_get_byte
 453              	.LVL52:
 148:BSP/u8g2/u8g2_font.c ****   font_info->x_offset = u8g2_font_get_byte(font, 11);
 454              		.loc 1 148 30 discriminator 1 view .LVU128
 455 0072 A072     		strb	r0, [r4, #10]
 149:BSP/u8g2/u8g2_font.c ****   font_info->y_offset = u8g2_font_get_byte(font, 12);
 456              		.loc 1 149 3 is_stmt 1 view .LVU129
 149:BSP/u8g2/u8g2_font.c ****   font_info->y_offset = u8g2_font_get_byte(font, 12);
 457              		.loc 1 149 25 is_stmt 0 view .LVU130
 458 0074 0B21     		movs	r1, #11
 459 0076 2846     		mov	r0, r5
 460 0078 FFF7FEFF 		bl	u8g2_font_get_byte
 461              	.LVL53:
 149:BSP/u8g2/u8g2_font.c ****   font_info->y_offset = u8g2_font_get_byte(font, 12);
 462              		.loc 1 149 23 discriminator 1 view .LVU131
 463 007c E072     		strb	r0, [r4, #11]
 150:BSP/u8g2/u8g2_font.c ****   
 464              		.loc 1 150 3 is_stmt 1 view .LVU132
 150:BSP/u8g2/u8g2_font.c ****   
 465              		.loc 1 150 25 is_stmt 0 view .LVU133
 466 007e 0C21     		movs	r1, #12
 467 0080 2846     		mov	r0, r5
 468 0082 FFF7FEFF 		bl	u8g2_font_get_byte
 469              	.LVL54:
 150:BSP/u8g2/u8g2_font.c ****   
 470              		.loc 1 150 23 discriminator 1 view .LVU134
 471 0086 2073     		strb	r0, [r4, #12]
 153:BSP/u8g2/u8g2_font.c ****   font_info->descent_g = u8g2_font_get_byte(font, 14);
 472              		.loc 1 153 3 is_stmt 1 view .LVU135
 153:BSP/u8g2/u8g2_font.c ****   font_info->descent_g = u8g2_font_get_byte(font, 14);
 473              		.loc 1 153 25 is_stmt 0 view .LVU136
 474 0088 0D21     		movs	r1, #13
 475 008a 2846     		mov	r0, r5
 476 008c FFF7FEFF 		bl	u8g2_font_get_byte
 477              	.LVL55:
 153:BSP/u8g2/u8g2_font.c ****   font_info->descent_g = u8g2_font_get_byte(font, 14);
 478              		.loc 1 153 23 discriminator 1 view .LVU137
 479 0090 6073     		strb	r0, [r4, #13]
 154:BSP/u8g2/u8g2_font.c ****   font_info->ascent_para = u8g2_font_get_byte(font, 15);
 480              		.loc 1 154 3 is_stmt 1 view .LVU138
 154:BSP/u8g2/u8g2_font.c ****   font_info->ascent_para = u8g2_font_get_byte(font, 15);
 481              		.loc 1 154 26 is_stmt 0 view .LVU139
 482 0092 0E21     		movs	r1, #14
 483 0094 2846     		mov	r0, r5
 484 0096 FFF7FEFF 		bl	u8g2_font_get_byte
 485              	.LVL56:
 154:BSP/u8g2/u8g2_font.c ****   font_info->ascent_para = u8g2_font_get_byte(font, 15);
 486              		.loc 1 154 24 discriminator 1 view .LVU140
 487 009a A073     		strb	r0, [r4, #14]
ARM GAS  /tmp/cc5sAzkx.s 			page 28


 155:BSP/u8g2/u8g2_font.c ****   font_info->descent_para = u8g2_font_get_byte(font, 16);
 488              		.loc 1 155 3 is_stmt 1 view .LVU141
 155:BSP/u8g2/u8g2_font.c ****   font_info->descent_para = u8g2_font_get_byte(font, 16);
 489              		.loc 1 155 28 is_stmt 0 view .LVU142
 490 009c 0F21     		movs	r1, #15
 491 009e 2846     		mov	r0, r5
 492 00a0 FFF7FEFF 		bl	u8g2_font_get_byte
 493              	.LVL57:
 155:BSP/u8g2/u8g2_font.c ****   font_info->descent_para = u8g2_font_get_byte(font, 16);
 494              		.loc 1 155 26 discriminator 1 view .LVU143
 495 00a4 E073     		strb	r0, [r4, #15]
 156:BSP/u8g2/u8g2_font.c ****   
 496              		.loc 1 156 3 is_stmt 1 view .LVU144
 156:BSP/u8g2/u8g2_font.c ****   
 497              		.loc 1 156 29 is_stmt 0 view .LVU145
 498 00a6 1021     		movs	r1, #16
 499 00a8 2846     		mov	r0, r5
 500 00aa FFF7FEFF 		bl	u8g2_font_get_byte
 501              	.LVL58:
 156:BSP/u8g2/u8g2_font.c ****   
 502              		.loc 1 156 27 discriminator 1 view .LVU146
 503 00ae 2074     		strb	r0, [r4, #16]
 159:BSP/u8g2/u8g2_font.c ****   font_info->start_pos_lower_a = u8g2_font_get_word(font, 19); 
 504              		.loc 1 159 3 is_stmt 1 view .LVU147
 159:BSP/u8g2/u8g2_font.c ****   font_info->start_pos_lower_a = u8g2_font_get_word(font, 19); 
 505              		.loc 1 159 34 is_stmt 0 view .LVU148
 506 00b0 1121     		movs	r1, #17
 507 00b2 2846     		mov	r0, r5
 508 00b4 FFF7FEFF 		bl	u8g2_font_get_word
 509              	.LVL59:
 159:BSP/u8g2/u8g2_font.c ****   font_info->start_pos_lower_a = u8g2_font_get_word(font, 19); 
 510              		.loc 1 159 32 discriminator 1 view .LVU149
 511 00b8 6082     		strh	r0, [r4, #18]	@ movhi
 160:BSP/u8g2/u8g2_font.c ****   
 512              		.loc 1 160 3 is_stmt 1 view .LVU150
 160:BSP/u8g2/u8g2_font.c ****   
 513              		.loc 1 160 34 is_stmt 0 view .LVU151
 514 00ba 1321     		movs	r1, #19
 515 00bc 2846     		mov	r0, r5
 516 00be FFF7FEFF 		bl	u8g2_font_get_word
 517              	.LVL60:
 160:BSP/u8g2/u8g2_font.c ****   
 518              		.loc 1 160 32 discriminator 1 view .LVU152
 519 00c2 A082     		strh	r0, [r4, #20]	@ movhi
 164:BSP/u8g2/u8g2_font.c **** #endif
 520              		.loc 1 164 3 is_stmt 1 view .LVU153
 164:BSP/u8g2/u8g2_font.c **** #endif
 521              		.loc 1 164 34 is_stmt 0 view .LVU154
 522 00c4 1521     		movs	r1, #21
 523 00c6 2846     		mov	r0, r5
 524 00c8 FFF7FEFF 		bl	u8g2_font_get_word
 525              	.LVL61:
 164:BSP/u8g2/u8g2_font.c **** #endif
 526              		.loc 1 164 32 discriminator 1 view .LVU155
 527 00cc E082     		strh	r0, [r4, #22]	@ movhi
 166:BSP/u8g2/u8g2_font.c **** 
 528              		.loc 1 166 1 view .LVU156
ARM GAS  /tmp/cc5sAzkx.s 			page 29


 529 00ce 38BD     		pop	{r3, r4, r5, pc}
 166:BSP/u8g2/u8g2_font.c **** 
 530              		.loc 1 166 1 view .LVU157
 531              		.cfi_endproc
 532              	.LFE2:
 534              		.section	.text.u8g2_GetFontSize,"ax",%progbits
 535              		.align	1
 536              		.global	u8g2_GetFontSize
 537              		.syntax unified
 538              		.thumb
 539              		.thumb_func
 541              	u8g2_GetFontSize:
 542              	.LVL62:
 543              	.LFB3:
 171:BSP/u8g2/u8g2_font.c ****   uint16_t e;
 544              		.loc 1 171 1 is_stmt 1 view -0
 545              		.cfi_startproc
 546              		@ args = 0, pretend = 0, frame = 0
 547              		@ frame_needed = 0, uses_anonymous_args = 0
 171:BSP/u8g2/u8g2_font.c ****   uint16_t e;
 548              		.loc 1 171 1 is_stmt 0 view .LVU159
 549 0000 38B5     		push	{r3, r4, r5, lr}
 550              	.LCFI1:
 551              		.cfi_def_cfa_offset 16
 552              		.cfi_offset 3, -16
 553              		.cfi_offset 4, -12
 554              		.cfi_offset 5, -8
 555              		.cfi_offset 14, -4
 556 0002 0546     		mov	r5, r0
 172:BSP/u8g2/u8g2_font.c ****   const uint8_t *font = font_arg;
 557              		.loc 1 172 3 is_stmt 1 view .LVU160
 173:BSP/u8g2/u8g2_font.c ****   font += U8G2_FONT_DATA_STRUCT_SIZE;
 558              		.loc 1 173 3 view .LVU161
 559              	.LVL63:
 174:BSP/u8g2/u8g2_font.c ****   
 560              		.loc 1 174 3 view .LVU162
 174:BSP/u8g2/u8g2_font.c ****   
 561              		.loc 1 174 8 is_stmt 0 view .LVU163
 562 0004 00F11703 		add	r3, r0, #23
 563              	.LVL64:
 174:BSP/u8g2/u8g2_font.c ****   
 564              		.loc 1 174 8 view .LVU164
 565 0008 00E0     		b	.L21
 566              	.L25:
 180:BSP/u8g2/u8g2_font.c ****   }
 567              		.loc 1 180 5 is_stmt 1 view .LVU165
 180:BSP/u8g2/u8g2_font.c ****   }
 568              		.loc 1 180 10 is_stmt 0 view .LVU166
 569 000a 1344     		add	r3, r3, r2
 570              	.LVL65:
 176:BSP/u8g2/u8g2_font.c ****   {
 571              		.loc 1 176 3 is_stmt 1 view .LVU167
 572              	.L21:
 176:BSP/u8g2/u8g2_font.c ****   {
 573              		.loc 1 176 3 view .LVU168
 178:BSP/u8g2/u8g2_font.c ****       break;
 574              		.loc 1 178 5 view .LVU169
ARM GAS  /tmp/cc5sAzkx.s 			page 30


 178:BSP/u8g2/u8g2_font.c ****       break;
 575              		.loc 1 178 10 is_stmt 0 view .LVU170
 576 000c 5A78     		ldrb	r2, [r3, #1]	@ zero_extendqisi2
 178:BSP/u8g2/u8g2_font.c ****       break;
 577              		.loc 1 178 8 view .LVU171
 578 000e 002A     		cmp	r2, #0
 579 0010 FBD1     		bne	.L25
 184:BSP/u8g2/u8g2_font.c **** 
 580              		.loc 1 184 3 is_stmt 1 view .LVU172
 184:BSP/u8g2/u8g2_font.c **** 
 581              		.loc 1 184 8 is_stmt 0 view .LVU173
 582 0012 9C1C     		adds	r4, r3, #2
 583              	.LVL66:
 187:BSP/u8g2/u8g2_font.c ****   
 584              		.loc 1 187 3 is_stmt 1 view .LVU174
 187:BSP/u8g2/u8g2_font.c ****   
 585              		.loc 1 187 11 is_stmt 0 view .LVU175
 586 0014 0021     		movs	r1, #0
 587 0016 2046     		mov	r0, r4
 588              	.LVL67:
 187:BSP/u8g2/u8g2_font.c ****   
 589              		.loc 1 187 11 view .LVU176
 590 0018 FFF7FEFF 		bl	u8g2_font_get_word
 591              	.LVL68:
 187:BSP/u8g2/u8g2_font.c ****   
 592              		.loc 1 187 8 discriminator 1 view .LVU177
 593 001c 2318     		adds	r3, r4, r0
 594              	.LVL69:
 187:BSP/u8g2/u8g2_font.c ****   
 595              		.loc 1 187 8 discriminator 1 view .LVU178
 596 001e 01E0     		b	.L23
 597              	.LVL70:
 598              	.L26:
 196:BSP/u8g2/u8g2_font.c ****   }
 599              		.loc 1 196 5 is_stmt 1 view .LVU179
 196:BSP/u8g2/u8g2_font.c ****   }
 600              		.loc 1 196 13 is_stmt 0 view .LVU180
 601 0020 9A78     		ldrb	r2, [r3, #2]	@ zero_extendqisi2
 196:BSP/u8g2/u8g2_font.c ****   }
 602              		.loc 1 196 10 view .LVU181
 603 0022 1344     		add	r3, r3, r2
 604              	.LVL71:
 189:BSP/u8g2/u8g2_font.c ****   {
 605              		.loc 1 189 3 is_stmt 1 view .LVU182
 606              	.L23:
 189:BSP/u8g2/u8g2_font.c ****   {
 607              		.loc 1 189 3 view .LVU183
 191:BSP/u8g2/u8g2_font.c ****     e <<= 8;
 608              		.loc 1 191 5 view .LVU184
 191:BSP/u8g2/u8g2_font.c ****     e <<= 8;
 609              		.loc 1 191 9 is_stmt 0 view .LVU185
 610 0024 1978     		ldrb	r1, [r3]	@ zero_extendqisi2
 611              	.LVL72:
 192:BSP/u8g2/u8g2_font.c ****     e |= u8x8_pgm_read( font + 1 );
 612              		.loc 1 192 5 is_stmt 1 view .LVU186
 193:BSP/u8g2/u8g2_font.c ****     if ( e == 0 )
 613              		.loc 1 193 5 view .LVU187
ARM GAS  /tmp/cc5sAzkx.s 			page 31


 193:BSP/u8g2/u8g2_font.c ****     if ( e == 0 )
 614              		.loc 1 193 10 is_stmt 0 view .LVU188
 615 0026 5A78     		ldrb	r2, [r3, #1]	@ zero_extendqisi2
 616              	.LVL73:
 194:BSP/u8g2/u8g2_font.c ****       break;
 617              		.loc 1 194 5 is_stmt 1 view .LVU189
 194:BSP/u8g2/u8g2_font.c ****       break;
 618              		.loc 1 194 8 is_stmt 0 view .LVU190
 619 0028 52EA0122 		orrs	r2, r2, r1, lsl #8
 620              	.LVL74:
 194:BSP/u8g2/u8g2_font.c ****       break;
 621              		.loc 1 194 8 view .LVU191
 622 002c F8D1     		bne	.L26
 199:BSP/u8g2/u8g2_font.c **** }
 623              		.loc 1 199 3 is_stmt 1 view .LVU192
 199:BSP/u8g2/u8g2_font.c **** }
 624              		.loc 1 199 16 is_stmt 0 view .LVU193
 625 002e 581B     		subs	r0, r3, r5
 200:BSP/u8g2/u8g2_font.c **** 
 626              		.loc 1 200 1 view .LVU194
 627 0030 0230     		adds	r0, r0, #2
 628 0032 38BD     		pop	{r3, r4, r5, pc}
 200:BSP/u8g2/u8g2_font.c **** 
 629              		.loc 1 200 1 view .LVU195
 630              		.cfi_endproc
 631              	.LFE3:
 633              		.section	.text.u8g2_GetFontBBXWidth,"ax",%progbits
 634              		.align	1
 635              		.global	u8g2_GetFontBBXWidth
 636              		.syntax unified
 637              		.thumb
 638              		.thumb_func
 640              	u8g2_GetFontBBXWidth:
 641              	.LVL75:
 642              	.LFB4:
 206:BSP/u8g2/u8g2_font.c ****   return u8g2->font_info.max_char_width;		/* new font info structure */
 643              		.loc 1 206 1 is_stmt 1 view -0
 644              		.cfi_startproc
 645              		@ args = 0, pretend = 0, frame = 0
 646              		@ frame_needed = 0, uses_anonymous_args = 0
 647              		@ link register save eliminated.
 207:BSP/u8g2/u8g2_font.c **** }
 648              		.loc 1 207 3 view .LVU197
 208:BSP/u8g2/u8g2_font.c **** 
 649              		.loc 1 208 1 is_stmt 0 view .LVU198
 650 0000 90F87100 		ldrb	r0, [r0, #113]	@ zero_extendqisi2
 651              	.LVL76:
 208:BSP/u8g2/u8g2_font.c **** 
 652              		.loc 1 208 1 view .LVU199
 653 0004 7047     		bx	lr
 654              		.cfi_endproc
 655              	.LFE4:
 657              		.section	.text.u8g2_GetFontBBXHeight,"ax",%progbits
 658              		.align	1
 659              		.global	u8g2_GetFontBBXHeight
 660              		.syntax unified
 661              		.thumb
ARM GAS  /tmp/cc5sAzkx.s 			page 32


 662              		.thumb_func
 664              	u8g2_GetFontBBXHeight:
 665              	.LVL77:
 666              	.LFB5:
 211:BSP/u8g2/u8g2_font.c ****   return u8g2->font_info.max_char_height;		/* new font info structure */
 667              		.loc 1 211 1 is_stmt 1 view -0
 668              		.cfi_startproc
 669              		@ args = 0, pretend = 0, frame = 0
 670              		@ frame_needed = 0, uses_anonymous_args = 0
 671              		@ link register save eliminated.
 212:BSP/u8g2/u8g2_font.c **** }
 672              		.loc 1 212 3 view .LVU201
 213:BSP/u8g2/u8g2_font.c **** 
 673              		.loc 1 213 1 is_stmt 0 view .LVU202
 674 0000 90F87200 		ldrb	r0, [r0, #114]	@ zero_extendqisi2
 675              	.LVL78:
 213:BSP/u8g2/u8g2_font.c **** 
 676              		.loc 1 213 1 view .LVU203
 677 0004 7047     		bx	lr
 678              		.cfi_endproc
 679              	.LFE5:
 681              		.section	.text.u8g2_GetFontBBXOffX,"ax",%progbits
 682              		.align	1
 683              		.global	u8g2_GetFontBBXOffX
 684              		.syntax unified
 685              		.thumb
 686              		.thumb_func
 688              	u8g2_GetFontBBXOffX:
 689              	.LVL79:
 690              	.LFB6:
 217:BSP/u8g2/u8g2_font.c ****   return u8g2->font_info.x_offset;		/* new font info structure */
 691              		.loc 1 217 1 is_stmt 1 view -0
 692              		.cfi_startproc
 693              		@ args = 0, pretend = 0, frame = 0
 694              		@ frame_needed = 0, uses_anonymous_args = 0
 695              		@ link register save eliminated.
 218:BSP/u8g2/u8g2_font.c **** }
 696              		.loc 1 218 3 view .LVU205
 219:BSP/u8g2/u8g2_font.c **** 
 697              		.loc 1 219 1 is_stmt 0 view .LVU206
 698 0000 90F97300 		ldrsb	r0, [r0, #115]
 699              	.LVL80:
 219:BSP/u8g2/u8g2_font.c **** 
 700              		.loc 1 219 1 view .LVU207
 701 0004 7047     		bx	lr
 702              		.cfi_endproc
 703              	.LFE6:
 705              		.section	.text.u8g2_GetFontBBXOffY,"ax",%progbits
 706              		.align	1
 707              		.global	u8g2_GetFontBBXOffY
 708              		.syntax unified
 709              		.thumb
 710              		.thumb_func
 712              	u8g2_GetFontBBXOffY:
 713              	.LVL81:
 714              	.LFB7:
 223:BSP/u8g2/u8g2_font.c ****   return u8g2->font_info.y_offset;		/* new font info structure */
ARM GAS  /tmp/cc5sAzkx.s 			page 33


 715              		.loc 1 223 1 is_stmt 1 view -0
 716              		.cfi_startproc
 717              		@ args = 0, pretend = 0, frame = 0
 718              		@ frame_needed = 0, uses_anonymous_args = 0
 719              		@ link register save eliminated.
 224:BSP/u8g2/u8g2_font.c **** }
 720              		.loc 1 224 3 view .LVU209
 225:BSP/u8g2/u8g2_font.c **** 
 721              		.loc 1 225 1 is_stmt 0 view .LVU210
 722 0000 90F97400 		ldrsb	r0, [r0, #116]
 723              	.LVL82:
 225:BSP/u8g2/u8g2_font.c **** 
 724              		.loc 1 225 1 view .LVU211
 725 0004 7047     		bx	lr
 726              		.cfi_endproc
 727              	.LFE7:
 729              		.section	.text.u8g2_GetFontCapitalAHeight,"ax",%progbits
 730              		.align	1
 731              		.global	u8g2_GetFontCapitalAHeight
 732              		.syntax unified
 733              		.thumb
 734              		.thumb_func
 736              	u8g2_GetFontCapitalAHeight:
 737              	.LVL83:
 738              	.LFB8:
 229:BSP/u8g2/u8g2_font.c ****   return u8g2->font_info.ascent_A;		/* new font info structure */
 739              		.loc 1 229 1 is_stmt 1 view -0
 740              		.cfi_startproc
 741              		@ args = 0, pretend = 0, frame = 0
 742              		@ frame_needed = 0, uses_anonymous_args = 0
 743              		@ link register save eliminated.
 230:BSP/u8g2/u8g2_font.c **** }
 744              		.loc 1 230 3 view .LVU213
 231:BSP/u8g2/u8g2_font.c **** 
 745              		.loc 1 231 1 is_stmt 0 view .LVU214
 746 0000 90F87500 		ldrb	r0, [r0, #117]	@ zero_extendqisi2
 747              	.LVL84:
 231:BSP/u8g2/u8g2_font.c **** 
 748              		.loc 1 231 1 view .LVU215
 749 0004 7047     		bx	lr
 750              		.cfi_endproc
 751              	.LFE8:
 753              		.section	.text.u8g2_font_decode_get_unsigned_bits,"ax",%progbits
 754              		.align	1
 755              		.global	u8g2_font_decode_get_unsigned_bits
 756              		.syntax unified
 757              		.thumb
 758              		.thumb_func
 760              	u8g2_font_decode_get_unsigned_bits:
 761              	.LVL85:
 762              	.LFB9:
 238:BSP/u8g2/u8g2_font.c ****   uint8_t val;
 763              		.loc 1 238 1 is_stmt 1 view -0
 764              		.cfi_startproc
 765              		@ args = 0, pretend = 0, frame = 0
 766              		@ frame_needed = 0, uses_anonymous_args = 0
 238:BSP/u8g2/u8g2_font.c ****   uint8_t val;
ARM GAS  /tmp/cc5sAzkx.s 			page 34


 767              		.loc 1 238 1 is_stmt 0 view .LVU217
 768 0000 30B5     		push	{r4, r5, lr}
 769              	.LCFI2:
 770              		.cfi_def_cfa_offset 12
 771              		.cfi_offset 4, -12
 772              		.cfi_offset 5, -8
 773              		.cfi_offset 14, -4
 774 0002 0246     		mov	r2, r0
 239:BSP/u8g2/u8g2_font.c ****   uint8_t bit_pos = f->decode_bit_pos;
 775              		.loc 1 239 3 is_stmt 1 view .LVU218
 240:BSP/u8g2/u8g2_font.c ****   uint8_t bit_pos_plus_cnt;
 776              		.loc 1 240 3 view .LVU219
 240:BSP/u8g2/u8g2_font.c ****   uint8_t bit_pos_plus_cnt;
 777              		.loc 1 240 11 is_stmt 0 view .LVU220
 778 0004 90F80AE0 		ldrb	lr, [r0, #10]	@ zero_extendqisi2
 779              	.LVL86:
 241:BSP/u8g2/u8g2_font.c ****   
 780              		.loc 1 241 3 is_stmt 1 view .LVU221
 244:BSP/u8g2/u8g2_font.c ****   
 781              		.loc 1 244 3 view .LVU222
 244:BSP/u8g2/u8g2_font.c ****   
 782              		.loc 1 244 9 is_stmt 0 view .LVU223
 783 0008 0468     		ldr	r4, [r0]
 244:BSP/u8g2/u8g2_font.c ****   
 784              		.loc 1 244 7 view .LVU224
 785 000a 2078     		ldrb	r0, [r4]	@ zero_extendqisi2
 786              	.LVL87:
 246:BSP/u8g2/u8g2_font.c ****   bit_pos_plus_cnt = bit_pos;
 787              		.loc 1 246 3 is_stmt 1 view .LVU225
 246:BSP/u8g2/u8g2_font.c ****   bit_pos_plus_cnt = bit_pos;
 788              		.loc 1 246 7 is_stmt 0 view .LVU226
 789 000c 40FA0EF0 		asr	r0, r0, lr
 790 0010 5FFA80FC 		uxtb	ip, r0
 791              	.LVL88:
 247:BSP/u8g2/u8g2_font.c ****   bit_pos_plus_cnt += cnt;
 792              		.loc 1 247 3 is_stmt 1 view .LVU227
 248:BSP/u8g2/u8g2_font.c ****   if ( bit_pos_plus_cnt >= 8 )
 793              		.loc 1 248 3 view .LVU228
 248:BSP/u8g2/u8g2_font.c ****   if ( bit_pos_plus_cnt >= 8 )
 794              		.loc 1 248 20 is_stmt 0 view .LVU229
 795 0014 0EEB0103 		add	r3, lr, r1
 796 0018 DBB2     		uxtb	r3, r3
 797              	.LVL89:
 249:BSP/u8g2/u8g2_font.c ****   {
 798              		.loc 1 249 3 is_stmt 1 view .LVU230
 249:BSP/u8g2/u8g2_font.c ****   {
 799              		.loc 1 249 6 is_stmt 0 view .LVU231
 800 001a 072B     		cmp	r3, #7
 801 001c 0FD9     		bls	.L33
 802              	.LBB2:
 251:BSP/u8g2/u8g2_font.c ****     s -= bit_pos;
 803              		.loc 1 251 5 is_stmt 1 view .LVU232
 804              	.LVL90:
 252:BSP/u8g2/u8g2_font.c ****     f->decode_ptr++;
 805              		.loc 1 252 5 view .LVU233
 252:BSP/u8g2/u8g2_font.c ****     f->decode_ptr++;
 806              		.loc 1 252 7 is_stmt 0 view .LVU234
ARM GAS  /tmp/cc5sAzkx.s 			page 35


 807 001e CEF1080E 		rsb	lr, lr, #8
 808              	.LVL91:
 252:BSP/u8g2/u8g2_font.c ****     f->decode_ptr++;
 809              		.loc 1 252 7 view .LVU235
 810 0022 5FFA8EFE 		uxtb	lr, lr
 811              	.LVL92:
 253:BSP/u8g2/u8g2_font.c ****     //val |= *(f->decode_ptr) << (8-bit_pos);
 812              		.loc 1 253 5 is_stmt 1 view .LVU236
 253:BSP/u8g2/u8g2_font.c ****     //val |= *(f->decode_ptr) << (8-bit_pos);
 813              		.loc 1 253 18 is_stmt 0 view .LVU237
 814 0026 651C     		adds	r5, r4, #1
 815 0028 1560     		str	r5, [r2]
 255:BSP/u8g2/u8g2_font.c ****     //bit_pos -= 8;
 816              		.loc 1 255 5 is_stmt 1 view .LVU238
 255:BSP/u8g2/u8g2_font.c ****     //bit_pos -= 8;
 817              		.loc 1 255 12 is_stmt 0 view .LVU239
 818 002a 94F801C0 		ldrb	ip, [r4, #1]	@ zero_extendqisi2
 819              	.LVL93:
 255:BSP/u8g2/u8g2_font.c ****     //bit_pos -= 8;
 820              		.loc 1 255 43 view .LVU240
 821 002e 0CFA0EFC 		lsl	ip, ip, lr
 255:BSP/u8g2/u8g2_font.c ****     //bit_pos -= 8;
 822              		.loc 1 255 9 view .LVU241
 823 0032 4CEA000C 		orr	ip, ip, r0
 824 0036 5FFA8CFC 		uxtb	ip, ip
 825              	.LVL94:
 257:BSP/u8g2/u8g2_font.c ****   }
 826              		.loc 1 257 5 is_stmt 1 view .LVU242
 257:BSP/u8g2/u8g2_font.c ****   }
 827              		.loc 1 257 22 is_stmt 0 view .LVU243
 828 003a 083B     		subs	r3, r3, #8
 829              	.LVL95:
 257:BSP/u8g2/u8g2_font.c ****   }
 830              		.loc 1 257 22 view .LVU244
 831 003c DBB2     		uxtb	r3, r3
 832              	.LVL96:
 833              	.L33:
 257:BSP/u8g2/u8g2_font.c ****   }
 834              		.loc 1 257 22 view .LVU245
 835              	.LBE2:
 259:BSP/u8g2/u8g2_font.c ****   //bit_pos += cnt;
 836              		.loc 1 259 3 is_stmt 1 view .LVU246
 259:BSP/u8g2/u8g2_font.c ****   //bit_pos += cnt;
 837              		.loc 1 259 7 is_stmt 0 view .LVU247
 838 003e 4FF0FF30 		mov	r0, #-1
 839 0042 8840     		lsls	r0, r0, r1
 840              	.LVL97:
 262:BSP/u8g2/u8g2_font.c ****   return val;
 841              		.loc 1 262 3 is_stmt 1 view .LVU248
 262:BSP/u8g2/u8g2_font.c ****   return val;
 842              		.loc 1 262 21 is_stmt 0 view .LVU249
 843 0044 9372     		strb	r3, [r2, #10]
 844              	.LVL98:
 263:BSP/u8g2/u8g2_font.c **** }
 845              		.loc 1 263 3 is_stmt 1 view .LVU250
 264:BSP/u8g2/u8g2_font.c **** 
 846              		.loc 1 264 1 is_stmt 0 view .LVU251
ARM GAS  /tmp/cc5sAzkx.s 			page 36


 847 0046 2CEA0000 		bic	r0, ip, r0
 848              	.LVL99:
 264:BSP/u8g2/u8g2_font.c **** 
 849              		.loc 1 264 1 view .LVU252
 850 004a 30BD     		pop	{r4, r5, pc}
 851              		.cfi_endproc
 852              	.LFE9:
 854              		.section	.text.u8g2_font_setup_decode,"ax",%progbits
 855              		.align	1
 856              		.syntax unified
 857              		.thumb
 858              		.thumb_func
 860              	u8g2_font_setup_decode:
 861              	.LVL100:
 862              	.LFB14:
 454:BSP/u8g2/u8g2_font.c ****   u8g2_font_decode_t *decode = &(u8g2->font_decode);
 863              		.loc 1 454 1 is_stmt 1 view -0
 864              		.cfi_startproc
 865              		@ args = 0, pretend = 0, frame = 0
 866              		@ frame_needed = 0, uses_anonymous_args = 0
 454:BSP/u8g2/u8g2_font.c ****   u8g2_font_decode_t *decode = &(u8g2->font_decode);
 867              		.loc 1 454 1 is_stmt 0 view .LVU254
 868 0000 38B5     		push	{r3, r4, r5, lr}
 869              	.LCFI3:
 870              		.cfi_def_cfa_offset 16
 871              		.cfi_offset 3, -16
 872              		.cfi_offset 4, -12
 873              		.cfi_offset 5, -8
 874              		.cfi_offset 14, -4
 875 0002 0446     		mov	r4, r0
 455:BSP/u8g2/u8g2_font.c ****   decode->decode_ptr = glyph_data;
 876              		.loc 1 455 3 is_stmt 1 view .LVU255
 455:BSP/u8g2/u8g2_font.c ****   decode->decode_ptr = glyph_data;
 877              		.loc 1 455 23 is_stmt 0 view .LVU256
 878 0004 00F15805 		add	r5, r0, #88
 879              	.LVL101:
 456:BSP/u8g2/u8g2_font.c ****   decode->decode_bit_pos = 0;
 880              		.loc 1 456 3 is_stmt 1 view .LVU257
 456:BSP/u8g2/u8g2_font.c ****   decode->decode_bit_pos = 0;
 881              		.loc 1 456 22 is_stmt 0 view .LVU258
 882 0008 8165     		str	r1, [r0, #88]
 457:BSP/u8g2/u8g2_font.c ****   
 883              		.loc 1 457 3 is_stmt 1 view .LVU259
 457:BSP/u8g2/u8g2_font.c ****   
 884              		.loc 1 457 26 is_stmt 0 view .LVU260
 885 000a 0023     		movs	r3, #0
 886 000c 80F86230 		strb	r3, [r0, #98]
 465:BSP/u8g2/u8g2_font.c ****   decode->glyph_height = u8g2_font_decode_get_unsigned_bits(decode,u8g2->font_info.bits_per_char_he
 887              		.loc 1 465 3 is_stmt 1 view .LVU261
 465:BSP/u8g2/u8g2_font.c ****   decode->glyph_height = u8g2_font_decode_get_unsigned_bits(decode,u8g2->font_info.bits_per_char_he
 888              		.loc 1 465 25 is_stmt 0 view .LVU262
 889 0010 90F86C10 		ldrb	r1, [r0, #108]	@ zero_extendqisi2
 890              	.LVL102:
 465:BSP/u8g2/u8g2_font.c ****   decode->glyph_height = u8g2_font_decode_get_unsigned_bits(decode,u8g2->font_info.bits_per_char_he
 891              		.loc 1 465 25 view .LVU263
 892 0014 2846     		mov	r0, r5
 893              	.LVL103:
ARM GAS  /tmp/cc5sAzkx.s 			page 37


 465:BSP/u8g2/u8g2_font.c ****   decode->glyph_height = u8g2_font_decode_get_unsigned_bits(decode,u8g2->font_info.bits_per_char_he
 894              		.loc 1 465 25 view .LVU264
 895 0016 FFF7FEFF 		bl	u8g2_font_decode_get_unsigned_bits
 896              	.LVL104:
 465:BSP/u8g2/u8g2_font.c ****   decode->glyph_height = u8g2_font_decode_get_unsigned_bits(decode,u8g2->font_info.bits_per_char_he
 897              		.loc 1 465 23 discriminator 1 view .LVU265
 898 001a 84F86000 		strb	r0, [r4, #96]
 466:BSP/u8g2/u8g2_font.c ****   
 899              		.loc 1 466 3 is_stmt 1 view .LVU266
 466:BSP/u8g2/u8g2_font.c ****   
 900              		.loc 1 466 26 is_stmt 0 view .LVU267
 901 001e 94F86D10 		ldrb	r1, [r4, #109]	@ zero_extendqisi2
 902 0022 2846     		mov	r0, r5
 903 0024 FFF7FEFF 		bl	u8g2_font_decode_get_unsigned_bits
 904              	.LVL105:
 466:BSP/u8g2/u8g2_font.c ****   
 905              		.loc 1 466 24 discriminator 1 view .LVU268
 906 0028 84F86100 		strb	r0, [r4, #97]
 468:BSP/u8g2/u8g2_font.c ****   decode->bg_color = (decode->fg_color == 0 ? 1 : 0);
 907              		.loc 1 468 3 is_stmt 1 view .LVU269
 468:BSP/u8g2/u8g2_font.c ****   decode->bg_color = (decode->fg_color == 0 ? 1 : 0);
 908              		.loc 1 468 26 is_stmt 0 view .LVU270
 909 002c 94F88630 		ldrb	r3, [r4, #134]	@ zero_extendqisi2
 468:BSP/u8g2/u8g2_font.c ****   decode->bg_color = (decode->fg_color == 0 ? 1 : 0);
 910              		.loc 1 468 20 view .LVU271
 911 0030 84F86430 		strb	r3, [r4, #100]
 469:BSP/u8g2/u8g2_font.c **** }
 912              		.loc 1 469 3 is_stmt 1 view .LVU272
 469:BSP/u8g2/u8g2_font.c **** }
 913              		.loc 1 469 49 is_stmt 0 view .LVU273
 914 0034 B3FA83F3 		clz	r3, r3
 915 0038 5B09     		lsrs	r3, r3, #5
 469:BSP/u8g2/u8g2_font.c **** }
 916              		.loc 1 469 20 view .LVU274
 917 003a 84F86530 		strb	r3, [r4, #101]
 470:BSP/u8g2/u8g2_font.c **** 
 918              		.loc 1 470 1 view .LVU275
 919 003e 38BD     		pop	{r3, r4, r5, pc}
 470:BSP/u8g2/u8g2_font.c **** 
 920              		.loc 1 470 1 view .LVU276
 921              		.cfi_endproc
 922              	.LFE14:
 924              		.section	.text.u8g2_font_decode_get_signed_bits,"ax",%progbits
 925              		.align	1
 926              		.global	u8g2_font_decode_get_signed_bits
 927              		.syntax unified
 928              		.thumb
 929              		.thumb_func
 931              	u8g2_font_decode_get_signed_bits:
 932              	.LVL106:
 933              	.LFB10:
 283:BSP/u8g2/u8g2_font.c ****   int8_t v, d;
 934              		.loc 1 283 1 is_stmt 1 view -0
 935              		.cfi_startproc
 936              		@ args = 0, pretend = 0, frame = 0
 937              		@ frame_needed = 0, uses_anonymous_args = 0
 283:BSP/u8g2/u8g2_font.c ****   int8_t v, d;
ARM GAS  /tmp/cc5sAzkx.s 			page 38


 938              		.loc 1 283 1 is_stmt 0 view .LVU278
 939 0000 10B5     		push	{r4, lr}
 940              	.LCFI4:
 941              		.cfi_def_cfa_offset 8
 942              		.cfi_offset 4, -8
 943              		.cfi_offset 14, -4
 944 0002 0C46     		mov	r4, r1
 284:BSP/u8g2/u8g2_font.c ****   v = (int8_t)u8g2_font_decode_get_unsigned_bits(f, cnt);
 945              		.loc 1 284 3 is_stmt 1 view .LVU279
 285:BSP/u8g2/u8g2_font.c ****   d = 1;
 946              		.loc 1 285 3 view .LVU280
 285:BSP/u8g2/u8g2_font.c ****   d = 1;
 947              		.loc 1 285 15 is_stmt 0 view .LVU281
 948 0004 FFF7FEFF 		bl	u8g2_font_decode_get_unsigned_bits
 949              	.LVL107:
 286:BSP/u8g2/u8g2_font.c ****   cnt--;
 950              		.loc 1 286 3 is_stmt 1 view .LVU282
 287:BSP/u8g2/u8g2_font.c ****   d <<= cnt;
 951              		.loc 1 287 3 view .LVU283
 287:BSP/u8g2/u8g2_font.c ****   d <<= cnt;
 952              		.loc 1 287 6 is_stmt 0 view .LVU284
 953 0008 013C     		subs	r4, r4, #1
 954              	.LVL108:
 287:BSP/u8g2/u8g2_font.c ****   d <<= cnt;
 955              		.loc 1 287 6 view .LVU285
 956 000a E4B2     		uxtb	r4, r4
 957              	.LVL109:
 288:BSP/u8g2/u8g2_font.c ****   v -= d;
 958              		.loc 1 288 3 is_stmt 1 view .LVU286
 288:BSP/u8g2/u8g2_font.c ****   v -= d;
 959              		.loc 1 288 5 is_stmt 0 view .LVU287
 960 000c 0123     		movs	r3, #1
 961 000e A340     		lsls	r3, r3, r4
 962              	.LVL110:
 289:BSP/u8g2/u8g2_font.c ****   return v;
 963              		.loc 1 289 3 is_stmt 1 view .LVU288
 289:BSP/u8g2/u8g2_font.c ****   return v;
 964              		.loc 1 289 5 is_stmt 0 view .LVU289
 965 0010 C01A     		subs	r0, r0, r3
 966              	.LVL111:
 290:BSP/u8g2/u8g2_font.c ****   //return (int8_t)u8g2_font_decode_get_unsigned_bits(f, cnt) - ((1<<cnt)>>1);
 967              		.loc 1 290 3 is_stmt 1 view .LVU290
 292:BSP/u8g2/u8g2_font.c **** 
 968              		.loc 1 292 1 is_stmt 0 view .LVU291
 969 0012 40B2     		sxtb	r0, r0
 292:BSP/u8g2/u8g2_font.c **** 
 970              		.loc 1 292 1 view .LVU292
 971 0014 10BD     		pop	{r4, pc}
 292:BSP/u8g2/u8g2_font.c **** 
 972              		.loc 1 292 1 view .LVU293
 973              		.cfi_endproc
 974              	.LFE10:
 976              		.section	.text.u8g2_font_decode_len,"ax",%progbits
 977              		.align	1
 978              		.global	u8g2_font_decode_len
 979              		.syntax unified
 980              		.thumb
ARM GAS  /tmp/cc5sAzkx.s 			page 39


 981              		.thumb_func
 983              	u8g2_font_decode_len:
 984              	.LVL112:
 985              	.LFB13:
 360:BSP/u8g2/u8g2_font.c ****   uint8_t cnt;	/* total number of remaining pixels, which have to be drawn */
 986              		.loc 1 360 1 is_stmt 1 view -0
 987              		.cfi_startproc
 988              		@ args = 0, pretend = 0, frame = 24
 989              		@ frame_needed = 0, uses_anonymous_args = 0
 360:BSP/u8g2/u8g2_font.c ****   uint8_t cnt;	/* total number of remaining pixels, which have to be drawn */
 990              		.loc 1 360 1 is_stmt 0 view .LVU295
 991 0000 2DE9F04F 		push	{r4, r5, r6, r7, r8, r9, r10, fp, lr}
 992              	.LCFI5:
 993              		.cfi_def_cfa_offset 36
 994              		.cfi_offset 4, -36
 995              		.cfi_offset 5, -32
 996              		.cfi_offset 6, -28
 997              		.cfi_offset 7, -24
 998              		.cfi_offset 8, -20
 999              		.cfi_offset 9, -16
 1000              		.cfi_offset 10, -12
 1001              		.cfi_offset 11, -8
 1002              		.cfi_offset 14, -4
 1003 0004 89B0     		sub	sp, sp, #36
 1004              	.LCFI6:
 1005              		.cfi_def_cfa_offset 72
 1006 0006 0546     		mov	r5, r0
 1007 0008 8A46     		mov	r10, r1
 1008 000a 0792     		str	r2, [sp, #28]
 361:BSP/u8g2/u8g2_font.c ****   uint8_t rem; 	/* remaining pixel to the right edge of the glyph */
 1009              		.loc 1 361 3 is_stmt 1 view .LVU296
 362:BSP/u8g2/u8g2_font.c ****   uint8_t current;	/* number of pixels, which need to be drawn for the draw procedure */
 1010              		.loc 1 362 3 view .LVU297
 363:BSP/u8g2/u8g2_font.c ****     /* current is either equal to cnt or equal to rem */
 1011              		.loc 1 363 3 view .LVU298
 367:BSP/u8g2/u8g2_font.c ****   
 1012              		.loc 1 367 3 view .LVU299
 370:BSP/u8g2/u8g2_font.c ****   
 1013              		.loc 1 370 3 view .LVU300
 372:BSP/u8g2/u8g2_font.c ****   
 1014              		.loc 1 372 3 view .LVU301
 1015              	.LVL113:
 374:BSP/u8g2/u8g2_font.c ****   
 1016              		.loc 1 374 3 view .LVU302
 377:BSP/u8g2/u8g2_font.c ****   ly = decode->y;
 1017              		.loc 1 377 3 view .LVU303
 377:BSP/u8g2/u8g2_font.c ****   ly = decode->y;
 1018              		.loc 1 377 14 is_stmt 0 view .LVU304
 1019 000c 90F95E30 		ldrsb	r3, [r0, #94]
 377:BSP/u8g2/u8g2_font.c ****   ly = decode->y;
 1020              		.loc 1 377 6 view .LVU305
 1021 0010 5FFA83FB 		uxtb	fp, r3
 1022              	.LVL114:
 378:BSP/u8g2/u8g2_font.c ****   
 1023              		.loc 1 378 3 is_stmt 1 view .LVU306
 378:BSP/u8g2/u8g2_font.c ****   
 1024              		.loc 1 378 14 is_stmt 0 view .LVU307
ARM GAS  /tmp/cc5sAzkx.s 			page 40


 1025 0014 90F95F20 		ldrsb	r2, [r0, #95]
 1026              	.LVL115:
 378:BSP/u8g2/u8g2_font.c ****   
 1027              		.loc 1 378 6 view .LVU308
 1028 0018 D3B2     		uxtb	r3, r2
 1029 001a 0393     		str	r3, [sp, #12]
 1030              	.LVL116:
 378:BSP/u8g2/u8g2_font.c ****   
 1031              		.loc 1 378 6 view .LVU309
 1032 001c 19E0     		b	.L44
 1033              	.LVL117:
 1034              	.L45:
 390:BSP/u8g2/u8g2_font.c ****     
 1035              		.loc 1 390 15 view .LVU310
 1036 001e CDF814A0 		str	r10, [sp, #20]
 1037 0022 1FE0     		b	.L40
 1038              	.LVL118:
 1039              	.L47:
 412:BSP/u8g2/u8g2_font.c ****       u8g2_DrawHVLine(u8g2, 
 1040              		.loc 1 412 7 is_stmt 1 view .LVU311
 412:BSP/u8g2/u8g2_font.c ****       u8g2_DrawHVLine(u8g2, 
 1041              		.loc 1 412 32 is_stmt 0 view .LVU312
 1042 0024 95F86430 		ldrb	r3, [r5, #100]	@ zero_extendqisi2
 412:BSP/u8g2/u8g2_font.c ****       u8g2_DrawHVLine(u8g2, 
 1043              		.loc 1 412 24 view .LVU313
 1044 0028 85F88630 		strb	r3, [r5, #134]
 413:BSP/u8g2/u8g2_font.c **** 	x, 
 1045              		.loc 1 413 7 is_stmt 1 view .LVU314
 1046 002c 0097     		str	r7, [sp]
 1047 002e 059B     		ldr	r3, [sp, #20]
 1048 0030 0699     		ldr	r1, [sp, #24]
 1049 0032 2846     		mov	r0, r5
 1050 0034 FFF7FEFF 		bl	u8g2_DrawHVLine
 1051              	.LVL119:
 1052              	.L42:
 440:BSP/u8g2/u8g2_font.c ****       break;
 1053              		.loc 1 440 5 view .LVU315
 440:BSP/u8g2/u8g2_font.c ****       break;
 1054              		.loc 1 440 8 is_stmt 0 view .LVU316
 1055 0038 B245     		cmp	r10, r6
 1056 003a 3CD3     		bcc	.L43
 442:BSP/u8g2/u8g2_font.c ****     lx = 0;
 1057              		.loc 1 442 5 is_stmt 1 view .LVU317
 442:BSP/u8g2/u8g2_font.c ****     lx = 0;
 1058              		.loc 1 442 9 is_stmt 0 view .LVU318
 1059 003c ABEB0404 		sub	r4, fp, r4
 1060 0040 5444     		add	r4, r4, r10
 1061 0042 5FFA84FA 		uxtb	r10, r4
 1062              	.LVL120:
 443:BSP/u8g2/u8g2_font.c ****     ly++;
 1063              		.loc 1 443 5 is_stmt 1 view .LVU319
 444:BSP/u8g2/u8g2_font.c ****   }
 1064              		.loc 1 444 5 view .LVU320
 444:BSP/u8g2/u8g2_font.c ****   }
 1065              		.loc 1 444 7 is_stmt 0 view .LVU321
 1066 0046 039B     		ldr	r3, [sp, #12]
 1067 0048 0133     		adds	r3, r3, #1
ARM GAS  /tmp/cc5sAzkx.s 			page 41


 1068 004a DBB2     		uxtb	r3, r3
 1069 004c 0393     		str	r3, [sp, #12]
 1070              	.LVL121:
 380:BSP/u8g2/u8g2_font.c ****   {
 1071              		.loc 1 380 3 is_stmt 1 view .LVU322
 443:BSP/u8g2/u8g2_font.c ****     ly++;
 1072              		.loc 1 443 8 is_stmt 0 view .LVU323
 1073 004e 4FF0000B 		mov	fp, #0
 1074              	.LVL122:
 1075              	.L44:
 380:BSP/u8g2/u8g2_font.c ****   {
 1076              		.loc 1 380 3 is_stmt 1 view .LVU324
 383:BSP/u8g2/u8g2_font.c ****     rem -= lx;
 1077              		.loc 1 383 5 view .LVU325
 383:BSP/u8g2/u8g2_font.c ****     rem -= lx;
 1078              		.loc 1 383 17 is_stmt 0 view .LVU326
 1079 0052 95F96040 		ldrsb	r4, [r5, #96]
 383:BSP/u8g2/u8g2_font.c ****     rem -= lx;
 1080              		.loc 1 383 9 view .LVU327
 1081 0056 E4B2     		uxtb	r4, r4
 1082              	.LVL123:
 384:BSP/u8g2/u8g2_font.c ****     
 1083              		.loc 1 384 5 is_stmt 1 view .LVU328
 384:BSP/u8g2/u8g2_font.c ****     
 1084              		.loc 1 384 9 is_stmt 0 view .LVU329
 1085 0058 A4EB0B06 		sub	r6, r4, fp
 1086 005c F6B2     		uxtb	r6, r6
 1087              	.LVL124:
 388:BSP/u8g2/u8g2_font.c ****     if ( cnt < rem )
 1088              		.loc 1 388 5 is_stmt 1 view .LVU330
 389:BSP/u8g2/u8g2_font.c ****       current = cnt;
 1089              		.loc 1 389 5 view .LVU331
 389:BSP/u8g2/u8g2_font.c ****       current = cnt;
 1090              		.loc 1 389 8 is_stmt 0 view .LVU332
 1091 005e B245     		cmp	r10, r6
 1092 0060 DDD3     		bcc	.L45
 388:BSP/u8g2/u8g2_font.c ****     if ( cnt < rem )
 1093              		.loc 1 388 13 view .LVU333
 1094 0062 0596     		str	r6, [sp, #20]
 1095              	.L40:
 1096              	.LVL125:
 397:BSP/u8g2/u8g2_font.c ****     y = decode->target_y;
 1097              		.loc 1 397 5 is_stmt 1 view .LVU334
 398:BSP/u8g2/u8g2_font.c **** 
 1098              		.loc 1 398 5 view .LVU335
 398:BSP/u8g2/u8g2_font.c **** 
 1099              		.loc 1 398 7 is_stmt 0 view .LVU336
 1100 0064 95F85D90 		ldrb	r9, [r5, #93]	@ zero_extendqisi2
 1101              	.LVL126:
 402:BSP/u8g2/u8g2_font.c ****     y = u8g2_add_vector_y(y, lx, ly, decode->dir);
 1102              		.loc 1 402 5 is_stmt 1 view .LVU337
 402:BSP/u8g2/u8g2_font.c ****     y = u8g2_add_vector_y(y, lx, ly, decode->dir);
 1103              		.loc 1 402 9 is_stmt 0 view .LVU338
 1104 0068 4FFA8BF1 		sxtb	r1, fp
 1105 006c 9DF90C80 		ldrsb	r8, [sp, #12]
 1106 0070 95F86670 		ldrb	r7, [r5, #102]	@ zero_extendqisi2
 1107 0074 3B46     		mov	r3, r7
ARM GAS  /tmp/cc5sAzkx.s 			page 42


 1108 0076 4246     		mov	r2, r8
 1109 0078 0491     		str	r1, [sp, #16]
 1110 007a 95F85C00 		ldrb	r0, [r5, #92]	@ zero_extendqisi2
 1111 007e FFF7FEFF 		bl	u8g2_add_vector_x
 1112              	.LVL127:
 402:BSP/u8g2/u8g2_font.c ****     y = u8g2_add_vector_y(y, lx, ly, decode->dir);
 1113              		.loc 1 402 9 view .LVU339
 1114 0082 0690     		str	r0, [sp, #24]
 1115              	.LVL128:
 403:BSP/u8g2/u8g2_font.c **** #else
 1116              		.loc 1 403 5 is_stmt 1 view .LVU340
 403:BSP/u8g2/u8g2_font.c **** #else
 1117              		.loc 1 403 9 is_stmt 0 view .LVU341
 1118 0084 3B46     		mov	r3, r7
 1119 0086 4246     		mov	r2, r8
 1120 0088 0499     		ldr	r1, [sp, #16]
 1121 008a 4846     		mov	r0, r9
 1122 008c FFF7FEFF 		bl	u8g2_add_vector_y
 1123              	.LVL129:
 1124 0090 0246     		mov	r2, r0
 1125              	.LVL130:
 410:BSP/u8g2/u8g2_font.c ****     {
 1126              		.loc 1 410 5 is_stmt 1 view .LVU342
 410:BSP/u8g2/u8g2_font.c ****     {
 1127              		.loc 1 410 8 is_stmt 0 view .LVU343
 1128 0092 079B     		ldr	r3, [sp, #28]
 1129 0094 002B     		cmp	r3, #0
 1130 0096 C5D1     		bne	.L47
 424:BSP/u8g2/u8g2_font.c ****     {
 1131              		.loc 1 424 10 is_stmt 1 view .LVU344
 424:BSP/u8g2/u8g2_font.c ****     {
 1132              		.loc 1 424 21 is_stmt 0 view .LVU345
 1133 0098 95F86330 		ldrb	r3, [r5, #99]	@ zero_extendqisi2
 424:BSP/u8g2/u8g2_font.c ****     {
 1134              		.loc 1 424 13 view .LVU346
 1135 009c 002B     		cmp	r3, #0
 1136 009e CBD1     		bne	.L42
 426:BSP/u8g2/u8g2_font.c ****       u8g2_DrawHVLine(u8g2, 
 1137              		.loc 1 426 7 is_stmt 1 view .LVU347
 426:BSP/u8g2/u8g2_font.c ****       u8g2_DrawHVLine(u8g2, 
 1138              		.loc 1 426 32 is_stmt 0 view .LVU348
 1139 00a0 95F86530 		ldrb	r3, [r5, #101]	@ zero_extendqisi2
 426:BSP/u8g2/u8g2_font.c ****       u8g2_DrawHVLine(u8g2, 
 1140              		.loc 1 426 24 view .LVU349
 1141 00a4 85F88630 		strb	r3, [r5, #134]
 427:BSP/u8g2/u8g2_font.c **** 	x, 
 1142              		.loc 1 427 7 is_stmt 1 view .LVU350
 1143 00a8 0097     		str	r7, [sp]
 1144 00aa 059B     		ldr	r3, [sp, #20]
 1145 00ac 0699     		ldr	r1, [sp, #24]
 1146 00ae 2846     		mov	r0, r5
 1147 00b0 FFF7FEFF 		bl	u8g2_DrawHVLine
 1148              	.LVL131:
 427:BSP/u8g2/u8g2_font.c **** 	x, 
 1149              		.loc 1 427 7 is_stmt 0 view .LVU351
 1150 00b4 C0E7     		b	.L42
 1151              	.L43:
ARM GAS  /tmp/cc5sAzkx.s 			page 43


 446:BSP/u8g2/u8g2_font.c ****   
 1152              		.loc 1 446 3 is_stmt 1 view .LVU352
 446:BSP/u8g2/u8g2_font.c ****   
 1153              		.loc 1 446 6 is_stmt 0 view .LVU353
 1154 00b6 0AEB0B03 		add	r3, r10, fp
 1155              	.LVL132:
 448:BSP/u8g2/u8g2_font.c ****   decode->y = ly;
 1156              		.loc 1 448 3 is_stmt 1 view .LVU354
 448:BSP/u8g2/u8g2_font.c ****   decode->y = ly;
 1157              		.loc 1 448 13 is_stmt 0 view .LVU355
 1158 00ba 85F85E30 		strb	r3, [r5, #94]
 449:BSP/u8g2/u8g2_font.c ****   
 1159              		.loc 1 449 3 is_stmt 1 view .LVU356
 449:BSP/u8g2/u8g2_font.c ****   
 1160              		.loc 1 449 13 is_stmt 0 view .LVU357
 1161 00be 85F85F80 		strb	r8, [r5, #95]
 451:BSP/u8g2/u8g2_font.c **** 
 1162              		.loc 1 451 1 view .LVU358
 1163 00c2 09B0     		add	sp, sp, #36
 1164              	.LCFI7:
 1165              		.cfi_def_cfa_offset 36
 1166              		@ sp needed
 1167 00c4 BDE8F08F 		pop	{r4, r5, r6, r7, r8, r9, r10, fp, pc}
 451:BSP/u8g2/u8g2_font.c **** 
 1168              		.loc 1 451 1 view .LVU359
 1169              		.cfi_endproc
 1170              	.LFE13:
 1172              		.section	.text.u8g2_font_decode_glyph,"ax",%progbits
 1173              		.align	1
 1174              		.global	u8g2_font_decode_glyph
 1175              		.syntax unified
 1176              		.thumb
 1177              		.thumb_func
 1179              	u8g2_font_decode_glyph:
 1180              	.LVL133:
 1181              	.LFB15:
 488:BSP/u8g2/u8g2_font.c ****   uint8_t a, b;
 1182              		.loc 1 488 1 is_stmt 1 view -0
 1183              		.cfi_startproc
 1184              		@ args = 0, pretend = 0, frame = 8
 1185              		@ frame_needed = 0, uses_anonymous_args = 0
 488:BSP/u8g2/u8g2_font.c ****   uint8_t a, b;
 1186              		.loc 1 488 1 is_stmt 0 view .LVU361
 1187 0000 2DE9F04F 		push	{r4, r5, r6, r7, r8, r9, r10, fp, lr}
 1188              	.LCFI8:
 1189              		.cfi_def_cfa_offset 36
 1190              		.cfi_offset 4, -36
 1191              		.cfi_offset 5, -32
 1192              		.cfi_offset 6, -28
 1193              		.cfi_offset 7, -24
 1194              		.cfi_offset 8, -20
 1195              		.cfi_offset 9, -16
 1196              		.cfi_offset 10, -12
 1197              		.cfi_offset 11, -8
 1198              		.cfi_offset 14, -4
 1199 0004 85B0     		sub	sp, sp, #20
 1200              	.LCFI9:
ARM GAS  /tmp/cc5sAzkx.s 			page 44


 1201              		.cfi_def_cfa_offset 56
 1202 0006 0446     		mov	r4, r0
 489:BSP/u8g2/u8g2_font.c ****   int8_t x, y;
 1203              		.loc 1 489 3 is_stmt 1 view .LVU362
 490:BSP/u8g2/u8g2_font.c ****   int8_t d;
 1204              		.loc 1 490 3 view .LVU363
 491:BSP/u8g2/u8g2_font.c ****   int8_t h;
 1205              		.loc 1 491 3 view .LVU364
 492:BSP/u8g2/u8g2_font.c ****   u8g2_font_decode_t *decode = &(u8g2->font_decode);
 1206              		.loc 1 492 3 view .LVU365
 493:BSP/u8g2/u8g2_font.c ****     
 1207              		.loc 1 493 3 view .LVU366
 493:BSP/u8g2/u8g2_font.c ****     
 1208              		.loc 1 493 23 is_stmt 0 view .LVU367
 1209 0008 00F15805 		add	r5, r0, #88
 1210              	.LVL134:
 495:BSP/u8g2/u8g2_font.c ****   h = u8g2->font_decode.glyph_height;
 1211              		.loc 1 495 3 is_stmt 1 view .LVU368
 1212 000c FFF7FEFF 		bl	u8g2_font_setup_decode
 1213              	.LVL135:
 496:BSP/u8g2/u8g2_font.c ****   
 1214              		.loc 1 496 3 view .LVU369
 496:BSP/u8g2/u8g2_font.c ****   
 1215              		.loc 1 496 5 is_stmt 0 view .LVU370
 1216 0010 94F96170 		ldrsb	r7, [r4, #97]
 1217              	.LVL136:
 498:BSP/u8g2/u8g2_font.c ****   y = u8g2_font_decode_get_signed_bits(decode, u8g2->font_info.bits_per_char_y);
 1218              		.loc 1 498 3 is_stmt 1 view .LVU371
 498:BSP/u8g2/u8g2_font.c ****   y = u8g2_font_decode_get_signed_bits(decode, u8g2->font_info.bits_per_char_y);
 1219              		.loc 1 498 7 is_stmt 0 view .LVU372
 1220 0014 94F86E10 		ldrb	r1, [r4, #110]	@ zero_extendqisi2
 1221 0018 2846     		mov	r0, r5
 1222 001a FFF7FEFF 		bl	u8g2_font_decode_get_signed_bits
 1223              	.LVL137:
 1224 001e 8146     		mov	r9, r0
 1225              	.LVL138:
 499:BSP/u8g2/u8g2_font.c ****   d = u8g2_font_decode_get_signed_bits(decode, u8g2->font_info.bits_per_delta_x);
 1226              		.loc 1 499 3 is_stmt 1 view .LVU373
 499:BSP/u8g2/u8g2_font.c ****   d = u8g2_font_decode_get_signed_bits(decode, u8g2->font_info.bits_per_delta_x);
 1227              		.loc 1 499 7 is_stmt 0 view .LVU374
 1228 0020 94F86F10 		ldrb	r1, [r4, #111]	@ zero_extendqisi2
 1229 0024 2846     		mov	r0, r5
 1230 0026 FFF7FEFF 		bl	u8g2_font_decode_get_signed_bits
 1231              	.LVL139:
 1232 002a 0646     		mov	r6, r0
 1233              	.LVL140:
 500:BSP/u8g2/u8g2_font.c ****   
 1234              		.loc 1 500 3 is_stmt 1 view .LVU375
 500:BSP/u8g2/u8g2_font.c ****   
 1235              		.loc 1 500 7 is_stmt 0 view .LVU376
 1236 002c 94F87010 		ldrb	r1, [r4, #112]	@ zero_extendqisi2
 1237 0030 2846     		mov	r0, r5
 1238 0032 FFF7FEFF 		bl	u8g2_font_decode_get_signed_bits
 1239              	.LVL141:
 1240 0036 0290     		str	r0, [sp, #8]
 1241              	.LVL142:
 502:BSP/u8g2/u8g2_font.c ****   {
ARM GAS  /tmp/cc5sAzkx.s 			page 45


 1242              		.loc 1 502 3 is_stmt 1 view .LVU377
 502:BSP/u8g2/u8g2_font.c ****   {
 1243              		.loc 1 502 14 is_stmt 0 view .LVU378
 1244 0038 94F96080 		ldrsb	r8, [r4, #96]
 502:BSP/u8g2/u8g2_font.c ****   {
 1245              		.loc 1 502 6 view .LVU379
 1246 003c B8F1000F 		cmp	r8, #0
 1247 0040 59DD     		ble	.L49
 505:BSP/u8g2/u8g2_font.c ****     decode->target_y = u8g2_add_vector_y(decode->target_y, x, -(h+y), decode->dir);
 1248              		.loc 1 505 5 is_stmt 1 view .LVU380
 505:BSP/u8g2/u8g2_font.c ****     decode->target_y = u8g2_add_vector_y(decode->target_y, x, -(h+y), decode->dir);
 1249              		.loc 1 505 66 is_stmt 0 view .LVU381
 1250 0042 5FFA87FA 		uxtb	r10, r7
 1251 0046 5644     		add	r6, r6, r10
 1252              	.LVL143:
 505:BSP/u8g2/u8g2_font.c ****     decode->target_y = u8g2_add_vector_y(decode->target_y, x, -(h+y), decode->dir);
 1253              		.loc 1 505 66 view .LVU382
 1254 0048 F6B2     		uxtb	r6, r6
 505:BSP/u8g2/u8g2_font.c ****     decode->target_y = u8g2_add_vector_y(decode->target_y, x, -(h+y), decode->dir);
 1255              		.loc 1 505 24 view .LVU383
 1256 004a 7642     		rsbs	r6, r6, #0
 1257 004c 76B2     		sxtb	r6, r6
 1258 004e 94F866B0 		ldrb	fp, [r4, #102]	@ zero_extendqisi2
 1259 0052 5B46     		mov	r3, fp
 1260 0054 3246     		mov	r2, r6
 1261 0056 CDF80C90 		str	r9, [sp, #12]
 1262 005a 4946     		mov	r1, r9
 1263 005c 94F85C00 		ldrb	r0, [r4, #92]	@ zero_extendqisi2
 1264 0060 FFF7FEFF 		bl	u8g2_add_vector_x
 1265              	.LVL144:
 1266 0064 8146     		mov	r9, r0
 1267              	.LVL145:
 505:BSP/u8g2/u8g2_font.c ****     decode->target_y = u8g2_add_vector_y(decode->target_y, x, -(h+y), decode->dir);
 1268              		.loc 1 505 22 discriminator 1 view .LVU384
 1269 0066 84F85C00 		strb	r0, [r4, #92]
 506:BSP/u8g2/u8g2_font.c **** #else
 1270              		.loc 1 506 5 is_stmt 1 view .LVU385
 506:BSP/u8g2/u8g2_font.c **** #else
 1271              		.loc 1 506 24 is_stmt 0 view .LVU386
 1272 006a 5B46     		mov	r3, fp
 1273 006c 3246     		mov	r2, r6
 1274 006e 0399     		ldr	r1, [sp, #12]
 1275 0070 94F85D00 		ldrb	r0, [r4, #93]	@ zero_extendqisi2
 1276 0074 FFF7FEFF 		bl	u8g2_add_vector_y
 1277              	.LVL146:
 1278 0078 0246     		mov	r2, r0
 506:BSP/u8g2/u8g2_font.c **** #else
 1279              		.loc 1 506 22 discriminator 1 view .LVU387
 1280 007a 84F85D00 		strb	r0, [r4, #93]
 1281              	.LBB3:
 515:BSP/u8g2/u8g2_font.c ****       x0 = decode->target_x;
 1282              		.loc 1 515 7 is_stmt 1 view .LVU388
 516:BSP/u8g2/u8g2_font.c ****       y0 = decode->target_y;
 1283              		.loc 1 516 7 view .LVU389
 1284              	.LVL147:
 517:BSP/u8g2/u8g2_font.c ****       x1 = x0;
 1285              		.loc 1 517 7 view .LVU390
ARM GAS  /tmp/cc5sAzkx.s 			page 46


 518:BSP/u8g2/u8g2_font.c ****       y1 = y0;
 1286              		.loc 1 518 7 view .LVU391
 519:BSP/u8g2/u8g2_font.c ****       
 1287              		.loc 1 519 7 view .LVU392
 522:BSP/u8g2/u8g2_font.c ****       {
 1288              		.loc 1 522 7 view .LVU393
 1289 007e BBF1030F 		cmp	fp, #3
 1290 0082 69D8     		bhi	.L58
 1291 0084 DFE80BF0 		tbb	[pc, fp]
 1292              	.L52:
 1293 0088 02       		.byte	(.L55-.L52)/2
 1294 0089 3B       		.byte	(.L54-.L52)/2
 1295 008a 49       		.byte	(.L53-.L52)/2
 1296 008b 5C       		.byte	(.L51-.L52)/2
 1297              		.p2align 1
 1298              	.L55:
 525:BSP/u8g2/u8g2_font.c **** 	    y1 += h;
 1299              		.loc 1 525 6 view .LVU394
 525:BSP/u8g2/u8g2_font.c **** 	    y1 += h;
 1300              		.loc 1 525 18 is_stmt 0 view .LVU395
 1301 008c 5FFA88F3 		uxtb	r3, r8
 525:BSP/u8g2/u8g2_font.c **** 	    y1 += h;
 1302              		.loc 1 525 9 view .LVU396
 1303 0090 4B44     		add	r3, r3, r9
 1304 0092 DBB2     		uxtb	r3, r3
 1305              	.LVL148:
 526:BSP/u8g2/u8g2_font.c **** 	    break;
 1306              		.loc 1 526 6 is_stmt 1 view .LVU397
 526:BSP/u8g2/u8g2_font.c **** 	    break;
 1307              		.loc 1 526 9 is_stmt 0 view .LVU398
 1308 0094 5044     		add	r0, r10, r0
 1309              	.LVL149:
 526:BSP/u8g2/u8g2_font.c **** 	    break;
 1310              		.loc 1 526 9 view .LVU399
 1311 0096 C0B2     		uxtb	r0, r0
 1312              	.LVL150:
 527:BSP/u8g2/u8g2_font.c **** 	case 1:
 1313              		.loc 1 527 6 is_stmt 1 view .LVU400
 1314              	.L50:
 554:BSP/u8g2/u8g2_font.c **** 	return d;
 1315              		.loc 1 554 7 view .LVU401
 554:BSP/u8g2/u8g2_font.c **** 	return d;
 1316              		.loc 1 554 12 is_stmt 0 view .LVU402
 1317 0098 0090     		str	r0, [sp]
 1318 009a 4946     		mov	r1, r9
 1319 009c 2046     		mov	r0, r4
 1320              	.LVL151:
 554:BSP/u8g2/u8g2_font.c **** 	return d;
 1321              		.loc 1 554 12 view .LVU403
 1322 009e FFF7FEFF 		bl	u8g2_IsIntersection
 1323              	.LVL152:
 554:BSP/u8g2/u8g2_font.c **** 	return d;
 1324              		.loc 1 554 10 discriminator 1 view .LVU404
 1325 00a2 40B3     		cbz	r0, .L49
 1326              	.LBE3:
 560:BSP/u8g2/u8g2_font.c ****     decode->y = 0;
 1327              		.loc 1 560 5 is_stmt 1 view .LVU405
ARM GAS  /tmp/cc5sAzkx.s 			page 47


 560:BSP/u8g2/u8g2_font.c ****     decode->y = 0;
 1328              		.loc 1 560 15 is_stmt 0 view .LVU406
 1329 00a4 0023     		movs	r3, #0
 1330 00a6 84F85E30 		strb	r3, [r4, #94]
 561:BSP/u8g2/u8g2_font.c ****     
 1331              		.loc 1 561 5 is_stmt 1 view .LVU407
 561:BSP/u8g2/u8g2_font.c ****     
 1332              		.loc 1 561 15 is_stmt 0 view .LVU408
 1333 00aa 84F85F30 		strb	r3, [r4, #95]
 1334              	.L57:
 564:BSP/u8g2/u8g2_font.c ****     {
 1335              		.loc 1 564 5 is_stmt 1 view .LVU409
 566:BSP/u8g2/u8g2_font.c ****       b = u8g2_font_decode_get_unsigned_bits(decode, u8g2->font_info.bits_per_1);
 1336              		.loc 1 566 7 view .LVU410
 566:BSP/u8g2/u8g2_font.c ****       b = u8g2_font_decode_get_unsigned_bits(decode, u8g2->font_info.bits_per_1);
 1337              		.loc 1 566 11 is_stmt 0 view .LVU411
 1338 00ae 94F86A10 		ldrb	r1, [r4, #106]	@ zero_extendqisi2
 1339 00b2 2846     		mov	r0, r5
 1340 00b4 FFF7FEFF 		bl	u8g2_font_decode_get_unsigned_bits
 1341              	.LVL153:
 1342 00b8 8046     		mov	r8, r0
 1343              	.LVL154:
 567:BSP/u8g2/u8g2_font.c ****       do
 1344              		.loc 1 567 7 is_stmt 1 view .LVU412
 567:BSP/u8g2/u8g2_font.c ****       do
 1345              		.loc 1 567 11 is_stmt 0 view .LVU413
 1346 00ba 94F86B10 		ldrb	r1, [r4, #107]	@ zero_extendqisi2
 1347 00be 2846     		mov	r0, r5
 1348 00c0 FFF7FEFF 		bl	u8g2_font_decode_get_unsigned_bits
 1349              	.LVL155:
 1350 00c4 0646     		mov	r6, r0
 1351              	.LVL156:
 1352              	.L56:
 568:BSP/u8g2/u8g2_font.c ****       {
 1353              		.loc 1 568 7 is_stmt 1 view .LVU414
 570:BSP/u8g2/u8g2_font.c **** 	u8g2_font_decode_len(u8g2, b, 1);
 1354              		.loc 1 570 2 view .LVU415
 1355 00c6 0022     		movs	r2, #0
 1356 00c8 4146     		mov	r1, r8
 1357 00ca 2046     		mov	r0, r4
 1358 00cc FFF7FEFF 		bl	u8g2_font_decode_len
 1359              	.LVL157:
 571:BSP/u8g2/u8g2_font.c ****       } while( u8g2_font_decode_get_unsigned_bits(decode, 1) != 0 );
 1360              		.loc 1 571 2 view .LVU416
 1361 00d0 0122     		movs	r2, #1
 1362 00d2 3146     		mov	r1, r6
 1363 00d4 2046     		mov	r0, r4
 1364 00d6 FFF7FEFF 		bl	u8g2_font_decode_len
 1365              	.LVL158:
 572:BSP/u8g2/u8g2_font.c **** 
 1366              		.loc 1 572 62 discriminator 1 view .LVU417
 572:BSP/u8g2/u8g2_font.c **** 
 1367              		.loc 1 572 16 is_stmt 0 discriminator 1 view .LVU418
 1368 00da 0121     		movs	r1, #1
 1369 00dc 2846     		mov	r0, r5
 1370 00de FFF7FEFF 		bl	u8g2_font_decode_get_unsigned_bits
 1371              	.LVL159:
ARM GAS  /tmp/cc5sAzkx.s 			page 48


 572:BSP/u8g2/u8g2_font.c **** 
 1372              		.loc 1 572 62 discriminator 1 view .LVU419
 1373 00e2 0028     		cmp	r0, #0
 1374 00e4 EFD1     		bne	.L56
 574:BSP/u8g2/u8g2_font.c **** 	break;
 1375              		.loc 1 574 7 is_stmt 1 view .LVU420
 574:BSP/u8g2/u8g2_font.c **** 	break;
 1376              		.loc 1 574 18 is_stmt 0 view .LVU421
 1377 00e6 94F95F30 		ldrsb	r3, [r4, #95]
 574:BSP/u8g2/u8g2_font.c **** 	break;
 1378              		.loc 1 574 10 view .LVU422
 1379 00ea BB42     		cmp	r3, r7
 1380 00ec DFDB     		blt	.L57
 579:BSP/u8g2/u8g2_font.c ****   }
 1381              		.loc 1 579 5 is_stmt 1 view .LVU423
 579:BSP/u8g2/u8g2_font.c ****   }
 1382              		.loc 1 579 30 is_stmt 0 view .LVU424
 1383 00ee 94F86430 		ldrb	r3, [r4, #100]	@ zero_extendqisi2
 579:BSP/u8g2/u8g2_font.c ****   }
 1384              		.loc 1 579 22 view .LVU425
 1385 00f2 84F88630 		strb	r3, [r4, #134]
 1386              	.LVL160:
 1387              	.L49:
 582:BSP/u8g2/u8g2_font.c **** 
 1388              		.loc 1 582 1 view .LVU426
 1389 00f6 0298     		ldr	r0, [sp, #8]
 1390 00f8 05B0     		add	sp, sp, #20
 1391              	.LCFI10:
 1392              		.cfi_remember_state
 1393              		.cfi_def_cfa_offset 36
 1394              		@ sp needed
 1395 00fa BDE8F08F 		pop	{r4, r5, r6, r7, r8, r9, r10, fp, pc}
 1396              	.LVL161:
 1397              	.L54:
 1398              	.LCFI11:
 1399              		.cfi_restore_state
 1400              	.LBB4:
 529:BSP/u8g2/u8g2_font.c **** 	    x0++;	/* shift down, because of assymetric boundaries for the interseciton test */
 1401              		.loc 1 529 6 is_stmt 1 view .LVU427
 529:BSP/u8g2/u8g2_font.c **** 	    x0++;	/* shift down, because of assymetric boundaries for the interseciton test */
 1402              		.loc 1 529 9 is_stmt 0 view .LVU428
 1403 00fe A9EB0A01 		sub	r1, r9, r10
 1404 0102 C9B2     		uxtb	r1, r1
 1405              	.LVL162:
 530:BSP/u8g2/u8g2_font.c **** 	    x1++;
 1406              		.loc 1 530 6 is_stmt 1 view .LVU429
 530:BSP/u8g2/u8g2_font.c **** 	    x1++;
 1407              		.loc 1 530 8 is_stmt 0 view .LVU430
 1408 0104 0131     		adds	r1, r1, #1
 1409              	.LVL163:
 531:BSP/u8g2/u8g2_font.c **** 	    y1 += decode->glyph_width;
 1410              		.loc 1 531 6 is_stmt 1 view .LVU431
 531:BSP/u8g2/u8g2_font.c **** 	    y1 += decode->glyph_width;
 1411              		.loc 1 531 8 is_stmt 0 view .LVU432
 1412 0106 09F10103 		add	r3, r9, #1
 1413 010a DBB2     		uxtb	r3, r3
 1414              	.LVL164:
ARM GAS  /tmp/cc5sAzkx.s 			page 49


 532:BSP/u8g2/u8g2_font.c **** 	    break;
 1415              		.loc 1 532 6 is_stmt 1 view .LVU433
 532:BSP/u8g2/u8g2_font.c **** 	    break;
 1416              		.loc 1 532 18 is_stmt 0 view .LVU434
 1417 010c 5FFA88F0 		uxtb	r0, r8
 1418              	.LVL165:
 532:BSP/u8g2/u8g2_font.c **** 	    break;
 1419              		.loc 1 532 9 view .LVU435
 1420 0110 1044     		add	r0, r0, r2
 1421 0112 C0B2     		uxtb	r0, r0
 1422              	.LVL166:
 533:BSP/u8g2/u8g2_font.c **** 	case 2:
 1423              		.loc 1 533 6 is_stmt 1 view .LVU436
 530:BSP/u8g2/u8g2_font.c **** 	    x1++;
 1424              		.loc 1 530 8 is_stmt 0 view .LVU437
 1425 0114 5FFA81F9 		uxtb	r9, r1
 533:BSP/u8g2/u8g2_font.c **** 	case 2:
 1426              		.loc 1 533 6 view .LVU438
 1427 0118 BEE7     		b	.L50
 1428              	.LVL167:
 1429              	.L53:
 535:BSP/u8g2/u8g2_font.c **** 	    x0++;	/* shift down, because of assymetric boundaries for the interseciton test */
 1430              		.loc 1 535 6 is_stmt 1 view .LVU439
 535:BSP/u8g2/u8g2_font.c **** 	    x0++;	/* shift down, because of assymetric boundaries for the interseciton test */
 1431              		.loc 1 535 18 is_stmt 0 view .LVU440
 1432 011a 5FFA88F1 		uxtb	r1, r8
 535:BSP/u8g2/u8g2_font.c **** 	    x0++;	/* shift down, because of assymetric boundaries for the interseciton test */
 1433              		.loc 1 535 9 view .LVU441
 1434 011e A9EB0101 		sub	r1, r9, r1
 1435 0122 C9B2     		uxtb	r1, r1
 1436              	.LVL168:
 536:BSP/u8g2/u8g2_font.c **** 	    x1++;
 1437              		.loc 1 536 6 is_stmt 1 view .LVU442
 536:BSP/u8g2/u8g2_font.c **** 	    x1++;
 1438              		.loc 1 536 8 is_stmt 0 view .LVU443
 1439 0124 0131     		adds	r1, r1, #1
 1440              	.LVL169:
 537:BSP/u8g2/u8g2_font.c **** 	    y0 -= h;
 1441              		.loc 1 537 6 is_stmt 1 view .LVU444
 537:BSP/u8g2/u8g2_font.c **** 	    y0 -= h;
 1442              		.loc 1 537 8 is_stmt 0 view .LVU445
 1443 0126 09F10103 		add	r3, r9, #1
 1444 012a DBB2     		uxtb	r3, r3
 1445              	.LVL170:
 538:BSP/u8g2/u8g2_font.c **** 	    y0++;	/* shift down, because of assymetric boundaries for the interseciton test */
 1446              		.loc 1 538 6 is_stmt 1 view .LVU446
 538:BSP/u8g2/u8g2_font.c **** 	    y0++;	/* shift down, because of assymetric boundaries for the interseciton test */
 1447              		.loc 1 538 9 is_stmt 0 view .LVU447
 1448 012c A0EB0A06 		sub	r6, r0, r10
 1449 0130 F6B2     		uxtb	r6, r6
 1450              	.LVL171:
 539:BSP/u8g2/u8g2_font.c **** 	    y1++;
 1451              		.loc 1 539 6 is_stmt 1 view .LVU448
 539:BSP/u8g2/u8g2_font.c **** 	    y1++;
 1452              		.loc 1 539 8 is_stmt 0 view .LVU449
 1453 0132 0136     		adds	r6, r6, #1
 1454              	.LVL172:
ARM GAS  /tmp/cc5sAzkx.s 			page 50


 540:BSP/u8g2/u8g2_font.c **** 	    break;	  
 1455              		.loc 1 540 6 is_stmt 1 view .LVU450
 540:BSP/u8g2/u8g2_font.c **** 	    break;	  
 1456              		.loc 1 540 8 is_stmt 0 view .LVU451
 1457 0134 0130     		adds	r0, r0, #1
 1458              	.LVL173:
 540:BSP/u8g2/u8g2_font.c **** 	    break;	  
 1459              		.loc 1 540 8 view .LVU452
 1460 0136 C0B2     		uxtb	r0, r0
 1461              	.LVL174:
 541:BSP/u8g2/u8g2_font.c **** 	case 3:
 1462              		.loc 1 541 6 is_stmt 1 view .LVU453
 539:BSP/u8g2/u8g2_font.c **** 	    y1++;
 1463              		.loc 1 539 8 is_stmt 0 view .LVU454
 1464 0138 F2B2     		uxtb	r2, r6
 536:BSP/u8g2/u8g2_font.c **** 	    x1++;
 1465              		.loc 1 536 8 view .LVU455
 1466 013a 5FFA81F9 		uxtb	r9, r1
 541:BSP/u8g2/u8g2_font.c **** 	case 3:
 1467              		.loc 1 541 6 view .LVU456
 1468 013e ABE7     		b	.L50
 1469              	.LVL175:
 1470              	.L51:
 543:BSP/u8g2/u8g2_font.c **** 	    y0 -= decode->glyph_width;
 1471              		.loc 1 543 6 is_stmt 1 view .LVU457
 543:BSP/u8g2/u8g2_font.c **** 	    y0 -= decode->glyph_width;
 1472              		.loc 1 543 9 is_stmt 0 view .LVU458
 1473 0140 CA44     		add	r10, r10, r9
 1474 0142 5FFA8AF3 		uxtb	r3, r10
 1475              	.LVL176:
 544:BSP/u8g2/u8g2_font.c **** 	    y0++;	/* shift down, because of assymetric boundaries for the interseciton test */
 1476              		.loc 1 544 6 is_stmt 1 view .LVU459
 544:BSP/u8g2/u8g2_font.c **** 	    y0++;	/* shift down, because of assymetric boundaries for the interseciton test */
 1477              		.loc 1 544 18 is_stmt 0 view .LVU460
 1478 0146 5FFA88F1 		uxtb	r1, r8
 544:BSP/u8g2/u8g2_font.c **** 	    y0++;	/* shift down, because of assymetric boundaries for the interseciton test */
 1479              		.loc 1 544 9 view .LVU461
 1480 014a 411A     		subs	r1, r0, r1
 1481 014c C9B2     		uxtb	r1, r1
 1482              	.LVL177:
 545:BSP/u8g2/u8g2_font.c **** 	    y1++;
 1483              		.loc 1 545 6 is_stmt 1 view .LVU462
 545:BSP/u8g2/u8g2_font.c **** 	    y1++;
 1484              		.loc 1 545 8 is_stmt 0 view .LVU463
 1485 014e 0131     		adds	r1, r1, #1
 1486              	.LVL178:
 546:BSP/u8g2/u8g2_font.c **** 	    break;	  
 1487              		.loc 1 546 6 is_stmt 1 view .LVU464
 546:BSP/u8g2/u8g2_font.c **** 	    break;	  
 1488              		.loc 1 546 8 is_stmt 0 view .LVU465
 1489 0150 0130     		adds	r0, r0, #1
 1490              	.LVL179:
 546:BSP/u8g2/u8g2_font.c **** 	    break;	  
 1491              		.loc 1 546 8 view .LVU466
 1492 0152 C0B2     		uxtb	r0, r0
 1493              	.LVL180:
 547:BSP/u8g2/u8g2_font.c ****       }
ARM GAS  /tmp/cc5sAzkx.s 			page 51


 1494              		.loc 1 547 6 is_stmt 1 view .LVU467
 545:BSP/u8g2/u8g2_font.c **** 	    y1++;
 1495              		.loc 1 545 8 is_stmt 0 view .LVU468
 1496 0154 CAB2     		uxtb	r2, r1
 547:BSP/u8g2/u8g2_font.c ****       }
 1497              		.loc 1 547 6 view .LVU469
 1498 0156 9FE7     		b	.L50
 1499              	.LVL181:
 1500              	.L58:
 522:BSP/u8g2/u8g2_font.c ****       {
 1501              		.loc 1 522 7 view .LVU470
 1502 0158 4B46     		mov	r3, r9
 1503 015a 9DE7     		b	.L50
 1504              	.LBE4:
 1505              		.cfi_endproc
 1506              	.LFE15:
 1508              		.section	.text.u8g2_font_get_glyph_data,"ax",%progbits
 1509              		.align	1
 1510              		.global	u8g2_font_get_glyph_data
 1511              		.syntax unified
 1512              		.thumb
 1513              		.thumb_func
 1515              	u8g2_font_get_glyph_data:
 1516              	.LVL182:
 1517              	.LFB16:
 593:BSP/u8g2/u8g2_font.c ****   const uint8_t *font = u8g2->font;
 1518              		.loc 1 593 1 is_stmt 1 view -0
 1519              		.cfi_startproc
 1520              		@ args = 0, pretend = 0, frame = 0
 1521              		@ frame_needed = 0, uses_anonymous_args = 0
 593:BSP/u8g2/u8g2_font.c ****   const uint8_t *font = u8g2->font;
 1522              		.loc 1 593 1 is_stmt 0 view .LVU472
 1523 0000 70B5     		push	{r4, r5, r6, lr}
 1524              	.LCFI12:
 1525              		.cfi_def_cfa_offset 16
 1526              		.cfi_offset 4, -16
 1527              		.cfi_offset 5, -12
 1528              		.cfi_offset 6, -8
 1529              		.cfi_offset 14, -4
 1530 0002 0E46     		mov	r6, r1
 594:BSP/u8g2/u8g2_font.c ****   font += U8G2_FONT_DATA_STRUCT_SIZE;
 1531              		.loc 1 594 3 is_stmt 1 view .LVU473
 594:BSP/u8g2/u8g2_font.c ****   font += U8G2_FONT_DATA_STRUCT_SIZE;
 1532              		.loc 1 594 18 is_stmt 0 view .LVU474
 1533 0004 046D     		ldr	r4, [r0, #80]
 1534              	.LVL183:
 595:BSP/u8g2/u8g2_font.c **** 
 1535              		.loc 1 595 3 is_stmt 1 view .LVU475
 595:BSP/u8g2/u8g2_font.c **** 
 1536              		.loc 1 595 8 is_stmt 0 view .LVU476
 1537 0006 1734     		adds	r4, r4, #23
 1538              	.LVL184:
 598:BSP/u8g2/u8g2_font.c ****   {
 1539              		.loc 1 598 3 is_stmt 1 view .LVU477
 598:BSP/u8g2/u8g2_font.c ****   {
 1540              		.loc 1 598 6 is_stmt 0 view .LVU478
 1541 0008 FF29     		cmp	r1, #255
ARM GAS  /tmp/cc5sAzkx.s 			page 52


 1542 000a 13D8     		bhi	.L61
 600:BSP/u8g2/u8g2_font.c ****     {
 1543              		.loc 1 600 5 is_stmt 1 view .LVU479
 600:BSP/u8g2/u8g2_font.c ****     {
 1544              		.loc 1 600 8 is_stmt 0 view .LVU480
 1545 000c 6029     		cmp	r1, #96
 1546 000e 03D9     		bls	.L62
 602:BSP/u8g2/u8g2_font.c ****     }
 1547              		.loc 1 602 7 is_stmt 1 view .LVU481
 602:BSP/u8g2/u8g2_font.c ****     }
 1548              		.loc 1 602 30 is_stmt 0 view .LVU482
 1549 0010 B0F87C30 		ldrh	r3, [r0, #124]
 602:BSP/u8g2/u8g2_font.c ****     }
 1550              		.loc 1 602 12 view .LVU483
 1551 0014 1C44     		add	r4, r4, r3
 1552              	.LVL185:
 602:BSP/u8g2/u8g2_font.c ****     }
 1553              		.loc 1 602 12 view .LVU484
 1554 0016 06E0     		b	.L66
 1555              	.L62:
 604:BSP/u8g2/u8g2_font.c ****     {
 1556              		.loc 1 604 10 is_stmt 1 view .LVU485
 604:BSP/u8g2/u8g2_font.c ****     {
 1557              		.loc 1 604 13 is_stmt 0 view .LVU486
 1558 0018 4029     		cmp	r1, #64
 1559 001a 04D9     		bls	.L66
 606:BSP/u8g2/u8g2_font.c ****     }
 1560              		.loc 1 606 7 is_stmt 1 view .LVU487
 606:BSP/u8g2/u8g2_font.c ****     }
 1561              		.loc 1 606 30 is_stmt 0 view .LVU488
 1562 001c B0F87A30 		ldrh	r3, [r0, #122]
 606:BSP/u8g2/u8g2_font.c ****     }
 1563              		.loc 1 606 12 view .LVU489
 1564 0020 1C44     		add	r4, r4, r3
 1565              	.LVL186:
 606:BSP/u8g2/u8g2_font.c ****     }
 1566              		.loc 1 606 12 view .LVU490
 1567 0022 00E0     		b	.L66
 1568              	.L65:
 617:BSP/u8g2/u8g2_font.c ****     }
 1569              		.loc 1 617 7 is_stmt 1 view .LVU491
 617:BSP/u8g2/u8g2_font.c ****     }
 1570              		.loc 1 617 12 is_stmt 0 view .LVU492
 1571 0024 1C44     		add	r4, r4, r3
 1572              	.LVL187:
 609:BSP/u8g2/u8g2_font.c ****     {
 1573              		.loc 1 609 5 is_stmt 1 view .LVU493
 1574              	.L66:
 609:BSP/u8g2/u8g2_font.c ****     {
 1575              		.loc 1 609 5 view .LVU494
 611:BSP/u8g2/u8g2_font.c **** 	break;
 1576              		.loc 1 611 7 view .LVU495
 611:BSP/u8g2/u8g2_font.c **** 	break;
 1577              		.loc 1 611 12 is_stmt 0 view .LVU496
 1578 0026 6378     		ldrb	r3, [r4, #1]	@ zero_extendqisi2
 611:BSP/u8g2/u8g2_font.c **** 	break;
 1579              		.loc 1 611 10 view .LVU497
ARM GAS  /tmp/cc5sAzkx.s 			page 53


 1580 0028 03B3     		cbz	r3, .L70
 613:BSP/u8g2/u8g2_font.c ****       {
 1581              		.loc 1 613 7 is_stmt 1 view .LVU498
 613:BSP/u8g2/u8g2_font.c ****       {
 1582              		.loc 1 613 12 is_stmt 0 view .LVU499
 1583 002a 2278     		ldrb	r2, [r4]	@ zero_extendqisi2
 613:BSP/u8g2/u8g2_font.c ****       {
 1584              		.loc 1 613 10 view .LVU500
 1585 002c B242     		cmp	r2, r6
 1586 002e F9D1     		bne	.L65
 615:BSP/u8g2/u8g2_font.c ****       }
 1587              		.loc 1 615 2 is_stmt 1 view .LVU501
 615:BSP/u8g2/u8g2_font.c ****       }
 1588              		.loc 1 615 13 is_stmt 0 view .LVU502
 1589 0030 A01C     		adds	r0, r4, #2
 1590              	.LVL188:
 615:BSP/u8g2/u8g2_font.c ****       }
 1591              		.loc 1 615 13 view .LVU503
 1592 0032 1CE0     		b	.L60
 1593              	.LVL189:
 1594              	.L61:
 1595              	.LBB5:
 623:BSP/u8g2/u8g2_font.c ****     const uint8_t *unicode_lookup_table;
 1596              		.loc 1 623 5 is_stmt 1 view .LVU504
 624:BSP/u8g2/u8g2_font.c ****     
 1597              		.loc 1 624 5 view .LVU505
 635:BSP/u8g2/u8g2_font.c ****     unicode_lookup_table = font; 
 1598              		.loc 1 635 5 view .LVU506
 635:BSP/u8g2/u8g2_font.c ****     unicode_lookup_table = font; 
 1599              		.loc 1 635 28 is_stmt 0 view .LVU507
 1600 0034 B0F87E30 		ldrh	r3, [r0, #126]
 635:BSP/u8g2/u8g2_font.c ****     unicode_lookup_table = font; 
 1601              		.loc 1 635 10 view .LVU508
 1602 0038 1C44     		add	r4, r4, r3
 1603              	.LVL190:
 636:BSP/u8g2/u8g2_font.c ****   
 1604              		.loc 1 636 5 is_stmt 1 view .LVU509
 636:BSP/u8g2/u8g2_font.c ****   
 1605              		.loc 1 636 26 is_stmt 0 view .LVU510
 1606 003a 2546     		mov	r5, r4
 1607              	.LVL191:
 1608              	.L67:
 639:BSP/u8g2/u8g2_font.c ****     {
 1609              		.loc 1 639 5 is_stmt 1 view .LVU511
 641:BSP/u8g2/u8g2_font.c ****       e = u8g2_font_get_word(unicode_lookup_table, 2);
 1610              		.loc 1 641 7 view .LVU512
 641:BSP/u8g2/u8g2_font.c ****       e = u8g2_font_get_word(unicode_lookup_table, 2);
 1611              		.loc 1 641 15 is_stmt 0 view .LVU513
 1612 003c 0021     		movs	r1, #0
 1613 003e 2846     		mov	r0, r5
 1614 0040 FFF7FEFF 		bl	u8g2_font_get_word
 1615              	.LVL192:
 641:BSP/u8g2/u8g2_font.c ****       e = u8g2_font_get_word(unicode_lookup_table, 2);
 1616              		.loc 1 641 12 discriminator 1 view .LVU514
 1617 0044 0444     		add	r4, r4, r0
 1618              	.LVL193:
 642:BSP/u8g2/u8g2_font.c ****       unicode_lookup_table+=4;
ARM GAS  /tmp/cc5sAzkx.s 			page 54


 1619              		.loc 1 642 7 is_stmt 1 view .LVU515
 642:BSP/u8g2/u8g2_font.c ****       unicode_lookup_table+=4;
 1620              		.loc 1 642 11 is_stmt 0 view .LVU516
 1621 0046 0221     		movs	r1, #2
 1622 0048 2846     		mov	r0, r5
 1623 004a FFF7FEFF 		bl	u8g2_font_get_word
 1624              	.LVL194:
 643:BSP/u8g2/u8g2_font.c ****     } while( e < encoding );
 1625              		.loc 1 643 7 is_stmt 1 view .LVU517
 643:BSP/u8g2/u8g2_font.c ****     } while( e < encoding );
 1626              		.loc 1 643 27 is_stmt 0 view .LVU518
 1627 004e 0435     		adds	r5, r5, #4
 1628              	.LVL195:
 644:BSP/u8g2/u8g2_font.c ****     
 1629              		.loc 1 644 16 is_stmt 1 discriminator 1 view .LVU519
 1630 0050 8642     		cmp	r6, r0
 1631 0052 F3D8     		bhi	.L67
 1632 0054 01E0     		b	.L69
 1633              	.LVL196:
 1634              	.L68:
 671:BSP/u8g2/u8g2_font.c ****     }  
 1635              		.loc 1 671 7 view .LVU520
 671:BSP/u8g2/u8g2_font.c ****     }  
 1636              		.loc 1 671 15 is_stmt 0 view .LVU521
 1637 0056 A378     		ldrb	r3, [r4, #2]	@ zero_extendqisi2
 1638              	.LVL197:
 671:BSP/u8g2/u8g2_font.c ****     }  
 1639              		.loc 1 671 12 view .LVU522
 1640 0058 1C44     		add	r4, r4, r3
 1641              	.LVL198:
 647:BSP/u8g2/u8g2_font.c ****     {
 1642              		.loc 1 647 5 is_stmt 1 view .LVU523
 1643              	.L69:
 647:BSP/u8g2/u8g2_font.c ****     {
 1644              		.loc 1 647 5 view .LVU524
 649:BSP/u8g2/u8g2_font.c ****       e <<= 8;
 1645              		.loc 1 649 7 view .LVU525
 649:BSP/u8g2/u8g2_font.c ****       e <<= 8;
 1646              		.loc 1 649 11 is_stmt 0 view .LVU526
 1647 005a 2278     		ldrb	r2, [r4]	@ zero_extendqisi2
 1648              	.LVL199:
 650:BSP/u8g2/u8g2_font.c ****       e |= u8x8_pgm_read( font + 1 );
 1649              		.loc 1 650 7 is_stmt 1 view .LVU527
 651:BSP/u8g2/u8g2_font.c ****   
 1650              		.loc 1 651 7 view .LVU528
 651:BSP/u8g2/u8g2_font.c ****   
 1651              		.loc 1 651 12 is_stmt 0 view .LVU529
 1652 005c 6378     		ldrb	r3, [r4, #1]	@ zero_extendqisi2
 1653              	.LVL200:
 659:BSP/u8g2/u8g2_font.c **** 	break;
 1654              		.loc 1 659 7 is_stmt 1 view .LVU530
 659:BSP/u8g2/u8g2_font.c **** 	break;
 1655              		.loc 1 659 10 is_stmt 0 view .LVU531
 1656 005e 53EA0223 		orrs	r3, r3, r2, lsl #8
 1657              	.LVL201:
 659:BSP/u8g2/u8g2_font.c **** 	break;
 1658              		.loc 1 659 10 view .LVU532
ARM GAS  /tmp/cc5sAzkx.s 			page 55


 1659 0062 05D0     		beq	.L71
 662:BSP/u8g2/u8g2_font.c ****       {
 1660              		.loc 1 662 7 is_stmt 1 view .LVU533
 662:BSP/u8g2/u8g2_font.c ****       {
 1661              		.loc 1 662 10 is_stmt 0 view .LVU534
 1662 0064 9E42     		cmp	r6, r3
 1663 0066 F6D1     		bne	.L68
 669:BSP/u8g2/u8g2_font.c ****       }
 1664              		.loc 1 669 2 is_stmt 1 view .LVU535
 669:BSP/u8g2/u8g2_font.c ****       }
 1665              		.loc 1 669 13 is_stmt 0 view .LVU536
 1666 0068 E01C     		adds	r0, r4, #3
 1667 006a 00E0     		b	.L60
 1668              	.LVL202:
 1669              	.L70:
 669:BSP/u8g2/u8g2_font.c ****       }
 1670              		.loc 1 669 13 view .LVU537
 1671              	.LBE5:
 676:BSP/u8g2/u8g2_font.c **** }
 1672              		.loc 1 676 10 view .LVU538
 1673 006c 0020     		movs	r0, #0
 1674              	.LVL203:
 1675              	.L60:
 677:BSP/u8g2/u8g2_font.c **** 
 1676              		.loc 1 677 1 view .LVU539
 1677 006e 70BD     		pop	{r4, r5, r6, pc}
 1678              	.LVL204:
 1679              	.L71:
 676:BSP/u8g2/u8g2_font.c **** }
 1680              		.loc 1 676 10 view .LVU540
 1681 0070 0020     		movs	r0, #0
 1682 0072 FCE7     		b	.L60
 1683              		.cfi_endproc
 1684              	.LFE16:
 1686              		.section	.text.u8g2_font_draw_glyph,"ax",%progbits
 1687              		.align	1
 1688              		.syntax unified
 1689              		.thumb
 1690              		.thumb_func
 1692              	u8g2_font_draw_glyph:
 1693              	.LVL205:
 1694              	.LFB17:
 680:BSP/u8g2/u8g2_font.c ****   u8g2_uint_t dx = 0;
 1695              		.loc 1 680 1 is_stmt 1 view -0
 1696              		.cfi_startproc
 1697              		@ args = 0, pretend = 0, frame = 0
 1698              		@ frame_needed = 0, uses_anonymous_args = 0
 680:BSP/u8g2/u8g2_font.c ****   u8g2_uint_t dx = 0;
 1699              		.loc 1 680 1 is_stmt 0 view .LVU542
 1700 0000 10B5     		push	{r4, lr}
 1701              	.LCFI13:
 1702              		.cfi_def_cfa_offset 8
 1703              		.cfi_offset 4, -8
 1704              		.cfi_offset 14, -4
 1705 0002 0446     		mov	r4, r0
 681:BSP/u8g2/u8g2_font.c ****   u8g2->font_decode.target_x = x;
 1706              		.loc 1 681 3 is_stmt 1 view .LVU543
ARM GAS  /tmp/cc5sAzkx.s 			page 56


 1707              	.LVL206:
 682:BSP/u8g2/u8g2_font.c ****   u8g2->font_decode.target_y = y;
 1708              		.loc 1 682 3 view .LVU544
 682:BSP/u8g2/u8g2_font.c ****   u8g2->font_decode.target_y = y;
 1709              		.loc 1 682 30 is_stmt 0 view .LVU545
 1710 0004 80F85C10 		strb	r1, [r0, #92]
 683:BSP/u8g2/u8g2_font.c ****   //u8g2->font_decode.is_transparent = is_transparent; this is already set
 1711              		.loc 1 683 3 is_stmt 1 view .LVU546
 683:BSP/u8g2/u8g2_font.c ****   //u8g2->font_decode.is_transparent = is_transparent; this is already set
 1712              		.loc 1 683 30 is_stmt 0 view .LVU547
 1713 0008 80F85D20 		strb	r2, [r0, #93]
 686:BSP/u8g2/u8g2_font.c ****   if ( glyph_data != NULL )
 1714              		.loc 1 686 3 is_stmt 1 view .LVU548
 686:BSP/u8g2/u8g2_font.c ****   if ( glyph_data != NULL )
 1715              		.loc 1 686 31 is_stmt 0 view .LVU549
 1716 000c 1946     		mov	r1, r3
 1717              	.LVL207:
 686:BSP/u8g2/u8g2_font.c ****   if ( glyph_data != NULL )
 1718              		.loc 1 686 31 view .LVU550
 1719 000e FFF7FEFF 		bl	u8g2_font_get_glyph_data
 1720              	.LVL208:
 687:BSP/u8g2/u8g2_font.c ****   {
 1721              		.loc 1 687 3 is_stmt 1 view .LVU551
 687:BSP/u8g2/u8g2_font.c ****   {
 1722              		.loc 1 687 6 is_stmt 0 view .LVU552
 1723 0012 28B1     		cbz	r0, .L75
 1724 0014 0146     		mov	r1, r0
 689:BSP/u8g2/u8g2_font.c ****   }
 1725              		.loc 1 689 5 is_stmt 1 view .LVU553
 689:BSP/u8g2/u8g2_font.c ****   }
 1726              		.loc 1 689 10 is_stmt 0 view .LVU554
 1727 0016 2046     		mov	r0, r4
 1728              	.LVL209:
 689:BSP/u8g2/u8g2_font.c ****   }
 1729              		.loc 1 689 10 view .LVU555
 1730 0018 FFF7FEFF 		bl	u8g2_font_decode_glyph
 1731              	.LVL210:
 689:BSP/u8g2/u8g2_font.c ****   }
 1732              		.loc 1 689 8 discriminator 1 view .LVU556
 1733 001c C0B2     		uxtb	r0, r0
 1734              	.LVL211:
 1735              	.L74:
 691:BSP/u8g2/u8g2_font.c **** }
 1736              		.loc 1 691 3 is_stmt 1 view .LVU557
 692:BSP/u8g2/u8g2_font.c **** 
 1737              		.loc 1 692 1 is_stmt 0 view .LVU558
 1738 001e 10BD     		pop	{r4, pc}
 1739              	.LVL212:
 1740              	.L75:
 681:BSP/u8g2/u8g2_font.c ****   u8g2->font_decode.target_x = x;
 1741              		.loc 1 681 15 view .LVU559
 1742 0020 0020     		movs	r0, #0
 1743              	.LVL213:
 681:BSP/u8g2/u8g2_font.c ****   u8g2->font_decode.target_x = x;
 1744              		.loc 1 681 15 view .LVU560
 1745 0022 FCE7     		b	.L74
 1746              		.cfi_endproc
ARM GAS  /tmp/cc5sAzkx.s 			page 57


 1747              	.LFE17:
 1749              		.section	.text.u8g2_is_all_valid,"ax",%progbits
 1750              		.align	1
 1751              		.syntax unified
 1752              		.thumb
 1753              		.thumb_func
 1755              	u8g2_is_all_valid:
 1756              	.LVL214:
 1757              	.LFB40:
1021:BSP/u8g2/u8g2_font.c **** 
1022:BSP/u8g2/u8g2_font.c **** void u8g2_SetFontPosCenter(u8g2_t *u8g2)
1023:BSP/u8g2/u8g2_font.c **** {
1024:BSP/u8g2/u8g2_font.c ****   u8g2->font_calc_vref = u8g2_font_calc_vref_center;
1025:BSP/u8g2/u8g2_font.c **** }
1026:BSP/u8g2/u8g2_font.c **** 
1027:BSP/u8g2/u8g2_font.c **** /*===============================================*/
1028:BSP/u8g2/u8g2_font.c **** 
1029:BSP/u8g2/u8g2_font.c **** void u8g2_SetFont(u8g2_t *u8g2, const uint8_t  *font)
1030:BSP/u8g2/u8g2_font.c **** {
1031:BSP/u8g2/u8g2_font.c ****   if ( u8g2->font != font )
1032:BSP/u8g2/u8g2_font.c ****   {
1033:BSP/u8g2/u8g2_font.c **** //#ifdef  __unix__
1034:BSP/u8g2/u8g2_font.c **** //	u8g2->last_font_data = NULL;
1035:BSP/u8g2/u8g2_font.c **** //	u8g2->last_unicode = 0x0ffff;
1036:BSP/u8g2/u8g2_font.c **** //#endif 
1037:BSP/u8g2/u8g2_font.c ****     u8g2->font = font;
1038:BSP/u8g2/u8g2_font.c ****     u8g2_read_font_info(&(u8g2->font_info), font);
1039:BSP/u8g2/u8g2_font.c ****     u8g2_UpdateRefHeight(u8g2);
1040:BSP/u8g2/u8g2_font.c ****     /* u8g2_SetFontPosBaseline(u8g2); */ /* removed with issue 195 */
1041:BSP/u8g2/u8g2_font.c ****   }
1042:BSP/u8g2/u8g2_font.c **** }
1043:BSP/u8g2/u8g2_font.c **** 
1044:BSP/u8g2/u8g2_font.c **** /*===============================================*/
1045:BSP/u8g2/u8g2_font.c **** 
1046:BSP/u8g2/u8g2_font.c **** static uint8_t u8g2_is_all_valid(u8g2_t *u8g2, const char *str) U8G2_NOINLINE;
1047:BSP/u8g2/u8g2_font.c **** static uint8_t u8g2_is_all_valid(u8g2_t *u8g2, const char *str)
1048:BSP/u8g2/u8g2_font.c **** {
 1758              		.loc 1 1048 1 is_stmt 1 view -0
 1759              		.cfi_startproc
 1760              		@ args = 0, pretend = 0, frame = 0
 1761              		@ frame_needed = 0, uses_anonymous_args = 0
 1762              		.loc 1 1048 1 is_stmt 0 view .LVU562
 1763 0000 38B5     		push	{r3, r4, r5, lr}
 1764              	.LCFI14:
 1765              		.cfi_def_cfa_offset 16
 1766              		.cfi_offset 3, -16
 1767              		.cfi_offset 4, -12
 1768              		.cfi_offset 5, -8
 1769              		.cfi_offset 14, -4
 1770 0002 0546     		mov	r5, r0
 1771 0004 0C46     		mov	r4, r1
1049:BSP/u8g2/u8g2_font.c ****   uint16_t e;
 1772              		.loc 1 1049 3 is_stmt 1 view .LVU563
1050:BSP/u8g2/u8g2_font.c ****   u8x8_utf8_init(u8g2_GetU8x8(u8g2));
 1773              		.loc 1 1050 3 view .LVU564
 1774 0006 FFF7FEFF 		bl	u8x8_utf8_init
 1775              	.LVL215:
ARM GAS  /tmp/cc5sAzkx.s 			page 58


 1776              	.L79:
1051:BSP/u8g2/u8g2_font.c ****   for(;;)
 1777              		.loc 1 1051 3 view .LVU565
1052:BSP/u8g2/u8g2_font.c ****   {
1053:BSP/u8g2/u8g2_font.c ****     e = u8g2->u8x8.next_cb(u8g2_GetU8x8(u8g2), (uint8_t)*str);
 1778              		.loc 1 1053 5 view .LVU566
 1779              		.loc 1 1053 19 is_stmt 0 view .LVU567
 1780 000a 6B68     		ldr	r3, [r5, #4]
 1781              		.loc 1 1053 9 view .LVU568
 1782 000c 2178     		ldrb	r1, [r4]	@ zero_extendqisi2
 1783 000e 2846     		mov	r0, r5
 1784 0010 9847     		blx	r3
 1785              	.LVL216:
1054:BSP/u8g2/u8g2_font.c ****     if ( e == 0x0ffff )
 1786              		.loc 1 1054 5 is_stmt 1 view .LVU569
 1787              		.loc 1 1054 8 is_stmt 0 view .LVU570
 1788 0012 4FF6FF73 		movw	r3, #65535
 1789 0016 9842     		cmp	r0, r3
 1790 0018 0BD0     		beq	.L80
1055:BSP/u8g2/u8g2_font.c ****       break;
1056:BSP/u8g2/u8g2_font.c ****     str++;
 1791              		.loc 1 1056 5 is_stmt 1 view .LVU571
 1792              		.loc 1 1056 8 is_stmt 0 view .LVU572
 1793 001a 0134     		adds	r4, r4, #1
 1794              	.LVL217:
1057:BSP/u8g2/u8g2_font.c ****     if ( e != 0x0fffe )
 1795              		.loc 1 1057 5 is_stmt 1 view .LVU573
 1796              		.loc 1 1057 8 is_stmt 0 view .LVU574
 1797 001c 4FF6FE73 		movw	r3, #65534
 1798 0020 9842     		cmp	r0, r3
 1799 0022 F2D0     		beq	.L79
1058:BSP/u8g2/u8g2_font.c ****     {
1059:BSP/u8g2/u8g2_font.c ****       if ( u8g2_font_get_glyph_data(u8g2, e) == NULL )
 1800              		.loc 1 1059 7 is_stmt 1 view .LVU575
 1801              		.loc 1 1059 12 is_stmt 0 view .LVU576
 1802 0024 0146     		mov	r1, r0
 1803 0026 2846     		mov	r0, r5
 1804              	.LVL218:
 1805              		.loc 1 1059 12 view .LVU577
 1806 0028 FFF7FEFF 		bl	u8g2_font_get_glyph_data
 1807              	.LVL219:
 1808              		.loc 1 1059 10 discriminator 1 view .LVU578
 1809 002c 0028     		cmp	r0, #0
 1810 002e ECD1     		bne	.L79
 1811 0030 00E0     		b	.L78
 1812              	.LVL220:
 1813              	.L80:
1060:BSP/u8g2/u8g2_font.c **** 	return 0;
1061:BSP/u8g2/u8g2_font.c ****     }
1062:BSP/u8g2/u8g2_font.c ****   }
1063:BSP/u8g2/u8g2_font.c ****   return 1;
 1814              		.loc 1 1063 10 view .LVU579
 1815 0032 0120     		movs	r0, #1
 1816              	.LVL221:
 1817              	.L78:
1064:BSP/u8g2/u8g2_font.c **** }
 1818              		.loc 1 1064 1 view .LVU580
ARM GAS  /tmp/cc5sAzkx.s 			page 59


 1819 0034 38BD     		pop	{r3, r4, r5, pc}
 1820              		.loc 1 1064 1 view .LVU581
 1821              		.cfi_endproc
 1822              	.LFE40:
 1824              		.section	.text.u8g2_GetGlyphHorizontalProperties,"ax",%progbits
 1825              		.align	1
 1826              		.syntax unified
 1827              		.thumb
 1828              		.thumb_func
 1830              	u8g2_GetGlyphHorizontalProperties:
 1831              	.LVL222:
 1832              	.LFB43:
1065:BSP/u8g2/u8g2_font.c **** 
1066:BSP/u8g2/u8g2_font.c **** uint8_t u8g2_IsAllValidUTF8(u8g2_t *u8g2, const char *str)
1067:BSP/u8g2/u8g2_font.c **** {
1068:BSP/u8g2/u8g2_font.c ****   u8g2->u8x8.next_cb = u8x8_utf8_next;
1069:BSP/u8g2/u8g2_font.c ****   return u8g2_is_all_valid(u8g2, str);
1070:BSP/u8g2/u8g2_font.c **** }
1071:BSP/u8g2/u8g2_font.c **** 
1072:BSP/u8g2/u8g2_font.c **** 
1073:BSP/u8g2/u8g2_font.c **** /* string calculation is stilll not 100% perfect as it addes the initial string offset to the overa
1074:BSP/u8g2/u8g2_font.c **** static u8g2_uint_t u8g2_string_width(u8g2_t *u8g2, const char *str) U8G2_NOINLINE;
1075:BSP/u8g2/u8g2_font.c **** static u8g2_uint_t u8g2_string_width(u8g2_t *u8g2, const char *str)
1076:BSP/u8g2/u8g2_font.c **** {
1077:BSP/u8g2/u8g2_font.c ****   uint16_t e;
1078:BSP/u8g2/u8g2_font.c ****   u8g2_uint_t  w, dx;
1079:BSP/u8g2/u8g2_font.c ****   
1080:BSP/u8g2/u8g2_font.c ****   u8g2->font_decode.glyph_width = 0;
1081:BSP/u8g2/u8g2_font.c ****   u8x8_utf8_init(u8g2_GetU8x8(u8g2));
1082:BSP/u8g2/u8g2_font.c ****   
1083:BSP/u8g2/u8g2_font.c ****   /* reset the total width to zero, this will be expanded during calculation */
1084:BSP/u8g2/u8g2_font.c ****   w = 0;
1085:BSP/u8g2/u8g2_font.c ****   dx = 0;
1086:BSP/u8g2/u8g2_font.c **** 
1087:BSP/u8g2/u8g2_font.c ****   // printf("str=<%s>\n", str);
1088:BSP/u8g2/u8g2_font.c **** 	
1089:BSP/u8g2/u8g2_font.c ****   for(;;)
1090:BSP/u8g2/u8g2_font.c ****   {
1091:BSP/u8g2/u8g2_font.c ****     e = u8g2->u8x8.next_cb(u8g2_GetU8x8(u8g2), (uint8_t)*str);
1092:BSP/u8g2/u8g2_font.c ****     if ( e == 0x0ffff )
1093:BSP/u8g2/u8g2_font.c ****       break;
1094:BSP/u8g2/u8g2_font.c ****     str++;
1095:BSP/u8g2/u8g2_font.c ****     if ( e != 0x0fffe )
1096:BSP/u8g2/u8g2_font.c ****     {
1097:BSP/u8g2/u8g2_font.c ****       dx = u8g2_GetGlyphWidth(u8g2, e);		/* delta x value of the glyph */
1098:BSP/u8g2/u8g2_font.c ****       w += dx;
1099:BSP/u8g2/u8g2_font.c ****     }
1100:BSP/u8g2/u8g2_font.c ****   }
1101:BSP/u8g2/u8g2_font.c ****   
1102:BSP/u8g2/u8g2_font.c ****   /* adjust the last glyph, check for issue #16: do not adjust if width is 0 */
1103:BSP/u8g2/u8g2_font.c ****   if ( u8g2->font_decode.glyph_width != 0 )
1104:BSP/u8g2/u8g2_font.c ****   {
1105:BSP/u8g2/u8g2_font.c ****     w -= dx;
1106:BSP/u8g2/u8g2_font.c ****     w += u8g2->font_decode.glyph_width;  /* the real pixel width of the glyph, sideeffect of GetGly
1107:BSP/u8g2/u8g2_font.c ****     /* issue #46: we have to add the x offset also */
1108:BSP/u8g2/u8g2_font.c ****     w += u8g2->glyph_x_offset;	/* this value is set as a side effect of u8g2_GetGlyphWidth() */
1109:BSP/u8g2/u8g2_font.c ****   }
ARM GAS  /tmp/cc5sAzkx.s 			page 60


1110:BSP/u8g2/u8g2_font.c ****   // printf("w=%d \n", w);
1111:BSP/u8g2/u8g2_font.c ****   
1112:BSP/u8g2/u8g2_font.c ****   return w;  
1113:BSP/u8g2/u8g2_font.c **** }
1114:BSP/u8g2/u8g2_font.c **** 
1115:BSP/u8g2/u8g2_font.c **** static void u8g2_GetGlyphHorizontalProperties(u8g2_t *u8g2, uint16_t requested_encoding, uint8_t *w
1116:BSP/u8g2/u8g2_font.c **** {
 1833              		.loc 1 1116 1 is_stmt 1 view -0
 1834              		.cfi_startproc
 1835              		@ args = 4, pretend = 0, frame = 0
 1836              		@ frame_needed = 0, uses_anonymous_args = 0
 1837              		.loc 1 1116 1 is_stmt 0 view .LVU583
 1838 0000 70B5     		push	{r4, r5, r6, lr}
 1839              	.LCFI15:
 1840              		.cfi_def_cfa_offset 16
 1841              		.cfi_offset 4, -16
 1842              		.cfi_offset 5, -12
 1843              		.cfi_offset 6, -8
 1844              		.cfi_offset 14, -4
 1845 0002 0446     		mov	r4, r0
 1846 0004 1646     		mov	r6, r2
 1847 0006 1D46     		mov	r5, r3
1117:BSP/u8g2/u8g2_font.c ****   const uint8_t *glyph_data = u8g2_font_get_glyph_data(u8g2, requested_encoding);
 1848              		.loc 1 1117 3 is_stmt 1 view .LVU584
 1849              		.loc 1 1117 31 is_stmt 0 view .LVU585
 1850 0008 FFF7FEFF 		bl	u8g2_font_get_glyph_data
 1851              	.LVL223:
1118:BSP/u8g2/u8g2_font.c ****   if ( glyph_data == NULL )
 1852              		.loc 1 1118 3 is_stmt 1 view .LVU586
 1853              		.loc 1 1118 6 is_stmt 0 view .LVU587
 1854 000c D0B1     		cbz	r0, .L82
 1855 000e 0146     		mov	r1, r0
1119:BSP/u8g2/u8g2_font.c ****     return; 
1120:BSP/u8g2/u8g2_font.c ****   
1121:BSP/u8g2/u8g2_font.c ****   u8g2_font_setup_decode(u8g2, glyph_data);
 1856              		.loc 1 1121 3 is_stmt 1 view .LVU588
 1857 0010 2046     		mov	r0, r4
 1858              	.LVL224:
 1859              		.loc 1 1121 3 is_stmt 0 view .LVU589
 1860 0012 FFF7FEFF 		bl	u8g2_font_setup_decode
 1861              	.LVL225:
1122:BSP/u8g2/u8g2_font.c ****   *w = u8g2->font_decode.glyph_width;
 1862              		.loc 1 1122 3 is_stmt 1 view .LVU590
 1863              		.loc 1 1122 25 is_stmt 0 view .LVU591
 1864 0016 94F86030 		ldrb	r3, [r4, #96]	@ zero_extendqisi2
 1865              		.loc 1 1122 6 view .LVU592
 1866 001a 3370     		strb	r3, [r6]
1123:BSP/u8g2/u8g2_font.c ****   *ox =  u8g2_font_decode_get_signed_bits(&(u8g2->font_decode), u8g2->font_info.bits_per_char_x);
 1867              		.loc 1 1123 3 is_stmt 1 view .LVU593
 1868              		.loc 1 1123 10 is_stmt 0 view .LVU594
 1869 001c 04F15806 		add	r6, r4, #88
 1870              	.LVL226:
 1871              		.loc 1 1123 10 view .LVU595
 1872 0020 94F86E10 		ldrb	r1, [r4, #110]	@ zero_extendqisi2
 1873 0024 3046     		mov	r0, r6
 1874 0026 FFF7FEFF 		bl	u8g2_font_decode_get_signed_bits
 1875              	.LVL227:
ARM GAS  /tmp/cc5sAzkx.s 			page 61


 1876              		.loc 1 1123 7 discriminator 1 view .LVU596
 1877 002a 2870     		strb	r0, [r5]
1124:BSP/u8g2/u8g2_font.c ****   u8g2_font_decode_get_signed_bits(&(u8g2->font_decode), u8g2->font_info.bits_per_char_y);
 1878              		.loc 1 1124 3 is_stmt 1 view .LVU597
 1879 002c 94F86F10 		ldrb	r1, [r4, #111]	@ zero_extendqisi2
 1880 0030 3046     		mov	r0, r6
 1881 0032 FFF7FEFF 		bl	u8g2_font_decode_get_signed_bits
 1882              	.LVL228:
1125:BSP/u8g2/u8g2_font.c ****   *dx = u8g2_font_decode_get_signed_bits(&(u8g2->font_decode), u8g2->font_info.bits_per_delta_x);
 1883              		.loc 1 1125 3 view .LVU598
 1884              		.loc 1 1125 9 is_stmt 0 view .LVU599
 1885 0036 94F87010 		ldrb	r1, [r4, #112]	@ zero_extendqisi2
 1886 003a 3046     		mov	r0, r6
 1887 003c FFF7FEFF 		bl	u8g2_font_decode_get_signed_bits
 1888              	.LVL229:
 1889              		.loc 1 1125 7 discriminator 1 view .LVU600
 1890 0040 049B     		ldr	r3, [sp, #16]
 1891 0042 1870     		strb	r0, [r3]
 1892              	.L82:
1126:BSP/u8g2/u8g2_font.c **** }
 1893              		.loc 1 1126 1 view .LVU601
 1894 0044 70BD     		pop	{r4, r5, r6, pc}
 1895              		.loc 1 1126 1 view .LVU602
 1896              		.cfi_endproc
 1897              	.LFE43:
 1899              		.section	.text.u8g2_calculate_exact_string_width,"ax",%progbits
 1900              		.align	1
 1901              		.syntax unified
 1902              		.thumb
 1903              		.thumb_func
 1905              	u8g2_calculate_exact_string_width:
 1906              	.LVL230:
 1907              	.LFB45:
1127:BSP/u8g2/u8g2_font.c **** 
1128:BSP/u8g2/u8g2_font.c **** /* u8g compatible GetStrX function */
1129:BSP/u8g2/u8g2_font.c **** int8_t u8g2_GetStrX(u8g2_t *u8g2, const char *s)
1130:BSP/u8g2/u8g2_font.c **** {
1131:BSP/u8g2/u8g2_font.c ****   uint8_t w;
1132:BSP/u8g2/u8g2_font.c ****   int8_t ox, dx;
1133:BSP/u8g2/u8g2_font.c ****   u8g2_GetGlyphHorizontalProperties(u8g2, *s, &w, &ox, &dx);
1134:BSP/u8g2/u8g2_font.c ****   return ox;
1135:BSP/u8g2/u8g2_font.c **** }
1136:BSP/u8g2/u8g2_font.c **** 
1137:BSP/u8g2/u8g2_font.c **** 
1138:BSP/u8g2/u8g2_font.c **** 
1139:BSP/u8g2/u8g2_font.c **** static u8g2_uint_t u8g2_calculate_exact_string_width(u8g2_t *u8g2, const char *str)
1140:BSP/u8g2/u8g2_font.c **** {
 1908              		.loc 1 1140 1 is_stmt 1 view -0
 1909              		.cfi_startproc
 1910              		@ args = 0, pretend = 0, frame = 8
 1911              		@ frame_needed = 0, uses_anonymous_args = 0
 1912              		.loc 1 1140 1 is_stmt 0 view .LVU604
 1913 0000 70B5     		push	{r4, r5, r6, lr}
 1914              	.LCFI16:
 1915              		.cfi_def_cfa_offset 16
 1916              		.cfi_offset 4, -16
 1917              		.cfi_offset 5, -12
ARM GAS  /tmp/cc5sAzkx.s 			page 62


 1918              		.cfi_offset 6, -8
 1919              		.cfi_offset 14, -4
 1920 0002 84B0     		sub	sp, sp, #16
 1921              	.LCFI17:
 1922              		.cfi_def_cfa_offset 32
 1923 0004 0446     		mov	r4, r0
 1924 0006 0D46     		mov	r5, r1
1141:BSP/u8g2/u8g2_font.c **** 
1142:BSP/u8g2/u8g2_font.c ****   u8g2_uint_t  w;
 1925              		.loc 1 1142 3 is_stmt 1 view .LVU605
1143:BSP/u8g2/u8g2_font.c ****   uint16_t enc;
 1926              		.loc 1 1143 3 view .LVU606
1144:BSP/u8g2/u8g2_font.c ****   uint8_t gw; 
 1927              		.loc 1 1144 3 view .LVU607
1145:BSP/u8g2/u8g2_font.c ****   int8_t ox, dx;
 1928              		.loc 1 1145 3 view .LVU608
1146:BSP/u8g2/u8g2_font.c ****   
1147:BSP/u8g2/u8g2_font.c ****   /* reset the total minimal width to zero, this will be expanded during calculation */
1148:BSP/u8g2/u8g2_font.c ****   w = 0;
 1929              		.loc 1 1148 3 view .LVU609
 1930              	.LVL231:
 1931              	.L86:
1149:BSP/u8g2/u8g2_font.c ****     
1150:BSP/u8g2/u8g2_font.c ****   
1151:BSP/u8g2/u8g2_font.c ****   /* check for empty string, width is already 0 */
1152:BSP/u8g2/u8g2_font.c ****   do
 1932              		.loc 1 1152 3 view .LVU610
1153:BSP/u8g2/u8g2_font.c ****   {
1154:BSP/u8g2/u8g2_font.c ****     enc = u8g2->u8x8.next_cb(u8g2_GetU8x8(u8g2), (uint8_t)*str);
 1933              		.loc 1 1154 5 view .LVU611
 1934              		.loc 1 1154 21 is_stmt 0 view .LVU612
 1935 0008 6368     		ldr	r3, [r4, #4]
 1936              		.loc 1 1154 11 view .LVU613
 1937 000a 15F8011B 		ldrb	r1, [r5], #1	@ zero_extendqisi2
 1938              	.LVL232:
 1939              		.loc 1 1154 11 view .LVU614
 1940 000e 2046     		mov	r0, r4
 1941 0010 9847     		blx	r3
 1942              	.LVL233:
1155:BSP/u8g2/u8g2_font.c ****     str++;
 1943              		.loc 1 1155 5 is_stmt 1 view .LVU615
1156:BSP/u8g2/u8g2_font.c ****   } while( enc == 0x0fffe );
 1944              		.loc 1 1156 16 discriminator 1 view .LVU616
 1945 0012 4FF6FE73 		movw	r3, #65534
 1946 0016 9842     		cmp	r0, r3
 1947 0018 F6D0     		beq	.L86
1157:BSP/u8g2/u8g2_font.c ****   
1158:BSP/u8g2/u8g2_font.c ****   if ( enc== 0x0ffff )
 1948              		.loc 1 1158 3 view .LVU617
 1949              		.loc 1 1158 6 is_stmt 0 view .LVU618
 1950 001a 4FF6FF73 		movw	r3, #65535
 1951 001e 9842     		cmp	r0, r3
 1952 0020 3CD0     		beq	.L92
1159:BSP/u8g2/u8g2_font.c ****      return w;
1160:BSP/u8g2/u8g2_font.c ****   
1161:BSP/u8g2/u8g2_font.c ****   /* get the glyph information of the first char. This must be valid, because we already checked fo
1162:BSP/u8g2/u8g2_font.c ****   /* if *s is not inside the font, then the cached parameters of the glyph are all zero */
ARM GAS  /tmp/cc5sAzkx.s 			page 63


1163:BSP/u8g2/u8g2_font.c ****   u8g2_GetGlyphHorizontalProperties(u8g2, enc, &gw, &ox, &dx);  
 1953              		.loc 1 1163 3 is_stmt 1 view .LVU619
 1954 0022 0DF10D03 		add	r3, sp, #13
 1955 0026 0093     		str	r3, [sp]
 1956 0028 0DF10E03 		add	r3, sp, #14
 1957 002c 0DF10F02 		add	r2, sp, #15
 1958 0030 0146     		mov	r1, r0
 1959 0032 2046     		mov	r0, r4
 1960              	.LVL234:
 1961              		.loc 1 1163 3 is_stmt 0 view .LVU620
 1962 0034 FFF7FEFF 		bl	u8g2_GetGlyphHorizontalProperties
 1963              	.LVL235:
1164:BSP/u8g2/u8g2_font.c **** 
1165:BSP/u8g2/u8g2_font.c ****   /* strlen(s) == 1:       width = width(s[0]) */
1166:BSP/u8g2/u8g2_font.c ****   /* strlen(s) == 2:       width = - offx(s[0]) + deltax(s[0]) + offx(s[1]) + width(s[1]) */
1167:BSP/u8g2/u8g2_font.c ****   /* strlen(s) == 3:       width = - offx(s[0]) + deltax(s[0]) + deltax(s[1]) + offx(s[2]) + width(
1168:BSP/u8g2/u8g2_font.c ****   
1169:BSP/u8g2/u8g2_font.c ****   /* assume that the string has size 2 or more, than start with negative offset-x */
1170:BSP/u8g2/u8g2_font.c ****   /* for string with size 1, this will be nullified after the loop */
1171:BSP/u8g2/u8g2_font.c ****   w = -ox;  
 1964              		.loc 1 1171 3 is_stmt 1 view .LVU621
 1965              		.loc 1 1171 5 is_stmt 0 view .LVU622
 1966 0038 9DF80E60 		ldrb	r6, [sp, #14]	@ zero_extendqisi2
 1967 003c 7642     		rsbs	r6, r6, #0
 1968 003e F6B2     		uxtb	r6, r6
 1969              	.LVL236:
 1970              	.L88:
1172:BSP/u8g2/u8g2_font.c ****   for(;;)
 1971              		.loc 1 1172 3 is_stmt 1 view .LVU623
1173:BSP/u8g2/u8g2_font.c ****   {
1174:BSP/u8g2/u8g2_font.c ****     
1175:BSP/u8g2/u8g2_font.c ****     /* check and stop if the end of the string is reached */
1176:BSP/u8g2/u8g2_font.c ****     do
 1972              		.loc 1 1176 5 view .LVU624
1177:BSP/u8g2/u8g2_font.c ****     {
1178:BSP/u8g2/u8g2_font.c ****       enc = u8g2->u8x8.next_cb(u8g2_GetU8x8(u8g2), (uint8_t)*str);
 1973              		.loc 1 1178 7 view .LVU625
 1974              		.loc 1 1178 23 is_stmt 0 view .LVU626
 1975 0040 6368     		ldr	r3, [r4, #4]
 1976              		.loc 1 1178 13 view .LVU627
 1977 0042 15F8011B 		ldrb	r1, [r5], #1	@ zero_extendqisi2
 1978              	.LVL237:
 1979              		.loc 1 1178 13 view .LVU628
 1980 0046 2046     		mov	r0, r4
 1981 0048 9847     		blx	r3
 1982              	.LVL238:
 1983 004a 0146     		mov	r1, r0
 1984              	.LVL239:
1179:BSP/u8g2/u8g2_font.c ****       str++;
 1985              		.loc 1 1179 7 is_stmt 1 view .LVU629
1180:BSP/u8g2/u8g2_font.c ****     } while( enc == 0x0fffe );
 1986              		.loc 1 1180 18 discriminator 1 view .LVU630
 1987 004c 4FF6FE73 		movw	r3, #65534
 1988 0050 9842     		cmp	r0, r3
 1989 0052 F5D0     		beq	.L88
1181:BSP/u8g2/u8g2_font.c ****     if ( enc== 0x0ffff )
 1990              		.loc 1 1181 5 view .LVU631
ARM GAS  /tmp/cc5sAzkx.s 			page 64


 1991              		.loc 1 1181 8 is_stmt 0 view .LVU632
 1992 0054 4FF6FF73 		movw	r3, #65535
 1993 0058 9842     		cmp	r0, r3
 1994 005a 0ED0     		beq	.L90
1182:BSP/u8g2/u8g2_font.c ****       break;
1183:BSP/u8g2/u8g2_font.c **** 
1184:BSP/u8g2/u8g2_font.c ****     u8g2_GetGlyphHorizontalProperties(u8g2, enc, &gw, &ox, &dx);  
 1995              		.loc 1 1184 5 is_stmt 1 view .LVU633
 1996 005c 0DF10D03 		add	r3, sp, #13
 1997 0060 0093     		str	r3, [sp]
 1998 0062 0DF10E03 		add	r3, sp, #14
 1999 0066 0DF10F02 		add	r2, sp, #15
 2000 006a 2046     		mov	r0, r4
 2001              	.LVL240:
 2002              		.loc 1 1184 5 is_stmt 0 view .LVU634
 2003 006c FFF7FEFF 		bl	u8g2_GetGlyphHorizontalProperties
 2004              	.LVL241:
1185:BSP/u8g2/u8g2_font.c ****     
1186:BSP/u8g2/u8g2_font.c ****     /* if there are still more characters, add the delta to the next glyph */
1187:BSP/u8g2/u8g2_font.c ****     w += dx;    
 2005              		.loc 1 1187 5 is_stmt 1 view .LVU635
 2006              		.loc 1 1187 7 is_stmt 0 view .LVU636
 2007 0070 9DF80D30 		ldrb	r3, [sp, #13]	@ zero_extendqisi2
 2008 0074 3344     		add	r3, r3, r6
 2009 0076 DEB2     		uxtb	r6, r3
 2010              	.LVL242:
1172:BSP/u8g2/u8g2_font.c ****   {
 2011              		.loc 1 1172 3 is_stmt 1 view .LVU637
 2012 0078 E2E7     		b	.L88
 2013              	.LVL243:
 2014              	.L90:
1188:BSP/u8g2/u8g2_font.c ****   }
1189:BSP/u8g2/u8g2_font.c ****   
1190:BSP/u8g2/u8g2_font.c ****   /* finally calculate the width of the last char */
1191:BSP/u8g2/u8g2_font.c ****   /* here is another exception, if the last char is a black, use the dx value instead */
1192:BSP/u8g2/u8g2_font.c ****   if ( enc != ' ' )
 2015              		.loc 1 1192 3 view .LVU638
 2016              		.loc 1 1192 6 is_stmt 0 view .LVU639
 2017 007a 2028     		cmp	r0, #32
 2018 007c 09D0     		beq	.L91
1193:BSP/u8g2/u8g2_font.c ****   {
1194:BSP/u8g2/u8g2_font.c ****     /* if g was not updated in the for loop (strlen() == 1), then the initial offset x gets removed
1195:BSP/u8g2/u8g2_font.c ****     w += gw;
 2019              		.loc 1 1195 5 is_stmt 1 view .LVU640
 2020              		.loc 1 1195 7 is_stmt 0 view .LVU641
 2021 007e 9DF80F00 		ldrb	r0, [sp, #15]	@ zero_extendqisi2
 2022              	.LVL244:
 2023              		.loc 1 1195 7 view .LVU642
 2024 0082 3044     		add	r0, r0, r6
 2025 0084 C0B2     		uxtb	r0, r0
 2026              	.LVL245:
1196:BSP/u8g2/u8g2_font.c ****     w += ox;
 2027              		.loc 1 1196 5 is_stmt 1 view .LVU643
 2028              		.loc 1 1196 7 is_stmt 0 view .LVU644
 2029 0086 9DF80E30 		ldrb	r3, [sp, #14]	@ zero_extendqisi2
 2030 008a 1844     		add	r0, r0, r3
 2031              	.LVL246:
ARM GAS  /tmp/cc5sAzkx.s 			page 65


 2032              		.loc 1 1196 7 view .LVU645
 2033 008c C0B2     		uxtb	r0, r0
 2034              	.LVL247:
 2035              	.L87:
1197:BSP/u8g2/u8g2_font.c ****   }
1198:BSP/u8g2/u8g2_font.c ****   else
1199:BSP/u8g2/u8g2_font.c ****   {
1200:BSP/u8g2/u8g2_font.c ****     w += dx;
1201:BSP/u8g2/u8g2_font.c ****   }
1202:BSP/u8g2/u8g2_font.c ****   
1203:BSP/u8g2/u8g2_font.c ****   
1204:BSP/u8g2/u8g2_font.c ****   return w;
1205:BSP/u8g2/u8g2_font.c **** 	
1206:BSP/u8g2/u8g2_font.c **** }
 2036              		.loc 1 1206 1 view .LVU646
 2037 008e 04B0     		add	sp, sp, #16
 2038              	.LCFI18:
 2039              		.cfi_remember_state
 2040              		.cfi_def_cfa_offset 16
 2041              		@ sp needed
 2042 0090 70BD     		pop	{r4, r5, r6, pc}
 2043              	.LVL248:
 2044              	.L91:
 2045              	.LCFI19:
 2046              		.cfi_restore_state
1200:BSP/u8g2/u8g2_font.c ****   }
 2047              		.loc 1 1200 5 is_stmt 1 view .LVU647
1200:BSP/u8g2/u8g2_font.c ****   }
 2048              		.loc 1 1200 7 is_stmt 0 view .LVU648
 2049 0092 9DF80D30 		ldrb	r3, [sp, #13]	@ zero_extendqisi2
 2050 0096 1E44     		add	r6, r6, r3
 2051              	.LVL249:
1200:BSP/u8g2/u8g2_font.c ****   }
 2052              		.loc 1 1200 7 view .LVU649
 2053 0098 F0B2     		uxtb	r0, r6
 2054              	.LVL250:
1200:BSP/u8g2/u8g2_font.c ****   }
 2055              		.loc 1 1200 7 view .LVU650
 2056 009a F8E7     		b	.L87
 2057              	.LVL251:
 2058              	.L92:
1159:BSP/u8g2/u8g2_font.c ****   
 2059              		.loc 1 1159 13 view .LVU651
 2060 009c 0020     		movs	r0, #0
 2061              	.LVL252:
1159:BSP/u8g2/u8g2_font.c ****   
 2062              		.loc 1 1159 13 view .LVU652
 2063 009e F6E7     		b	.L87
 2064              		.cfi_endproc
 2065              	.LFE45:
 2067              		.section	.text.u8g2_IsGlyph,"ax",%progbits
 2068              		.align	1
 2069              		.global	u8g2_IsGlyph
 2070              		.syntax unified
 2071              		.thumb
 2072              		.thumb_func
 2074              	u8g2_IsGlyph:
ARM GAS  /tmp/cc5sAzkx.s 			page 66


 2075              	.LVL253:
 2076              	.LFB18:
 697:BSP/u8g2/u8g2_font.c ****   /* updated to new code */
 2077              		.loc 1 697 1 is_stmt 1 view -0
 2078              		.cfi_startproc
 2079              		@ args = 0, pretend = 0, frame = 0
 2080              		@ frame_needed = 0, uses_anonymous_args = 0
 697:BSP/u8g2/u8g2_font.c ****   /* updated to new code */
 2081              		.loc 1 697 1 is_stmt 0 view .LVU654
 2082 0000 08B5     		push	{r3, lr}
 2083              	.LCFI20:
 2084              		.cfi_def_cfa_offset 8
 2085              		.cfi_offset 3, -8
 2086              		.cfi_offset 14, -4
 699:BSP/u8g2/u8g2_font.c ****     return 1;
 2087              		.loc 1 699 3 is_stmt 1 view .LVU655
 699:BSP/u8g2/u8g2_font.c ****     return 1;
 2088              		.loc 1 699 8 is_stmt 0 view .LVU656
 2089 0002 FFF7FEFF 		bl	u8g2_font_get_glyph_data
 2090              	.LVL254:
 699:BSP/u8g2/u8g2_font.c ****     return 1;
 2091              		.loc 1 699 6 discriminator 1 view .LVU657
 2092 0006 00B1     		cbz	r0, .L95
 700:BSP/u8g2/u8g2_font.c ****   return 0;
 2093              		.loc 1 700 12 view .LVU658
 2094 0008 0120     		movs	r0, #1
 2095              	.L95:
 702:BSP/u8g2/u8g2_font.c **** 
 2096              		.loc 1 702 1 view .LVU659
 2097 000a 08BD     		pop	{r3, pc}
 2098              		.cfi_endproc
 2099              	.LFE18:
 2101              		.section	.text.u8g2_GetGlyphWidth,"ax",%progbits
 2102              		.align	1
 2103              		.global	u8g2_GetGlyphWidth
 2104              		.syntax unified
 2105              		.thumb
 2106              		.thumb_func
 2108              	u8g2_GetGlyphWidth:
 2109              	.LVL255:
 2110              	.LFB19:
 706:BSP/u8g2/u8g2_font.c ****   const uint8_t *glyph_data = u8g2_font_get_glyph_data(u8g2, requested_encoding);
 2111              		.loc 1 706 1 is_stmt 1 view -0
 2112              		.cfi_startproc
 2113              		@ args = 0, pretend = 0, frame = 0
 2114              		@ frame_needed = 0, uses_anonymous_args = 0
 706:BSP/u8g2/u8g2_font.c ****   const uint8_t *glyph_data = u8g2_font_get_glyph_data(u8g2, requested_encoding);
 2115              		.loc 1 706 1 is_stmt 0 view .LVU661
 2116 0000 38B5     		push	{r3, r4, r5, lr}
 2117              	.LCFI21:
 2118              		.cfi_def_cfa_offset 16
 2119              		.cfi_offset 3, -16
 2120              		.cfi_offset 4, -12
 2121              		.cfi_offset 5, -8
 2122              		.cfi_offset 14, -4
 2123 0002 0446     		mov	r4, r0
 707:BSP/u8g2/u8g2_font.c ****   if ( glyph_data == NULL )
ARM GAS  /tmp/cc5sAzkx.s 			page 67


 2124              		.loc 1 707 3 is_stmt 1 view .LVU662
 707:BSP/u8g2/u8g2_font.c ****   if ( glyph_data == NULL )
 2125              		.loc 1 707 31 is_stmt 0 view .LVU663
 2126 0004 FFF7FEFF 		bl	u8g2_font_get_glyph_data
 2127              	.LVL256:
 708:BSP/u8g2/u8g2_font.c ****     return 0; 
 2128              		.loc 1 708 3 is_stmt 1 view .LVU664
 708:BSP/u8g2/u8g2_font.c ****     return 0; 
 2129              		.loc 1 708 6 is_stmt 0 view .LVU665
 2130 0008 B8B1     		cbz	r0, .L100
 2131 000a 0146     		mov	r1, r0
 711:BSP/u8g2/u8g2_font.c ****   u8g2->glyph_x_offset = u8g2_font_decode_get_signed_bits(&(u8g2->font_decode), u8g2->font_info.bit
 2132              		.loc 1 711 3 is_stmt 1 view .LVU666
 2133 000c 2046     		mov	r0, r4
 2134              	.LVL257:
 711:BSP/u8g2/u8g2_font.c ****   u8g2->glyph_x_offset = u8g2_font_decode_get_signed_bits(&(u8g2->font_decode), u8g2->font_info.bit
 2135              		.loc 1 711 3 is_stmt 0 view .LVU667
 2136 000e FFF7FEFF 		bl	u8g2_font_setup_decode
 2137              	.LVL258:
 712:BSP/u8g2/u8g2_font.c ****   u8g2_font_decode_get_signed_bits(&(u8g2->font_decode), u8g2->font_info.bits_per_char_y);
 2138              		.loc 1 712 3 is_stmt 1 view .LVU668
 712:BSP/u8g2/u8g2_font.c ****   u8g2_font_decode_get_signed_bits(&(u8g2->font_decode), u8g2->font_info.bits_per_char_y);
 2139              		.loc 1 712 26 is_stmt 0 view .LVU669
 2140 0012 04F15805 		add	r5, r4, #88
 2141 0016 94F86E10 		ldrb	r1, [r4, #110]	@ zero_extendqisi2
 2142 001a 2846     		mov	r0, r5
 2143 001c FFF7FEFF 		bl	u8g2_font_decode_get_signed_bits
 2144              	.LVL259:
 712:BSP/u8g2/u8g2_font.c ****   u8g2_font_decode_get_signed_bits(&(u8g2->font_decode), u8g2->font_info.bits_per_char_y);
 2145              		.loc 1 712 24 discriminator 1 view .LVU670
 2146 0020 84F88400 		strb	r0, [r4, #132]
 713:BSP/u8g2/u8g2_font.c ****   
 2147              		.loc 1 713 3 is_stmt 1 view .LVU671
 2148 0024 94F86F10 		ldrb	r1, [r4, #111]	@ zero_extendqisi2
 2149 0028 2846     		mov	r0, r5
 2150 002a FFF7FEFF 		bl	u8g2_font_decode_get_signed_bits
 2151              	.LVL260:
 717:BSP/u8g2/u8g2_font.c **** }
 2152              		.loc 1 717 3 view .LVU672
 717:BSP/u8g2/u8g2_font.c **** }
 2153              		.loc 1 717 10 is_stmt 0 view .LVU673
 2154 002e 94F87010 		ldrb	r1, [r4, #112]	@ zero_extendqisi2
 2155 0032 2846     		mov	r0, r5
 2156 0034 FFF7FEFF 		bl	u8g2_font_decode_get_signed_bits
 2157              	.LVL261:
 2158              	.L99:
 718:BSP/u8g2/u8g2_font.c **** 
 2159              		.loc 1 718 1 view .LVU674
 2160 0038 38BD     		pop	{r3, r4, r5, pc}
 2161              	.LVL262:
 2162              	.L100:
 709:BSP/u8g2/u8g2_font.c ****   
 2163              		.loc 1 709 12 view .LVU675
 2164 003a 0020     		movs	r0, #0
 2165              	.LVL263:
 709:BSP/u8g2/u8g2_font.c ****   
 2166              		.loc 1 709 12 view .LVU676
ARM GAS  /tmp/cc5sAzkx.s 			page 68


 2167 003c FCE7     		b	.L99
 2168              		.cfi_endproc
 2169              	.LFE19:
 2171              		.section	.text.u8g2_string_width,"ax",%progbits
 2172              		.align	1
 2173              		.syntax unified
 2174              		.thumb
 2175              		.thumb_func
 2177              	u8g2_string_width:
 2178              	.LVL264:
 2179              	.LFB42:
1076:BSP/u8g2/u8g2_font.c ****   uint16_t e;
 2180              		.loc 1 1076 1 is_stmt 1 view -0
 2181              		.cfi_startproc
 2182              		@ args = 0, pretend = 0, frame = 0
 2183              		@ frame_needed = 0, uses_anonymous_args = 0
1076:BSP/u8g2/u8g2_font.c ****   uint16_t e;
 2184              		.loc 1 1076 1 is_stmt 0 view .LVU678
 2185 0000 F8B5     		push	{r3, r4, r5, r6, r7, lr}
 2186              	.LCFI22:
 2187              		.cfi_def_cfa_offset 24
 2188              		.cfi_offset 3, -24
 2189              		.cfi_offset 4, -20
 2190              		.cfi_offset 5, -16
 2191              		.cfi_offset 6, -12
 2192              		.cfi_offset 7, -8
 2193              		.cfi_offset 14, -4
 2194 0002 0546     		mov	r5, r0
 2195 0004 0C46     		mov	r4, r1
1077:BSP/u8g2/u8g2_font.c ****   u8g2_uint_t  w, dx;
 2196              		.loc 1 1077 3 is_stmt 1 view .LVU679
1078:BSP/u8g2/u8g2_font.c ****   
 2197              		.loc 1 1078 3 view .LVU680
1080:BSP/u8g2/u8g2_font.c ****   u8x8_utf8_init(u8g2_GetU8x8(u8g2));
 2198              		.loc 1 1080 3 view .LVU681
1080:BSP/u8g2/u8g2_font.c ****   u8x8_utf8_init(u8g2_GetU8x8(u8g2));
 2199              		.loc 1 1080 33 is_stmt 0 view .LVU682
 2200 0006 0026     		movs	r6, #0
 2201 0008 80F86060 		strb	r6, [r0, #96]
1081:BSP/u8g2/u8g2_font.c ****   
 2202              		.loc 1 1081 3 is_stmt 1 view .LVU683
 2203 000c FFF7FEFF 		bl	u8x8_utf8_init
 2204              	.LVL265:
1084:BSP/u8g2/u8g2_font.c ****   dx = 0;
 2205              		.loc 1 1084 3 view .LVU684
1085:BSP/u8g2/u8g2_font.c **** 
 2206              		.loc 1 1085 3 view .LVU685
1085:BSP/u8g2/u8g2_font.c **** 
 2207              		.loc 1 1085 6 is_stmt 0 view .LVU686
 2208 0010 3746     		mov	r7, r6
 2209              	.LVL266:
 2210              	.L103:
1089:BSP/u8g2/u8g2_font.c ****   {
 2211              		.loc 1 1089 3 is_stmt 1 view .LVU687
1091:BSP/u8g2/u8g2_font.c ****     if ( e == 0x0ffff )
 2212              		.loc 1 1091 5 view .LVU688
1091:BSP/u8g2/u8g2_font.c ****     if ( e == 0x0ffff )
ARM GAS  /tmp/cc5sAzkx.s 			page 69


 2213              		.loc 1 1091 19 is_stmt 0 view .LVU689
 2214 0012 6B68     		ldr	r3, [r5, #4]
1091:BSP/u8g2/u8g2_font.c ****     if ( e == 0x0ffff )
 2215              		.loc 1 1091 9 view .LVU690
 2216 0014 2178     		ldrb	r1, [r4]	@ zero_extendqisi2
 2217 0016 2846     		mov	r0, r5
 2218 0018 9847     		blx	r3
 2219              	.LVL267:
1092:BSP/u8g2/u8g2_font.c ****       break;
 2220              		.loc 1 1092 5 is_stmt 1 view .LVU691
1092:BSP/u8g2/u8g2_font.c ****       break;
 2221              		.loc 1 1092 8 is_stmt 0 view .LVU692
 2222 001a 4FF6FF73 		movw	r3, #65535
 2223 001e 9842     		cmp	r0, r3
 2224 0020 0CD0     		beq	.L104
1094:BSP/u8g2/u8g2_font.c ****     if ( e != 0x0fffe )
 2225              		.loc 1 1094 5 is_stmt 1 view .LVU693
1094:BSP/u8g2/u8g2_font.c ****     if ( e != 0x0fffe )
 2226              		.loc 1 1094 8 is_stmt 0 view .LVU694
 2227 0022 0134     		adds	r4, r4, #1
 2228              	.LVL268:
1095:BSP/u8g2/u8g2_font.c ****     {
 2229              		.loc 1 1095 5 is_stmt 1 view .LVU695
1095:BSP/u8g2/u8g2_font.c ****     {
 2230              		.loc 1 1095 8 is_stmt 0 view .LVU696
 2231 0024 4FF6FE73 		movw	r3, #65534
 2232 0028 9842     		cmp	r0, r3
 2233 002a F2D0     		beq	.L103
1097:BSP/u8g2/u8g2_font.c ****       w += dx;
 2234              		.loc 1 1097 7 is_stmt 1 view .LVU697
1097:BSP/u8g2/u8g2_font.c ****       w += dx;
 2235              		.loc 1 1097 12 is_stmt 0 view .LVU698
 2236 002c 0146     		mov	r1, r0
 2237 002e 2846     		mov	r0, r5
 2238              	.LVL269:
1097:BSP/u8g2/u8g2_font.c ****       w += dx;
 2239              		.loc 1 1097 12 view .LVU699
 2240 0030 FFF7FEFF 		bl	u8g2_GetGlyphWidth
 2241              	.LVL270:
1097:BSP/u8g2/u8g2_font.c ****       w += dx;
 2242              		.loc 1 1097 10 discriminator 1 view .LVU700
 2243 0034 C7B2     		uxtb	r7, r0
 2244              	.LVL271:
1098:BSP/u8g2/u8g2_font.c ****     }
 2245              		.loc 1 1098 7 is_stmt 1 view .LVU701
1098:BSP/u8g2/u8g2_font.c ****     }
 2246              		.loc 1 1098 9 is_stmt 0 view .LVU702
 2247 0036 3E44     		add	r6, r6, r7
 2248              	.LVL272:
1098:BSP/u8g2/u8g2_font.c ****     }
 2249              		.loc 1 1098 9 view .LVU703
 2250 0038 F6B2     		uxtb	r6, r6
 2251              	.LVL273:
1098:BSP/u8g2/u8g2_font.c ****     }
 2252              		.loc 1 1098 9 view .LVU704
 2253 003a EAE7     		b	.L103
 2254              	.LVL274:
ARM GAS  /tmp/cc5sAzkx.s 			page 70


 2255              	.L104:
1103:BSP/u8g2/u8g2_font.c ****   {
 2256              		.loc 1 1103 3 is_stmt 1 view .LVU705
1103:BSP/u8g2/u8g2_font.c ****   {
 2257              		.loc 1 1103 25 is_stmt 0 view .LVU706
 2258 003c 95F96030 		ldrsb	r3, [r5, #96]
1103:BSP/u8g2/u8g2_font.c ****   {
 2259              		.loc 1 1103 6 view .LVU707
 2260 0040 43B1     		cbz	r3, .L106
1105:BSP/u8g2/u8g2_font.c ****     w += u8g2->font_decode.glyph_width;  /* the real pixel width of the glyph, sideeffect of GetGly
 2261              		.loc 1 1105 5 is_stmt 1 view .LVU708
1105:BSP/u8g2/u8g2_font.c ****     w += u8g2->font_decode.glyph_width;  /* the real pixel width of the glyph, sideeffect of GetGly
 2262              		.loc 1 1105 7 is_stmt 0 view .LVU709
 2263 0042 F71B     		subs	r7, r6, r7
 2264              	.LVL275:
1105:BSP/u8g2/u8g2_font.c ****     w += u8g2->font_decode.glyph_width;  /* the real pixel width of the glyph, sideeffect of GetGly
 2265              		.loc 1 1105 7 view .LVU710
 2266 0044 FFB2     		uxtb	r7, r7
 2267              	.LVL276:
1106:BSP/u8g2/u8g2_font.c ****     /* issue #46: we have to add the x offset also */
 2268              		.loc 1 1106 5 is_stmt 1 view .LVU711
1106:BSP/u8g2/u8g2_font.c ****     /* issue #46: we have to add the x offset also */
 2269              		.loc 1 1106 27 is_stmt 0 view .LVU712
 2270 0046 DBB2     		uxtb	r3, r3
1106:BSP/u8g2/u8g2_font.c ****     /* issue #46: we have to add the x offset also */
 2271              		.loc 1 1106 7 view .LVU713
 2272 0048 3B44     		add	r3, r3, r7
 2273 004a DBB2     		uxtb	r3, r3
 2274              	.LVL277:
1108:BSP/u8g2/u8g2_font.c ****   }
 2275              		.loc 1 1108 5 is_stmt 1 view .LVU714
1108:BSP/u8g2/u8g2_font.c ****   }
 2276              		.loc 1 1108 14 is_stmt 0 view .LVU715
 2277 004c 95F88460 		ldrb	r6, [r5, #132]	@ zero_extendqisi2
1108:BSP/u8g2/u8g2_font.c ****   }
 2278              		.loc 1 1108 7 view .LVU716
 2279 0050 1E44     		add	r6, r6, r3
 2280 0052 F6B2     		uxtb	r6, r6
 2281              	.LVL278:
 2282              	.L106:
1112:BSP/u8g2/u8g2_font.c **** }
 2283              		.loc 1 1112 3 is_stmt 1 view .LVU717
1113:BSP/u8g2/u8g2_font.c **** 
 2284              		.loc 1 1113 1 is_stmt 0 view .LVU718
 2285 0054 3046     		mov	r0, r6
 2286              	.LVL279:
1113:BSP/u8g2/u8g2_font.c **** 
 2287              		.loc 1 1113 1 view .LVU719
 2288 0056 F8BD     		pop	{r3, r4, r5, r6, r7, pc}
1113:BSP/u8g2/u8g2_font.c **** 
 2289              		.loc 1 1113 1 view .LVU720
 2290              		.cfi_endproc
 2291              	.LFE42:
 2293              		.section	.text.u8g2_SetFontMode,"ax",%progbits
 2294              		.align	1
 2295              		.global	u8g2_SetFontMode
 2296              		.syntax unified
ARM GAS  /tmp/cc5sAzkx.s 			page 71


 2297              		.thumb
 2298              		.thumb_func
 2300              	u8g2_SetFontMode:
 2301              	.LVL280:
 2302              	.LFB20:
 729:BSP/u8g2/u8g2_font.c ****   u8g2->font_decode.is_transparent = is_transparent;		// new font procedures
 2303              		.loc 1 729 1 is_stmt 1 view -0
 2304              		.cfi_startproc
 2305              		@ args = 0, pretend = 0, frame = 0
 2306              		@ frame_needed = 0, uses_anonymous_args = 0
 2307              		@ link register save eliminated.
 730:BSP/u8g2/u8g2_font.c **** }
 2308              		.loc 1 730 3 view .LVU722
 730:BSP/u8g2/u8g2_font.c **** }
 2309              		.loc 1 730 36 is_stmt 0 view .LVU723
 2310 0000 80F86310 		strb	r1, [r0, #99]
 731:BSP/u8g2/u8g2_font.c **** 
 2311              		.loc 1 731 1 view .LVU724
 2312 0004 7047     		bx	lr
 2313              		.cfi_endproc
 2314              	.LFE20:
 2316              		.section	.text.u8g2_DrawGlyph,"ax",%progbits
 2317              		.align	1
 2318              		.global	u8g2_DrawGlyph
 2319              		.syntax unified
 2320              		.thumb
 2321              		.thumb_func
 2323              	u8g2_DrawGlyph:
 2324              	.LVL281:
 2325              	.LFB21:
 734:BSP/u8g2/u8g2_font.c **** #ifdef U8G2_WITH_FONT_ROTATION
 2326              		.loc 1 734 1 is_stmt 1 view -0
 2327              		.cfi_startproc
 2328              		@ args = 0, pretend = 0, frame = 0
 2329              		@ frame_needed = 0, uses_anonymous_args = 0
 734:BSP/u8g2/u8g2_font.c **** #ifdef U8G2_WITH_FONT_ROTATION
 2330              		.loc 1 734 1 is_stmt 0 view .LVU726
 2331 0000 F8B5     		push	{r3, r4, r5, r6, r7, lr}
 2332              	.LCFI23:
 2333              		.cfi_def_cfa_offset 24
 2334              		.cfi_offset 3, -24
 2335              		.cfi_offset 4, -20
 2336              		.cfi_offset 5, -16
 2337              		.cfi_offset 6, -12
 2338              		.cfi_offset 7, -8
 2339              		.cfi_offset 14, -4
 2340 0002 0446     		mov	r4, r0
 2341 0004 0D46     		mov	r5, r1
 2342 0006 1646     		mov	r6, r2
 2343 0008 1F46     		mov	r7, r3
 736:BSP/u8g2/u8g2_font.c ****   {
 2344              		.loc 1 736 3 is_stmt 1 view .LVU727
 736:BSP/u8g2/u8g2_font.c ****   {
 2345              		.loc 1 736 27 is_stmt 0 view .LVU728
 2346 000a 90F86630 		ldrb	r3, [r0, #102]	@ zero_extendqisi2
 2347              	.LVL282:
 736:BSP/u8g2/u8g2_font.c ****   {
ARM GAS  /tmp/cc5sAzkx.s 			page 72


 2348              		.loc 1 736 3 view .LVU729
 2349 000e 032B     		cmp	r3, #3
 2350 0010 07D8     		bhi	.L110
 2351 0012 DFE803F0 		tbb	[pc, r3]
 2352              	.LVL283:
 2353              	.L112:
 2354 0016 02       		.byte	(.L115-.L112)/2
 2355 0017 0D       		.byte	(.L114-.L112)/2
 2356 0018 12       		.byte	(.L113-.L112)/2
 2357 0019 17       		.byte	(.L111-.L112)/2
 2358              		.p2align 1
 2359              	.L115:
 739:BSP/u8g2/u8g2_font.c ****       break;
 2360              		.loc 1 739 7 is_stmt 1 view .LVU730
 739:BSP/u8g2/u8g2_font.c ****       break;
 2361              		.loc 1 739 16 is_stmt 0 view .LVU731
 2362 001a 436D     		ldr	r3, [r0, #84]
 739:BSP/u8g2/u8g2_font.c ****       break;
 2363              		.loc 1 739 12 view .LVU732
 2364 001c 9847     		blx	r3
 2365              	.LVL284:
 739:BSP/u8g2/u8g2_font.c ****       break;
 2366              		.loc 1 739 9 discriminator 1 view .LVU733
 2367 001e 3044     		add	r0, r0, r6
 2368 0020 C6B2     		uxtb	r6, r0
 2369              	.LVL285:
 740:BSP/u8g2/u8g2_font.c ****     case 1:
 2370              		.loc 1 740 7 is_stmt 1 view .LVU734
 2371              	.L110:
 754:BSP/u8g2/u8g2_font.c **** }
 2372              		.loc 1 754 3 view .LVU735
 754:BSP/u8g2/u8g2_font.c **** }
 2373              		.loc 1 754 10 is_stmt 0 view .LVU736
 2374 0022 3B46     		mov	r3, r7
 2375 0024 3246     		mov	r2, r6
 2376 0026 2946     		mov	r1, r5
 2377 0028 2046     		mov	r0, r4
 2378 002a FFF7FEFF 		bl	u8g2_font_draw_glyph
 2379              	.LVL286:
 755:BSP/u8g2/u8g2_font.c **** 
 2380              		.loc 1 755 1 view .LVU737
 2381 002e F8BD     		pop	{r3, r4, r5, r6, r7, pc}
 2382              	.LVL287:
 2383              	.L114:
 742:BSP/u8g2/u8g2_font.c ****       break;
 2384              		.loc 1 742 7 is_stmt 1 view .LVU738
 742:BSP/u8g2/u8g2_font.c ****       break;
 2385              		.loc 1 742 16 is_stmt 0 view .LVU739
 2386 0030 436D     		ldr	r3, [r0, #84]
 742:BSP/u8g2/u8g2_font.c ****       break;
 2387              		.loc 1 742 12 view .LVU740
 2388 0032 9847     		blx	r3
 2389              	.LVL288:
 742:BSP/u8g2/u8g2_font.c ****       break;
 2390              		.loc 1 742 9 discriminator 1 view .LVU741
 2391 0034 281A     		subs	r0, r5, r0
 2392 0036 C5B2     		uxtb	r5, r0
ARM GAS  /tmp/cc5sAzkx.s 			page 73


 2393              	.LVL289:
 743:BSP/u8g2/u8g2_font.c ****     case 2:
 2394              		.loc 1 743 7 is_stmt 1 view .LVU742
 2395 0038 F3E7     		b	.L110
 2396              	.LVL290:
 2397              	.L113:
 745:BSP/u8g2/u8g2_font.c ****       break;
 2398              		.loc 1 745 7 view .LVU743
 745:BSP/u8g2/u8g2_font.c ****       break;
 2399              		.loc 1 745 16 is_stmt 0 view .LVU744
 2400 003a 436D     		ldr	r3, [r0, #84]
 745:BSP/u8g2/u8g2_font.c ****       break;
 2401              		.loc 1 745 12 view .LVU745
 2402 003c 9847     		blx	r3
 2403              	.LVL291:
 745:BSP/u8g2/u8g2_font.c ****       break;
 2404              		.loc 1 745 9 discriminator 1 view .LVU746
 2405 003e 301A     		subs	r0, r6, r0
 2406 0040 C6B2     		uxtb	r6, r0
 2407              	.LVL292:
 746:BSP/u8g2/u8g2_font.c ****     case 3:
 2408              		.loc 1 746 7 is_stmt 1 view .LVU747
 2409 0042 EEE7     		b	.L110
 2410              	.LVL293:
 2411              	.L111:
 748:BSP/u8g2/u8g2_font.c ****       break;
 2412              		.loc 1 748 7 view .LVU748
 748:BSP/u8g2/u8g2_font.c ****       break;
 2413              		.loc 1 748 16 is_stmt 0 view .LVU749
 2414 0044 436D     		ldr	r3, [r0, #84]
 748:BSP/u8g2/u8g2_font.c ****       break;
 2415              		.loc 1 748 12 view .LVU750
 2416 0046 9847     		blx	r3
 2417              	.LVL294:
 748:BSP/u8g2/u8g2_font.c ****       break;
 2418              		.loc 1 748 9 discriminator 1 view .LVU751
 2419 0048 2844     		add	r0, r0, r5
 2420 004a C5B2     		uxtb	r5, r0
 2421              	.LVL295:
 749:BSP/u8g2/u8g2_font.c ****   }
 2422              		.loc 1 749 7 is_stmt 1 view .LVU752
 2423 004c E9E7     		b	.L110
 2424              		.cfi_endproc
 2425              	.LFE21:
 2427              		.section	.text.u8g2_draw_string,"ax",%progbits
 2428              		.align	1
 2429              		.syntax unified
 2430              		.thumb
 2431              		.thumb_func
 2433              	u8g2_draw_string:
 2434              	.LVL296:
 2435              	.LFB22:
 759:BSP/u8g2/u8g2_font.c ****   uint16_t e;
 2436              		.loc 1 759 1 view -0
 2437              		.cfi_startproc
 2438              		@ args = 0, pretend = 0, frame = 0
 2439              		@ frame_needed = 0, uses_anonymous_args = 0
ARM GAS  /tmp/cc5sAzkx.s 			page 74


 759:BSP/u8g2/u8g2_font.c ****   uint16_t e;
 2440              		.loc 1 759 1 is_stmt 0 view .LVU754
 2441 0000 2DE9F041 		push	{r4, r5, r6, r7, r8, lr}
 2442              	.LCFI24:
 2443              		.cfi_def_cfa_offset 24
 2444              		.cfi_offset 4, -24
 2445              		.cfi_offset 5, -20
 2446              		.cfi_offset 6, -16
 2447              		.cfi_offset 7, -12
 2448              		.cfi_offset 8, -8
 2449              		.cfi_offset 14, -4
 2450 0004 0446     		mov	r4, r0
 2451 0006 0F46     		mov	r7, r1
 2452 0008 1646     		mov	r6, r2
 2453 000a 1D46     		mov	r5, r3
 760:BSP/u8g2/u8g2_font.c ****   u8g2_uint_t delta, sum;
 2454              		.loc 1 760 3 is_stmt 1 view .LVU755
 761:BSP/u8g2/u8g2_font.c ****   u8x8_utf8_init(u8g2_GetU8x8(u8g2));
 2455              		.loc 1 761 3 view .LVU756
 762:BSP/u8g2/u8g2_font.c ****   sum = 0;
 2456              		.loc 1 762 3 view .LVU757
 2457 000c FFF7FEFF 		bl	u8x8_utf8_init
 2458              	.LVL297:
 763:BSP/u8g2/u8g2_font.c ****   for(;;)
 2459              		.loc 1 763 3 view .LVU758
 763:BSP/u8g2/u8g2_font.c ****   for(;;)
 2460              		.loc 1 763 7 is_stmt 0 view .LVU759
 2461 0010 4FF00008 		mov	r8, #0
 2462 0014 04E0     		b	.L119
 2463              	.LVL298:
 2464              	.L127:
 778:BSP/u8g2/u8g2_font.c **** 	  break;
 2465              		.loc 1 778 4 is_stmt 1 view .LVU760
 778:BSP/u8g2/u8g2_font.c **** 	  break;
 2466              		.loc 1 778 6 is_stmt 0 view .LVU761
 2467 0016 0744     		add	r7, r7, r0
 2468              	.LVL299:
 778:BSP/u8g2/u8g2_font.c **** 	  break;
 2469              		.loc 1 778 6 view .LVU762
 2470 0018 FFB2     		uxtb	r7, r7
 2471              	.LVL300:
 779:BSP/u8g2/u8g2_font.c **** 	case 1:
 2472              		.loc 1 779 4 is_stmt 1 view .LVU763
 2473              	.L122:
 794:BSP/u8g2/u8g2_font.c ****     }
 2474              		.loc 1 794 7 view .LVU764
 794:BSP/u8g2/u8g2_font.c ****     }
 2475              		.loc 1 794 11 is_stmt 0 view .LVU765
 2476 001a 4044     		add	r0, r0, r8
 2477              	.LVL301:
 794:BSP/u8g2/u8g2_font.c ****     }
 2478              		.loc 1 794 11 view .LVU766
 2479 001c 5FFA80F8 		uxtb	r8, r0
 2480              	.LVL302:
 2481              	.L119:
 764:BSP/u8g2/u8g2_font.c ****   {
 2482              		.loc 1 764 3 is_stmt 1 view .LVU767
ARM GAS  /tmp/cc5sAzkx.s 			page 75


 766:BSP/u8g2/u8g2_font.c ****     if ( e == 0x0ffff )
 2483              		.loc 1 766 5 view .LVU768
 766:BSP/u8g2/u8g2_font.c ****     if ( e == 0x0ffff )
 2484              		.loc 1 766 19 is_stmt 0 view .LVU769
 2485 0020 6368     		ldr	r3, [r4, #4]
 766:BSP/u8g2/u8g2_font.c ****     if ( e == 0x0ffff )
 2486              		.loc 1 766 9 view .LVU770
 2487 0022 2978     		ldrb	r1, [r5]	@ zero_extendqisi2
 2488 0024 2046     		mov	r0, r4
 2489 0026 9847     		blx	r3
 2490              	.LVL303:
 767:BSP/u8g2/u8g2_font.c ****       break;
 2491              		.loc 1 767 5 is_stmt 1 view .LVU771
 767:BSP/u8g2/u8g2_font.c ****       break;
 2492              		.loc 1 767 8 is_stmt 0 view .LVU772
 2493 0028 4FF6FF72 		movw	r2, #65535
 2494 002c 9042     		cmp	r0, r2
 2495 002e 22D0     		beq	.L120
 769:BSP/u8g2/u8g2_font.c ****     if ( e != 0x0fffe )
 2496              		.loc 1 769 5 is_stmt 1 view .LVU773
 769:BSP/u8g2/u8g2_font.c ****     if ( e != 0x0fffe )
 2497              		.loc 1 769 8 is_stmt 0 view .LVU774
 2498 0030 0135     		adds	r5, r5, #1
 2499              	.LVL304:
 770:BSP/u8g2/u8g2_font.c ****     {
 2500              		.loc 1 770 5 is_stmt 1 view .LVU775
 770:BSP/u8g2/u8g2_font.c ****     {
 2501              		.loc 1 770 8 is_stmt 0 view .LVU776
 2502 0032 4FF6FE72 		movw	r2, #65534
 2503 0036 9042     		cmp	r0, r2
 2504 0038 F2D0     		beq	.L119
 772:BSP/u8g2/u8g2_font.c ****     
 2505              		.loc 1 772 7 is_stmt 1 view .LVU777
 772:BSP/u8g2/u8g2_font.c ****     
 2506              		.loc 1 772 15 is_stmt 0 view .LVU778
 2507 003a 0346     		mov	r3, r0
 2508 003c 3246     		mov	r2, r6
 2509 003e 3946     		mov	r1, r7
 2510 0040 2046     		mov	r0, r4
 2511              	.LVL305:
 772:BSP/u8g2/u8g2_font.c ****     
 2512              		.loc 1 772 15 view .LVU779
 2513 0042 FFF7FEFF 		bl	u8g2_DrawGlyph
 2514              	.LVL306:
 775:BSP/u8g2/u8g2_font.c ****       {
 2515              		.loc 1 775 7 is_stmt 1 view .LVU780
 775:BSP/u8g2/u8g2_font.c ****       {
 2516              		.loc 1 775 31 is_stmt 0 view .LVU781
 2517 0046 94F86630 		ldrb	r3, [r4, #102]	@ zero_extendqisi2
 775:BSP/u8g2/u8g2_font.c ****       {
 2518              		.loc 1 775 7 view .LVU782
 2519 004a 032B     		cmp	r3, #3
 2520 004c E5D8     		bhi	.L122
 2521 004e 01A2     		adr	r2, .L124
 2522 0050 52F823F0 		ldr	pc, [r2, r3, lsl #2]
 2523              		.p2align 2
 2524              	.L124:
ARM GAS  /tmp/cc5sAzkx.s 			page 76


 2525 0054 17000000 		.word	.L127+1
 2526 0058 65000000 		.word	.L126+1
 2527 005c 6B000000 		.word	.L125+1
 2528 0060 71000000 		.word	.L123+1
 2529              		.p2align 1
 2530              	.L126:
 781:BSP/u8g2/u8g2_font.c **** 	  break;
 2531              		.loc 1 781 4 is_stmt 1 view .LVU783
 781:BSP/u8g2/u8g2_font.c **** 	  break;
 2532              		.loc 1 781 6 is_stmt 0 view .LVU784
 2533 0064 0644     		add	r6, r6, r0
 2534              	.LVL307:
 781:BSP/u8g2/u8g2_font.c **** 	  break;
 2535              		.loc 1 781 6 view .LVU785
 2536 0066 F6B2     		uxtb	r6, r6
 2537              	.LVL308:
 782:BSP/u8g2/u8g2_font.c **** 	case 2:
 2538              		.loc 1 782 4 is_stmt 1 view .LVU786
 2539 0068 D7E7     		b	.L122
 2540              	.L125:
 784:BSP/u8g2/u8g2_font.c **** 	  break;
 2541              		.loc 1 784 4 view .LVU787
 784:BSP/u8g2/u8g2_font.c **** 	  break;
 2542              		.loc 1 784 6 is_stmt 0 view .LVU788
 2543 006a 3F1A     		subs	r7, r7, r0
 2544              	.LVL309:
 784:BSP/u8g2/u8g2_font.c **** 	  break;
 2545              		.loc 1 784 6 view .LVU789
 2546 006c FFB2     		uxtb	r7, r7
 2547              	.LVL310:
 785:BSP/u8g2/u8g2_font.c **** 	case 3:
 2548              		.loc 1 785 4 is_stmt 1 view .LVU790
 2549 006e D4E7     		b	.L122
 2550              	.L123:
 787:BSP/u8g2/u8g2_font.c **** 	  break;
 2551              		.loc 1 787 4 view .LVU791
 787:BSP/u8g2/u8g2_font.c **** 	  break;
 2552              		.loc 1 787 6 is_stmt 0 view .LVU792
 2553 0070 361A     		subs	r6, r6, r0
 2554              	.LVL311:
 787:BSP/u8g2/u8g2_font.c **** 	  break;
 2555              		.loc 1 787 6 view .LVU793
 2556 0072 F6B2     		uxtb	r6, r6
 2557              	.LVL312:
 788:BSP/u8g2/u8g2_font.c ****       }
 2558              		.loc 1 788 4 is_stmt 1 view .LVU794
 2559 0074 D1E7     		b	.L122
 2560              	.LVL313:
 2561              	.L120:
 797:BSP/u8g2/u8g2_font.c **** }
 2562              		.loc 1 797 3 view .LVU795
 798:BSP/u8g2/u8g2_font.c **** 
 2563              		.loc 1 798 1 is_stmt 0 view .LVU796
 2564 0076 4046     		mov	r0, r8
 2565              	.LVL314:
 798:BSP/u8g2/u8g2_font.c **** 
 2566              		.loc 1 798 1 view .LVU797
ARM GAS  /tmp/cc5sAzkx.s 			page 77


 2567 0078 BDE8F081 		pop	{r4, r5, r6, r7, r8, pc}
 798:BSP/u8g2/u8g2_font.c **** 
 2568              		.loc 1 798 1 view .LVU798
 2569              		.cfi_endproc
 2570              	.LFE22:
 2572              		.section	.text.u8g2_DrawStr,"ax",%progbits
 2573              		.align	1
 2574              		.global	u8g2_DrawStr
 2575              		.syntax unified
 2576              		.thumb
 2577              		.thumb_func
 2579              	u8g2_DrawStr:
 2580              	.LVL315:
 2581              	.LFB23:
 801:BSP/u8g2/u8g2_font.c ****   u8g2->u8x8.next_cb = u8x8_ascii_next;
 2582              		.loc 1 801 1 is_stmt 1 view -0
 2583              		.cfi_startproc
 2584              		@ args = 0, pretend = 0, frame = 0
 2585              		@ frame_needed = 0, uses_anonymous_args = 0
 801:BSP/u8g2/u8g2_font.c ****   u8g2->u8x8.next_cb = u8x8_ascii_next;
 2586              		.loc 1 801 1 is_stmt 0 view .LVU800
 2587 0000 10B5     		push	{r4, lr}
 2588              	.LCFI25:
 2589              		.cfi_def_cfa_offset 8
 2590              		.cfi_offset 4, -8
 2591              		.cfi_offset 14, -4
 802:BSP/u8g2/u8g2_font.c ****   return u8g2_draw_string(u8g2, x, y, str);
 2592              		.loc 1 802 3 is_stmt 1 view .LVU801
 802:BSP/u8g2/u8g2_font.c ****   return u8g2_draw_string(u8g2, x, y, str);
 2593              		.loc 1 802 22 is_stmt 0 view .LVU802
 2594 0002 024C     		ldr	r4, .L132
 2595 0004 4460     		str	r4, [r0, #4]
 803:BSP/u8g2/u8g2_font.c **** }
 2596              		.loc 1 803 3 is_stmt 1 view .LVU803
 803:BSP/u8g2/u8g2_font.c **** }
 2597              		.loc 1 803 10 is_stmt 0 view .LVU804
 2598 0006 FFF7FEFF 		bl	u8g2_draw_string
 2599              	.LVL316:
 804:BSP/u8g2/u8g2_font.c **** 
 2600              		.loc 1 804 1 view .LVU805
 2601 000a 10BD     		pop	{r4, pc}
 2602              	.L133:
 2603              		.align	2
 2604              	.L132:
 2605 000c 00000000 		.word	u8x8_ascii_next
 2606              		.cfi_endproc
 2607              	.LFE23:
 2609              		.section	.text.u8g2_DrawUTF8,"ax",%progbits
 2610              		.align	1
 2611              		.global	u8g2_DrawUTF8
 2612              		.syntax unified
 2613              		.thumb
 2614              		.thumb_func
 2616              	u8g2_DrawUTF8:
 2617              	.LVL317:
 2618              	.LFB24:
 817:BSP/u8g2/u8g2_font.c ****   u8g2->u8x8.next_cb = u8x8_utf8_next;
ARM GAS  /tmp/cc5sAzkx.s 			page 78


 2619              		.loc 1 817 1 is_stmt 1 view -0
 2620              		.cfi_startproc
 2621              		@ args = 0, pretend = 0, frame = 0
 2622              		@ frame_needed = 0, uses_anonymous_args = 0
 817:BSP/u8g2/u8g2_font.c ****   u8g2->u8x8.next_cb = u8x8_utf8_next;
 2623              		.loc 1 817 1 is_stmt 0 view .LVU807
 2624 0000 10B5     		push	{r4, lr}
 2625              	.LCFI26:
 2626              		.cfi_def_cfa_offset 8
 2627              		.cfi_offset 4, -8
 2628              		.cfi_offset 14, -4
 818:BSP/u8g2/u8g2_font.c ****   return u8g2_draw_string(u8g2, x, y, str);
 2629              		.loc 1 818 3 is_stmt 1 view .LVU808
 818:BSP/u8g2/u8g2_font.c ****   return u8g2_draw_string(u8g2, x, y, str);
 2630              		.loc 1 818 22 is_stmt 0 view .LVU809
 2631 0002 024C     		ldr	r4, .L136
 2632 0004 4460     		str	r4, [r0, #4]
 819:BSP/u8g2/u8g2_font.c **** }
 2633              		.loc 1 819 3 is_stmt 1 view .LVU810
 819:BSP/u8g2/u8g2_font.c **** }
 2634              		.loc 1 819 10 is_stmt 0 view .LVU811
 2635 0006 FFF7FEFF 		bl	u8g2_draw_string
 2636              	.LVL318:
 820:BSP/u8g2/u8g2_font.c **** 
 2637              		.loc 1 820 1 view .LVU812
 2638 000a 10BD     		pop	{r4, pc}
 2639              	.L137:
 2640              		.align	2
 2641              	.L136:
 2642 000c 00000000 		.word	u8x8_utf8_next
 2643              		.cfi_endproc
 2644              	.LFE24:
 2646              		.section	.text.u8g2_DrawExtendedUTF8,"ax",%progbits
 2647              		.align	1
 2648              		.global	u8g2_DrawExtendedUTF8
 2649              		.syntax unified
 2650              		.thumb
 2651              		.thumb_func
 2653              	u8g2_DrawExtendedUTF8:
 2654              	.LVL319:
 2655              	.LFB25:
 825:BSP/u8g2/u8g2_font.c ****   u8g2->u8x8.next_cb = u8x8_utf8_next;
 2656              		.loc 1 825 1 is_stmt 1 view -0
 2657              		.cfi_startproc
 2658              		@ args = 8, pretend = 0, frame = 8
 2659              		@ frame_needed = 0, uses_anonymous_args = 0
 825:BSP/u8g2/u8g2_font.c ****   u8g2->u8x8.next_cb = u8x8_utf8_next;
 2660              		.loc 1 825 1 is_stmt 0 view .LVU814
 2661 0000 2DE9F04F 		push	{r4, r5, r6, r7, r8, r9, r10, fp, lr}
 2662              	.LCFI27:
 2663              		.cfi_def_cfa_offset 36
 2664              		.cfi_offset 4, -36
 2665              		.cfi_offset 5, -32
 2666              		.cfi_offset 6, -28
 2667              		.cfi_offset 7, -24
 2668              		.cfi_offset 8, -20
 2669              		.cfi_offset 9, -16
ARM GAS  /tmp/cc5sAzkx.s 			page 79


 2670              		.cfi_offset 10, -12
 2671              		.cfi_offset 11, -8
 2672              		.cfi_offset 14, -4
 2673 0004 83B0     		sub	sp, sp, #12
 2674              	.LCFI28:
 2675              		.cfi_def_cfa_offset 48
 2676 0006 0746     		mov	r7, r0
 2677 0008 0D46     		mov	r5, r1
 2678 000a 0192     		str	r2, [sp, #4]
 2679 000c 0093     		str	r3, [sp]
 2680 000e DDF834A0 		ldr	r10, [sp, #52]
 826:BSP/u8g2/u8g2_font.c ****   uint16_t e_prev = 0x0ffff;
 2681              		.loc 1 826 3 is_stmt 1 view .LVU815
 826:BSP/u8g2/u8g2_font.c ****   uint16_t e_prev = 0x0ffff;
 2682              		.loc 1 826 22 is_stmt 0 view .LVU816
 2683 0012 284B     		ldr	r3, .L146
 2684              	.LVL320:
 826:BSP/u8g2/u8g2_font.c ****   uint16_t e_prev = 0x0ffff;
 2685              		.loc 1 826 22 view .LVU817
 2686 0014 4360     		str	r3, [r0, #4]
 827:BSP/u8g2/u8g2_font.c ****   uint16_t e;
 2687              		.loc 1 827 3 is_stmt 1 view .LVU818
 2688              	.LVL321:
 828:BSP/u8g2/u8g2_font.c ****   u8g2_uint_t delta, sum, k;
 2689              		.loc 1 828 3 view .LVU819
 829:BSP/u8g2/u8g2_font.c ****   u8x8_utf8_init(u8g2_GetU8x8(u8g2));
 2690              		.loc 1 829 3 view .LVU820
 830:BSP/u8g2/u8g2_font.c ****   sum = 0;
 2691              		.loc 1 830 3 view .LVU821
 2692 0016 FFF7FEFF 		bl	u8x8_utf8_init
 2693              	.LVL322:
 831:BSP/u8g2/u8g2_font.c ****   for(;;)
 2694              		.loc 1 831 3 view .LVU822
 831:BSP/u8g2/u8g2_font.c ****   for(;;)
 2695              		.loc 1 831 7 is_stmt 0 view .LVU823
 2696 001a 4FF00008 		mov	r8, #0
 827:BSP/u8g2/u8g2_font.c ****   uint16_t e;
 2697              		.loc 1 827 12 view .LVU824
 2698 001e 4FF6FF79 		movw	r9, #65535
 2699 0022 0EE0     		b	.L139
 2700              	.LVL323:
 2701              	.L142:
 850:BSP/u8g2/u8g2_font.c **** 	delta -= k;
 2702              		.loc 1 850 9 is_stmt 1 view .LVU825
 850:BSP/u8g2/u8g2_font.c **** 	delta -= k;
 2703              		.loc 1 850 13 is_stmt 0 view .LVU826
 2704 0024 2346     		mov	r3, r4
 2705 0026 4A46     		mov	r2, r9
 2706 0028 0C99     		ldr	r1, [sp, #48]
 2707 002a 3846     		mov	r0, r7
 2708 002c FFF7FEFF 		bl	u8g2_GetKerning
 2709              	.LVL324:
 2710 0030 8346     		mov	fp, r0
 2711              	.LVL325:
 851:BSP/u8g2/u8g2_font.c ****       }
 2712              		.loc 1 851 2 is_stmt 1 view .LVU827
 851:BSP/u8g2/u8g2_font.c ****       }
ARM GAS  /tmp/cc5sAzkx.s 			page 80


 2713              		.loc 1 851 8 is_stmt 0 view .LVU828
 2714 0032 361A     		subs	r6, r6, r0
 2715              	.LVL326:
 851:BSP/u8g2/u8g2_font.c ****       }
 2716              		.loc 1 851 8 view .LVU829
 2717 0034 5FFA86F9 		uxtb	r9, r6
 2718              	.LVL327:
 851:BSP/u8g2/u8g2_font.c ****       }
 2719              		.loc 1 851 8 view .LVU830
 2720 0038 29E0     		b	.L143
 2721              	.LVL328:
 2722              	.L144:
 865:BSP/u8g2/u8g2_font.c ****     }
 2723              		.loc 1 865 7 is_stmt 1 view .LVU831
 865:BSP/u8g2/u8g2_font.c ****     }
 2724              		.loc 1 865 11 is_stmt 0 view .LVU832
 2725 003a C144     		add	r9, r9, r8
 2726              	.LVL329:
 865:BSP/u8g2/u8g2_font.c ****     }
 2727              		.loc 1 865 11 view .LVU833
 2728 003c 5FFA89F8 		uxtb	r8, r9
 2729              	.LVL330:
 853:BSP/u8g2/u8g2_font.c **** 
 2730              		.loc 1 853 14 view .LVU834
 2731 0040 A146     		mov	r9, r4
 2732              	.LVL331:
 2733              	.L139:
 832:BSP/u8g2/u8g2_font.c ****   {
 2734              		.loc 1 832 3 is_stmt 1 view .LVU835
 834:BSP/u8g2/u8g2_font.c ****     if ( e == 0x0ffff )
 2735              		.loc 1 834 5 view .LVU836
 834:BSP/u8g2/u8g2_font.c ****     if ( e == 0x0ffff )
 2736              		.loc 1 834 19 is_stmt 0 view .LVU837
 2737 0042 7B68     		ldr	r3, [r7, #4]
 834:BSP/u8g2/u8g2_font.c ****     if ( e == 0x0ffff )
 2738              		.loc 1 834 9 view .LVU838
 2739 0044 9AF80010 		ldrb	r1, [r10]	@ zero_extendqisi2
 2740 0048 3846     		mov	r0, r7
 2741 004a 9847     		blx	r3
 2742              	.LVL332:
 2743 004c 0446     		mov	r4, r0
 2744              	.LVL333:
 835:BSP/u8g2/u8g2_font.c ****       break;
 2745              		.loc 1 835 5 is_stmt 1 view .LVU839
 835:BSP/u8g2/u8g2_font.c ****       break;
 2746              		.loc 1 835 8 is_stmt 0 view .LVU840
 2747 004e 4FF6FF73 		movw	r3, #65535
 2748 0052 9842     		cmp	r0, r3
 2749 0054 2AD0     		beq	.L140
 837:BSP/u8g2/u8g2_font.c ****     if ( e != 0x0fffe )
 2750              		.loc 1 837 5 is_stmt 1 view .LVU841
 837:BSP/u8g2/u8g2_font.c ****     if ( e != 0x0fffe )
 2751              		.loc 1 837 8 is_stmt 0 view .LVU842
 2752 0056 0AF1010A 		add	r10, r10, #1
 2753              	.LVL334:
 838:BSP/u8g2/u8g2_font.c ****     {
 2754              		.loc 1 838 5 is_stmt 1 view .LVU843
ARM GAS  /tmp/cc5sAzkx.s 			page 81


 838:BSP/u8g2/u8g2_font.c ****     {
 2755              		.loc 1 838 8 is_stmt 0 view .LVU844
 2756 005a 4FF6FE73 		movw	r3, #65534
 2757 005e 9842     		cmp	r0, r3
 2758 0060 EFD0     		beq	.L139
 840:BSP/u8g2/u8g2_font.c **** 	    
 2759              		.loc 1 840 7 is_stmt 1 view .LVU845
 840:BSP/u8g2/u8g2_font.c **** 	    
 2760              		.loc 1 840 15 is_stmt 0 view .LVU846
 2761 0062 0146     		mov	r1, r0
 2762 0064 3846     		mov	r0, r7
 2763              	.LVL335:
 840:BSP/u8g2/u8g2_font.c **** 	    
 2764              		.loc 1 840 15 view .LVU847
 2765 0066 FFF7FEFF 		bl	u8g2_GetGlyphWidth
 2766              	.LVL336:
 840:BSP/u8g2/u8g2_font.c **** 	    
 2767              		.loc 1 840 13 discriminator 1 view .LVU848
 2768 006a C6B2     		uxtb	r6, r0
 2769              	.LVL337:
 842:BSP/u8g2/u8g2_font.c ****       {
 2770              		.loc 1 842 7 is_stmt 1 view .LVU849
 842:BSP/u8g2/u8g2_font.c ****       {
 2771              		.loc 1 842 10 is_stmt 0 view .LVU850
 2772 006c 009B     		ldr	r3, [sp]
 2773 006e 002B     		cmp	r3, #0
 2774 0070 D8D0     		beq	.L142
 844:BSP/u8g2/u8g2_font.c **** 	delta -= k;
 2775              		.loc 1 844 9 is_stmt 1 view .LVU851
 844:BSP/u8g2/u8g2_font.c **** 	delta -= k;
 2776              		.loc 1 844 13 is_stmt 0 view .LVU852
 2777 0072 4B46     		mov	r3, r9
 2778 0074 2246     		mov	r2, r4
 2779 0076 0C99     		ldr	r1, [sp, #48]
 2780 0078 3846     		mov	r0, r7
 2781 007a FFF7FEFF 		bl	u8g2_GetKerning
 2782              	.LVL338:
 2783 007e 8346     		mov	fp, r0
 2784              	.LVL339:
 845:BSP/u8g2/u8g2_font.c **** 	x -= delta;
 2785              		.loc 1 845 2 is_stmt 1 view .LVU853
 845:BSP/u8g2/u8g2_font.c **** 	x -= delta;
 2786              		.loc 1 845 8 is_stmt 0 view .LVU854
 2787 0080 A6EB0009 		sub	r9, r6, r0
 2788              	.LVL340:
 845:BSP/u8g2/u8g2_font.c **** 	x -= delta;
 2789              		.loc 1 845 8 view .LVU855
 2790 0084 5FFA89F9 		uxtb	r9, r9
 2791              	.LVL341:
 846:BSP/u8g2/u8g2_font.c ****       }
 2792              		.loc 1 846 2 is_stmt 1 view .LVU856
 846:BSP/u8g2/u8g2_font.c ****       }
 2793              		.loc 1 846 4 is_stmt 0 view .LVU857
 2794 0088 861B     		subs	r6, r0, r6
 2795 008a 2E44     		add	r6, r6, r5
 2796 008c F5B2     		uxtb	r5, r6
 2797              	.LVL342:
ARM GAS  /tmp/cc5sAzkx.s 			page 82


 2798              	.L143:
 853:BSP/u8g2/u8g2_font.c **** 
 2799              		.loc 1 853 7 is_stmt 1 view .LVU858
 855:BSP/u8g2/u8g2_font.c ****       if ( to_left )
 2800              		.loc 1 855 7 view .LVU859
 2801 008e 2346     		mov	r3, r4
 2802 0090 019A     		ldr	r2, [sp, #4]
 2803 0092 2946     		mov	r1, r5
 2804 0094 3846     		mov	r0, r7
 2805 0096 FFF7FEFF 		bl	u8g2_DrawGlyph
 2806              	.LVL343:
 856:BSP/u8g2/u8g2_font.c ****       {
 2807              		.loc 1 856 7 view .LVU860
 856:BSP/u8g2/u8g2_font.c ****       {
 2808              		.loc 1 856 10 is_stmt 0 view .LVU861
 2809 009a 009B     		ldr	r3, [sp]
 2810 009c 002B     		cmp	r3, #0
 2811 009e CCD1     		bne	.L144
 861:BSP/u8g2/u8g2_font.c **** 	x -= k;
 2812              		.loc 1 861 2 is_stmt 1 view .LVU862
 861:BSP/u8g2/u8g2_font.c **** 	x -= k;
 2813              		.loc 1 861 4 is_stmt 0 view .LVU863
 2814 00a0 4D44     		add	r5, r5, r9
 2815              	.LVL344:
 861:BSP/u8g2/u8g2_font.c **** 	x -= k;
 2816              		.loc 1 861 4 view .LVU864
 2817 00a2 EDB2     		uxtb	r5, r5
 2818              	.LVL345:
 862:BSP/u8g2/u8g2_font.c ****       }
 2819              		.loc 1 862 2 is_stmt 1 view .LVU865
 862:BSP/u8g2/u8g2_font.c ****       }
 2820              		.loc 1 862 4 is_stmt 0 view .LVU866
 2821 00a4 A5EB0B05 		sub	r5, r5, fp
 2822              	.LVL346:
 862:BSP/u8g2/u8g2_font.c ****       }
 2823              		.loc 1 862 4 view .LVU867
 2824 00a8 EDB2     		uxtb	r5, r5
 2825              	.LVL347:
 862:BSP/u8g2/u8g2_font.c ****       }
 2826              		.loc 1 862 4 view .LVU868
 2827 00aa C6E7     		b	.L144
 2828              	.LVL348:
 2829              	.L140:
 868:BSP/u8g2/u8g2_font.c **** }
 2830              		.loc 1 868 3 is_stmt 1 view .LVU869
 869:BSP/u8g2/u8g2_font.c **** 
 2831              		.loc 1 869 1 is_stmt 0 view .LVU870
 2832 00ac 4046     		mov	r0, r8
 2833              	.LVL349:
 869:BSP/u8g2/u8g2_font.c **** 
 2834              		.loc 1 869 1 view .LVU871
 2835 00ae 03B0     		add	sp, sp, #12
 2836              	.LCFI29:
 2837              		.cfi_def_cfa_offset 36
 2838              	.LVL350:
 869:BSP/u8g2/u8g2_font.c **** 
 2839              		.loc 1 869 1 view .LVU872
ARM GAS  /tmp/cc5sAzkx.s 			page 83


 2840              		@ sp needed
 2841 00b0 BDE8F08F 		pop	{r4, r5, r6, r7, r8, r9, r10, fp, pc}
 2842              	.LVL351:
 2843              	.L147:
 869:BSP/u8g2/u8g2_font.c **** 
 2844              		.loc 1 869 1 view .LVU873
 2845              		.align	2
 2846              	.L146:
 2847 00b4 00000000 		.word	u8x8_utf8_next
 2848              		.cfi_endproc
 2849              	.LFE25:
 2851              		.section	.text.u8g2_DrawExtUTF8,"ax",%progbits
 2852              		.align	1
 2853              		.global	u8g2_DrawExtUTF8
 2854              		.syntax unified
 2855              		.thumb
 2856              		.thumb_func
 2858              	u8g2_DrawExtUTF8:
 2859              	.LVL352:
 2860              	.LFB26:
 872:BSP/u8g2/u8g2_font.c ****   u8g2->u8x8.next_cb = u8x8_utf8_next;
 2861              		.loc 1 872 1 is_stmt 1 view -0
 2862              		.cfi_startproc
 2863              		@ args = 8, pretend = 0, frame = 8
 2864              		@ frame_needed = 0, uses_anonymous_args = 0
 872:BSP/u8g2/u8g2_font.c ****   u8g2->u8x8.next_cb = u8x8_utf8_next;
 2865              		.loc 1 872 1 is_stmt 0 view .LVU875
 2866 0000 2DE9F04F 		push	{r4, r5, r6, r7, r8, r9, r10, fp, lr}
 2867              	.LCFI30:
 2868              		.cfi_def_cfa_offset 36
 2869              		.cfi_offset 4, -36
 2870              		.cfi_offset 5, -32
 2871              		.cfi_offset 6, -28
 2872              		.cfi_offset 7, -24
 2873              		.cfi_offset 8, -20
 2874              		.cfi_offset 9, -16
 2875              		.cfi_offset 10, -12
 2876              		.cfi_offset 11, -8
 2877              		.cfi_offset 14, -4
 2878 0004 83B0     		sub	sp, sp, #12
 2879              	.LCFI31:
 2880              		.cfi_def_cfa_offset 48
 2881 0006 0646     		mov	r6, r0
 2882 0008 0D46     		mov	r5, r1
 2883 000a 0192     		str	r2, [sp, #4]
 2884 000c 9B46     		mov	fp, r3
 2885 000e DDF83490 		ldr	r9, [sp, #52]
 873:BSP/u8g2/u8g2_font.c ****   uint16_t e_prev = 0x0ffff;
 2886              		.loc 1 873 3 is_stmt 1 view .LVU876
 873:BSP/u8g2/u8g2_font.c ****   uint16_t e_prev = 0x0ffff;
 2887              		.loc 1 873 22 is_stmt 0 view .LVU877
 2888 0012 274B     		ldr	r3, .L156
 2889              	.LVL353:
 873:BSP/u8g2/u8g2_font.c ****   uint16_t e_prev = 0x0ffff;
 2890              		.loc 1 873 22 view .LVU878
 2891 0014 4360     		str	r3, [r0, #4]
 874:BSP/u8g2/u8g2_font.c ****   uint16_t e;
ARM GAS  /tmp/cc5sAzkx.s 			page 84


 2892              		.loc 1 874 3 is_stmt 1 view .LVU879
 2893              	.LVL354:
 875:BSP/u8g2/u8g2_font.c ****   u8g2_uint_t delta, sum, k;
 2894              		.loc 1 875 3 view .LVU880
 876:BSP/u8g2/u8g2_font.c ****   u8x8_utf8_init(u8g2_GetU8x8(u8g2));
 2895              		.loc 1 876 3 view .LVU881
 877:BSP/u8g2/u8g2_font.c ****   sum = 0;
 2896              		.loc 1 877 3 view .LVU882
 2897 0016 FFF7FEFF 		bl	u8x8_utf8_init
 2898              	.LVL355:
 878:BSP/u8g2/u8g2_font.c ****   for(;;)
 2899              		.loc 1 878 3 view .LVU883
 878:BSP/u8g2/u8g2_font.c ****   for(;;)
 2900              		.loc 1 878 7 is_stmt 0 view .LVU884
 2901 001a 0027     		movs	r7, #0
 874:BSP/u8g2/u8g2_font.c ****   uint16_t e;
 2902              		.loc 1 874 12 view .LVU885
 2903 001c 4FF6FF78 		movw	r8, #65535
 2904 0020 14E0     		b	.L149
 2905              	.LVL356:
 2906              	.L152:
 897:BSP/u8g2/u8g2_font.c **** 	delta -= k;
 2907              		.loc 1 897 9 is_stmt 1 view .LVU886
 897:BSP/u8g2/u8g2_font.c **** 	delta -= k;
 2908              		.loc 1 897 13 is_stmt 0 view .LVU887
 2909 0022 2346     		mov	r3, r4
 2910 0024 4246     		mov	r2, r8
 2911 0026 0C99     		ldr	r1, [sp, #48]
 2912 0028 3046     		mov	r0, r6
 2913 002a FFF7FEFF 		bl	u8g2_GetKerningByTable
 2914              	.LVL357:
 898:BSP/u8g2/u8g2_font.c ****       }
 2915              		.loc 1 898 2 is_stmt 1 view .LVU888
 898:BSP/u8g2/u8g2_font.c ****       }
 2916              		.loc 1 898 8 is_stmt 0 view .LVU889
 2917 002e AAEB000A 		sub	r10, r10, r0
 2918              	.LVL358:
 898:BSP/u8g2/u8g2_font.c ****       }
 2919              		.loc 1 898 8 view .LVU890
 2920 0032 5FFA8AF8 		uxtb	r8, r10
 2921              	.LVL359:
 898:BSP/u8g2/u8g2_font.c ****       }
 2922              		.loc 1 898 8 view .LVU891
 2923 0036 30E0     		b	.L153
 2924              	.LVL360:
 2925              	.L154:
 909:BSP/u8g2/u8g2_font.c ****       if ( to_left )
 2926              		.loc 1 909 7 is_stmt 1 view .LVU892
 2927 0038 2346     		mov	r3, r4
 2928 003a 019A     		ldr	r2, [sp, #4]
 2929 003c 2946     		mov	r1, r5
 2930 003e 3046     		mov	r0, r6
 2931 0040 FFF7FEFF 		bl	u8g2_DrawGlyph
 2932              	.LVL361:
 910:BSP/u8g2/u8g2_font.c ****       {
 2933              		.loc 1 910 7 view .LVU893
 912:BSP/u8g2/u8g2_font.c ****       else
ARM GAS  /tmp/cc5sAzkx.s 			page 85


 2934              		.loc 1 912 7 view .LVU894
 917:BSP/u8g2/u8g2_font.c ****       
 2935              		.loc 1 917 7 view .LVU895
 919:BSP/u8g2/u8g2_font.c ****     }
 2936              		.loc 1 919 7 view .LVU896
 919:BSP/u8g2/u8g2_font.c ****     }
 2937              		.loc 1 919 11 is_stmt 0 view .LVU897
 2938 0044 B844     		add	r8, r8, r7
 2939              	.LVL362:
 919:BSP/u8g2/u8g2_font.c ****     }
 2940              		.loc 1 919 11 view .LVU898
 2941 0046 5FFA88F7 		uxtb	r7, r8
 2942              	.LVL363:
 900:BSP/u8g2/u8g2_font.c **** 
 2943              		.loc 1 900 14 view .LVU899
 2944 004a A046     		mov	r8, r4
 2945              	.LVL364:
 2946              	.L149:
 879:BSP/u8g2/u8g2_font.c ****   {
 2947              		.loc 1 879 3 is_stmt 1 view .LVU900
 881:BSP/u8g2/u8g2_font.c ****     if ( e == 0x0ffff )
 2948              		.loc 1 881 5 view .LVU901
 881:BSP/u8g2/u8g2_font.c ****     if ( e == 0x0ffff )
 2949              		.loc 1 881 19 is_stmt 0 view .LVU902
 2950 004c 7368     		ldr	r3, [r6, #4]
 881:BSP/u8g2/u8g2_font.c ****     if ( e == 0x0ffff )
 2951              		.loc 1 881 9 view .LVU903
 2952 004e 99F80010 		ldrb	r1, [r9]	@ zero_extendqisi2
 2953 0052 3046     		mov	r0, r6
 2954 0054 9847     		blx	r3
 2955              	.LVL365:
 2956 0056 0446     		mov	r4, r0
 2957              	.LVL366:
 882:BSP/u8g2/u8g2_font.c ****       break;
 2958              		.loc 1 882 5 is_stmt 1 view .LVU904
 882:BSP/u8g2/u8g2_font.c ****       break;
 2959              		.loc 1 882 8 is_stmt 0 view .LVU905
 2960 0058 4FF6FF73 		movw	r3, #65535
 2961 005c 9842     		cmp	r0, r3
 2962 005e 22D0     		beq	.L150
 884:BSP/u8g2/u8g2_font.c ****     if ( e != 0x0fffe )
 2963              		.loc 1 884 5 is_stmt 1 view .LVU906
 884:BSP/u8g2/u8g2_font.c ****     if ( e != 0x0fffe )
 2964              		.loc 1 884 8 is_stmt 0 view .LVU907
 2965 0060 09F10109 		add	r9, r9, #1
 2966              	.LVL367:
 885:BSP/u8g2/u8g2_font.c ****     {
 2967              		.loc 1 885 5 is_stmt 1 view .LVU908
 885:BSP/u8g2/u8g2_font.c ****     {
 2968              		.loc 1 885 8 is_stmt 0 view .LVU909
 2969 0064 4FF6FE73 		movw	r3, #65534
 2970 0068 9842     		cmp	r0, r3
 2971 006a EFD0     		beq	.L149
 887:BSP/u8g2/u8g2_font.c **** 	    
 2972              		.loc 1 887 7 is_stmt 1 view .LVU910
 887:BSP/u8g2/u8g2_font.c **** 	    
 2973              		.loc 1 887 15 is_stmt 0 view .LVU911
ARM GAS  /tmp/cc5sAzkx.s 			page 86


 2974 006c 0146     		mov	r1, r0
 2975 006e 3046     		mov	r0, r6
 2976              	.LVL368:
 887:BSP/u8g2/u8g2_font.c **** 	    
 2977              		.loc 1 887 15 view .LVU912
 2978 0070 FFF7FEFF 		bl	u8g2_GetGlyphWidth
 2979              	.LVL369:
 887:BSP/u8g2/u8g2_font.c **** 	    
 2980              		.loc 1 887 13 discriminator 1 view .LVU913
 2981 0074 5FFA80FA 		uxtb	r10, r0
 2982              	.LVL370:
 889:BSP/u8g2/u8g2_font.c ****       {
 2983              		.loc 1 889 7 is_stmt 1 view .LVU914
 889:BSP/u8g2/u8g2_font.c ****       {
 2984              		.loc 1 889 10 is_stmt 0 view .LVU915
 2985 0078 BBF1000F 		cmp	fp, #0
 2986 007c D1D0     		beq	.L152
 891:BSP/u8g2/u8g2_font.c **** 	delta -= k;
 2987              		.loc 1 891 9 is_stmt 1 view .LVU916
 891:BSP/u8g2/u8g2_font.c **** 	delta -= k;
 2988              		.loc 1 891 13 is_stmt 0 view .LVU917
 2989 007e 4346     		mov	r3, r8
 2990 0080 2246     		mov	r2, r4
 2991 0082 0C99     		ldr	r1, [sp, #48]
 2992 0084 3046     		mov	r0, r6
 2993 0086 FFF7FEFF 		bl	u8g2_GetKerningByTable
 2994              	.LVL371:
 892:BSP/u8g2/u8g2_font.c **** 	x -= delta;
 2995              		.loc 1 892 2 is_stmt 1 view .LVU918
 892:BSP/u8g2/u8g2_font.c **** 	x -= delta;
 2996              		.loc 1 892 8 is_stmt 0 view .LVU919
 2997 008a AAEB0008 		sub	r8, r10, r0
 2998              	.LVL372:
 892:BSP/u8g2/u8g2_font.c **** 	x -= delta;
 2999              		.loc 1 892 8 view .LVU920
 3000 008e 5FFA88F8 		uxtb	r8, r8
 3001              	.LVL373:
 893:BSP/u8g2/u8g2_font.c ****       }
 3002              		.loc 1 893 2 is_stmt 1 view .LVU921
 893:BSP/u8g2/u8g2_font.c ****       }
 3003              		.loc 1 893 4 is_stmt 0 view .LVU922
 3004 0092 A0EB0A00 		sub	r0, r0, r10
 3005              	.LVL374:
 893:BSP/u8g2/u8g2_font.c ****       }
 3006              		.loc 1 893 4 view .LVU923
 3007 0096 2844     		add	r0, r0, r5
 3008 0098 C5B2     		uxtb	r5, r0
 3009              	.LVL375:
 3010              	.L153:
 900:BSP/u8g2/u8g2_font.c **** 
 3011              		.loc 1 900 7 is_stmt 1 view .LVU924
 902:BSP/u8g2/u8g2_font.c ****       {
 3012              		.loc 1 902 7 view .LVU925
 902:BSP/u8g2/u8g2_font.c ****       {
 3013              		.loc 1 902 10 is_stmt 0 view .LVU926
 3014 009a BBF1000F 		cmp	fp, #0
 3015 009e CBD1     		bne	.L154
ARM GAS  /tmp/cc5sAzkx.s 			page 87


 907:BSP/u8g2/u8g2_font.c ****       }
 3016              		.loc 1 907 2 is_stmt 1 view .LVU927
 907:BSP/u8g2/u8g2_font.c ****       }
 3017              		.loc 1 907 4 is_stmt 0 view .LVU928
 3018 00a0 4544     		add	r5, r5, r8
 3019              	.LVL376:
 907:BSP/u8g2/u8g2_font.c ****       }
 3020              		.loc 1 907 4 view .LVU929
 3021 00a2 EDB2     		uxtb	r5, r5
 3022              	.LVL377:
 907:BSP/u8g2/u8g2_font.c ****       }
 3023              		.loc 1 907 4 view .LVU930
 3024 00a4 C8E7     		b	.L154
 3025              	.LVL378:
 3026              	.L150:
 922:BSP/u8g2/u8g2_font.c **** }
 3027              		.loc 1 922 3 is_stmt 1 view .LVU931
 923:BSP/u8g2/u8g2_font.c **** 
 3028              		.loc 1 923 1 is_stmt 0 view .LVU932
 3029 00a6 3846     		mov	r0, r7
 3030              	.LVL379:
 923:BSP/u8g2/u8g2_font.c **** 
 3031              		.loc 1 923 1 view .LVU933
 3032 00a8 03B0     		add	sp, sp, #12
 3033              	.LCFI32:
 3034              		.cfi_def_cfa_offset 36
 3035              		@ sp needed
 3036 00aa BDE8F08F 		pop	{r4, r5, r6, r7, r8, r9, r10, fp, pc}
 3037              	.LVL380:
 3038              	.L157:
 923:BSP/u8g2/u8g2_font.c **** 
 3039              		.loc 1 923 1 view .LVU934
 3040 00ae 00BF     		.align	2
 3041              	.L156:
 3042 00b0 00000000 		.word	u8x8_utf8_next
 3043              		.cfi_endproc
 3044              	.LFE26:
 3046              		.section	.text.u8g2_UpdateRefHeight,"ax",%progbits
 3047              		.align	1
 3048              		.global	u8g2_UpdateRefHeight
 3049              		.syntax unified
 3050              		.thumb
 3051              		.thumb_func
 3053              	u8g2_UpdateRefHeight:
 3054              	.LVL381:
 3055              	.LFB27:
 932:BSP/u8g2/u8g2_font.c ****   if ( u8g2->font == NULL )
 3056              		.loc 1 932 1 is_stmt 1 view -0
 3057              		.cfi_startproc
 3058              		@ args = 0, pretend = 0, frame = 0
 3059              		@ frame_needed = 0, uses_anonymous_args = 0
 933:BSP/u8g2/u8g2_font.c ****     return;
 3060              		.loc 1 933 3 view .LVU936
 933:BSP/u8g2/u8g2_font.c ****     return;
 3061              		.loc 1 933 12 is_stmt 0 view .LVU937
 3062 0000 036D     		ldr	r3, [r0, #80]
 933:BSP/u8g2/u8g2_font.c ****     return;
ARM GAS  /tmp/cc5sAzkx.s 			page 88


 3063              		.loc 1 933 6 view .LVU938
 3064 0002 73B3     		cbz	r3, .L164
 935:BSP/u8g2/u8g2_font.c ****   u8g2->font_ref_descent = u8g2->font_info.descent_g;
 3065              		.loc 1 935 3 is_stmt 1 view .LVU939
 935:BSP/u8g2/u8g2_font.c ****   u8g2->font_ref_descent = u8g2->font_info.descent_g;
 3066              		.loc 1 935 42 is_stmt 0 view .LVU940
 3067 0004 90F97520 		ldrsb	r2, [r0, #117]
 935:BSP/u8g2/u8g2_font.c ****   u8g2->font_ref_descent = u8g2->font_info.descent_g;
 3068              		.loc 1 935 25 view .LVU941
 3069 0008 80F88220 		strb	r2, [r0, #130]
 936:BSP/u8g2/u8g2_font.c ****   if ( u8g2->font_height_mode == U8G2_FONT_HEIGHT_MODE_TEXT )
 3070              		.loc 1 936 3 is_stmt 1 view .LVU942
 936:BSP/u8g2/u8g2_font.c ****   if ( u8g2->font_height_mode == U8G2_FONT_HEIGHT_MODE_TEXT )
 3071              		.loc 1 936 43 is_stmt 0 view .LVU943
 3072 000c 90F97630 		ldrsb	r3, [r0, #118]
 936:BSP/u8g2/u8g2_font.c ****   if ( u8g2->font_height_mode == U8G2_FONT_HEIGHT_MODE_TEXT )
 3073              		.loc 1 936 26 view .LVU944
 3074 0010 80F88330 		strb	r3, [r0, #131]
 937:BSP/u8g2/u8g2_font.c ****   {
 3075              		.loc 1 937 3 is_stmt 1 view .LVU945
 937:BSP/u8g2/u8g2_font.c ****   {
 3076              		.loc 1 937 12 is_stmt 0 view .LVU946
 3077 0014 90F88110 		ldrb	r1, [r0, #129]	@ zero_extendqisi2
 937:BSP/u8g2/u8g2_font.c ****   {
 3078              		.loc 1 937 6 view .LVU947
 3079 0018 19B3     		cbz	r1, .L164
 940:BSP/u8g2/u8g2_font.c ****   {
 3080              		.loc 1 940 8 is_stmt 1 view .LVU948
 940:BSP/u8g2/u8g2_font.c ****   {
 3081              		.loc 1 940 11 is_stmt 0 view .LVU949
 3082 001a 0129     		cmp	r1, #1
 3083 001c 14D0     		beq	.L166
 932:BSP/u8g2/u8g2_font.c ****   if ( u8g2->font == NULL )
 3084              		.loc 1 932 1 view .LVU950
 3085 001e 00B5     		push	{lr}
 3086              	.LCFI33:
 3087              		.cfi_def_cfa_offset 4
 3088              		.cfi_offset 14, -4
 949:BSP/u8g2/u8g2_font.c ****       u8g2->font_ref_ascent = u8g2->font_info.max_char_height+u8g2->font_info.y_offset;
 3089              		.loc 1 949 5 is_stmt 1 view .LVU951
 949:BSP/u8g2/u8g2_font.c ****       u8g2->font_ref_ascent = u8g2->font_info.max_char_height+u8g2->font_info.y_offset;
 3090              		.loc 1 949 49 is_stmt 0 view .LVU952
 3091 0020 90F97210 		ldrsb	r1, [r0, #114]
 949:BSP/u8g2/u8g2_font.c ****       u8g2->font_ref_ascent = u8g2->font_info.max_char_height+u8g2->font_info.y_offset;
 3092              		.loc 1 949 81 view .LVU953
 3093 0024 90F974C0 		ldrsb	ip, [r0, #116]
 949:BSP/u8g2/u8g2_font.c ****       u8g2->font_ref_ascent = u8g2->font_info.max_char_height+u8g2->font_info.y_offset;
 3094              		.loc 1 949 65 view .LVU954
 3095 0028 01EB0C0E 		add	lr, r1, ip
 949:BSP/u8g2/u8g2_font.c ****       u8g2->font_ref_ascent = u8g2->font_info.max_char_height+u8g2->font_info.y_offset;
 3096              		.loc 1 949 8 view .LVU955
 3097 002c 7245     		cmp	r2, lr
 3098 002e 05DA     		bge	.L162
 950:BSP/u8g2/u8g2_font.c ****     if ( u8g2->font_ref_descent > u8g2->font_info.y_offset )
 3099              		.loc 1 950 7 is_stmt 1 view .LVU956
 950:BSP/u8g2/u8g2_font.c ****     if ( u8g2->font_ref_descent > u8g2->font_info.y_offset )
 3100              		.loc 1 950 46 is_stmt 0 view .LVU957
ARM GAS  /tmp/cc5sAzkx.s 			page 89


 3101 0030 C9B2     		uxtb	r1, r1
 950:BSP/u8g2/u8g2_font.c ****     if ( u8g2->font_ref_descent > u8g2->font_info.y_offset )
 3102              		.loc 1 950 78 view .LVU958
 3103 0032 5FFA8CF2 		uxtb	r2, ip
 950:BSP/u8g2/u8g2_font.c ****     if ( u8g2->font_ref_descent > u8g2->font_info.y_offset )
 3104              		.loc 1 950 62 view .LVU959
 3105 0036 1144     		add	r1, r1, r2
 950:BSP/u8g2/u8g2_font.c ****     if ( u8g2->font_ref_descent > u8g2->font_info.y_offset )
 3106              		.loc 1 950 29 view .LVU960
 3107 0038 80F88210 		strb	r1, [r0, #130]
 3108              	.L162:
 951:BSP/u8g2/u8g2_font.c ****       u8g2->font_ref_descent = u8g2->font_info.y_offset;
 3109              		.loc 1 951 5 is_stmt 1 view .LVU961
 951:BSP/u8g2/u8g2_font.c ****       u8g2->font_ref_descent = u8g2->font_info.y_offset;
 3110              		.loc 1 951 8 is_stmt 0 view .LVU962
 3111 003c 6345     		cmp	r3, ip
 3112 003e 01DD     		ble	.L158
 952:BSP/u8g2/u8g2_font.c ****   }  
 3113              		.loc 1 952 7 is_stmt 1 view .LVU963
 952:BSP/u8g2/u8g2_font.c ****   }  
 3114              		.loc 1 952 30 is_stmt 0 view .LVU964
 3115 0040 80F883C0 		strb	ip, [r0, #131]
 3116              	.L158:
 954:BSP/u8g2/u8g2_font.c **** 
 3117              		.loc 1 954 1 view .LVU965
 3118 0044 5DF804FB 		ldr	pc, [sp], #4
 3119              	.L166:
 3120              	.LCFI34:
 3121              		.cfi_def_cfa_offset 0
 3122              		.cfi_restore 14
 942:BSP/u8g2/u8g2_font.c ****       u8g2->font_ref_ascent = u8g2->font_info.ascent_para;
 3123              		.loc 1 942 5 is_stmt 1 view .LVU966
 942:BSP/u8g2/u8g2_font.c ****       u8g2->font_ref_ascent = u8g2->font_info.ascent_para;
 3124              		.loc 1 942 49 is_stmt 0 view .LVU967
 3125 0048 90F97710 		ldrsb	r1, [r0, #119]
 942:BSP/u8g2/u8g2_font.c ****       u8g2->font_ref_ascent = u8g2->font_info.ascent_para;
 3126              		.loc 1 942 8 view .LVU968
 3127 004c 8A42     		cmp	r2, r1
 3128 004e 01DA     		bge	.L161
 943:BSP/u8g2/u8g2_font.c ****     if ( u8g2->font_ref_descent > u8g2->font_info.descent_para )
 3129              		.loc 1 943 7 is_stmt 1 view .LVU969
 943:BSP/u8g2/u8g2_font.c ****     if ( u8g2->font_ref_descent > u8g2->font_info.descent_para )
 3130              		.loc 1 943 29 is_stmt 0 view .LVU970
 3131 0050 80F88210 		strb	r1, [r0, #130]
 3132              	.L161:
 944:BSP/u8g2/u8g2_font.c ****       u8g2->font_ref_descent = u8g2->font_info.descent_para;
 3133              		.loc 1 944 5 is_stmt 1 view .LVU971
 944:BSP/u8g2/u8g2_font.c ****       u8g2->font_ref_descent = u8g2->font_info.descent_para;
 3134              		.loc 1 944 50 is_stmt 0 view .LVU972
 3135 0054 90F97820 		ldrsb	r2, [r0, #120]
 944:BSP/u8g2/u8g2_font.c ****       u8g2->font_ref_descent = u8g2->font_info.descent_para;
 3136              		.loc 1 944 8 view .LVU973
 3137 0058 9342     		cmp	r3, r2
 3138 005a 02DD     		ble	.L164
 945:BSP/u8g2/u8g2_font.c ****   }
 3139              		.loc 1 945 7 is_stmt 1 view .LVU974
 945:BSP/u8g2/u8g2_font.c ****   }
ARM GAS  /tmp/cc5sAzkx.s 			page 90


 3140              		.loc 1 945 30 is_stmt 0 view .LVU975
 3141 005c 80F88320 		strb	r2, [r0, #131]
 3142 0060 7047     		bx	lr
 3143              	.L164:
 945:BSP/u8g2/u8g2_font.c ****   }
 3144              		.loc 1 945 30 view .LVU976
 3145 0062 7047     		bx	lr
 3146              		.cfi_endproc
 3147              	.LFE27:
 3149              		.section	.text.u8g2_SetFontRefHeightText,"ax",%progbits
 3150              		.align	1
 3151              		.global	u8g2_SetFontRefHeightText
 3152              		.syntax unified
 3153              		.thumb
 3154              		.thumb_func
 3156              	u8g2_SetFontRefHeightText:
 3157              	.LVL382:
 3158              	.LFB28:
 957:BSP/u8g2/u8g2_font.c ****   u8g2->font_height_mode = U8G2_FONT_HEIGHT_MODE_TEXT;
 3159              		.loc 1 957 1 is_stmt 1 view -0
 3160              		.cfi_startproc
 3161              		@ args = 0, pretend = 0, frame = 0
 3162              		@ frame_needed = 0, uses_anonymous_args = 0
 957:BSP/u8g2/u8g2_font.c ****   u8g2->font_height_mode = U8G2_FONT_HEIGHT_MODE_TEXT;
 3163              		.loc 1 957 1 is_stmt 0 view .LVU978
 3164 0000 08B5     		push	{r3, lr}
 3165              	.LCFI35:
 3166              		.cfi_def_cfa_offset 8
 3167              		.cfi_offset 3, -8
 3168              		.cfi_offset 14, -4
 958:BSP/u8g2/u8g2_font.c ****   u8g2_UpdateRefHeight(u8g2);
 3169              		.loc 1 958 3 is_stmt 1 view .LVU979
 958:BSP/u8g2/u8g2_font.c ****   u8g2_UpdateRefHeight(u8g2);
 3170              		.loc 1 958 26 is_stmt 0 view .LVU980
 3171 0002 0022     		movs	r2, #0
 3172 0004 80F88120 		strb	r2, [r0, #129]
 959:BSP/u8g2/u8g2_font.c **** }
 3173              		.loc 1 959 3 is_stmt 1 view .LVU981
 3174 0008 FFF7FEFF 		bl	u8g2_UpdateRefHeight
 3175              	.LVL383:
 960:BSP/u8g2/u8g2_font.c **** 
 3176              		.loc 1 960 1 is_stmt 0 view .LVU982
 3177 000c 08BD     		pop	{r3, pc}
 3178              		.cfi_endproc
 3179              	.LFE28:
 3181              		.section	.text.u8g2_SetFontRefHeightExtendedText,"ax",%progbits
 3182              		.align	1
 3183              		.global	u8g2_SetFontRefHeightExtendedText
 3184              		.syntax unified
 3185              		.thumb
 3186              		.thumb_func
 3188              	u8g2_SetFontRefHeightExtendedText:
 3189              	.LVL384:
 3190              	.LFB29:
 963:BSP/u8g2/u8g2_font.c ****   u8g2->font_height_mode = U8G2_FONT_HEIGHT_MODE_XTEXT;
 3191              		.loc 1 963 1 is_stmt 1 view -0
 3192              		.cfi_startproc
ARM GAS  /tmp/cc5sAzkx.s 			page 91


 3193              		@ args = 0, pretend = 0, frame = 0
 3194              		@ frame_needed = 0, uses_anonymous_args = 0
 963:BSP/u8g2/u8g2_font.c ****   u8g2->font_height_mode = U8G2_FONT_HEIGHT_MODE_XTEXT;
 3195              		.loc 1 963 1 is_stmt 0 view .LVU984
 3196 0000 08B5     		push	{r3, lr}
 3197              	.LCFI36:
 3198              		.cfi_def_cfa_offset 8
 3199              		.cfi_offset 3, -8
 3200              		.cfi_offset 14, -4
 964:BSP/u8g2/u8g2_font.c ****   u8g2_UpdateRefHeight(u8g2);
 3201              		.loc 1 964 3 is_stmt 1 view .LVU985
 964:BSP/u8g2/u8g2_font.c ****   u8g2_UpdateRefHeight(u8g2);
 3202              		.loc 1 964 26 is_stmt 0 view .LVU986
 3203 0002 0123     		movs	r3, #1
 3204 0004 80F88130 		strb	r3, [r0, #129]
 965:BSP/u8g2/u8g2_font.c **** }
 3205              		.loc 1 965 3 is_stmt 1 view .LVU987
 3206 0008 FFF7FEFF 		bl	u8g2_UpdateRefHeight
 3207              	.LVL385:
 966:BSP/u8g2/u8g2_font.c **** 
 3208              		.loc 1 966 1 is_stmt 0 view .LVU988
 3209 000c 08BD     		pop	{r3, pc}
 3210              		.cfi_endproc
 3211              	.LFE29:
 3213              		.section	.text.u8g2_SetFontRefHeightAll,"ax",%progbits
 3214              		.align	1
 3215              		.global	u8g2_SetFontRefHeightAll
 3216              		.syntax unified
 3217              		.thumb
 3218              		.thumb_func
 3220              	u8g2_SetFontRefHeightAll:
 3221              	.LVL386:
 3222              	.LFB30:
 969:BSP/u8g2/u8g2_font.c ****   u8g2->font_height_mode = U8G2_FONT_HEIGHT_MODE_ALL;
 3223              		.loc 1 969 1 is_stmt 1 view -0
 3224              		.cfi_startproc
 3225              		@ args = 0, pretend = 0, frame = 0
 3226              		@ frame_needed = 0, uses_anonymous_args = 0
 969:BSP/u8g2/u8g2_font.c ****   u8g2->font_height_mode = U8G2_FONT_HEIGHT_MODE_ALL;
 3227              		.loc 1 969 1 is_stmt 0 view .LVU990
 3228 0000 08B5     		push	{r3, lr}
 3229              	.LCFI37:
 3230              		.cfi_def_cfa_offset 8
 3231              		.cfi_offset 3, -8
 3232              		.cfi_offset 14, -4
 970:BSP/u8g2/u8g2_font.c ****   u8g2_UpdateRefHeight(u8g2);
 3233              		.loc 1 970 3 is_stmt 1 view .LVU991
 970:BSP/u8g2/u8g2_font.c ****   u8g2_UpdateRefHeight(u8g2);
 3234              		.loc 1 970 26 is_stmt 0 view .LVU992
 3235 0002 0223     		movs	r3, #2
 3236 0004 80F88130 		strb	r3, [r0, #129]
 971:BSP/u8g2/u8g2_font.c **** }
 3237              		.loc 1 971 3 is_stmt 1 view .LVU993
 3238 0008 FFF7FEFF 		bl	u8g2_UpdateRefHeight
 3239              	.LVL387:
 972:BSP/u8g2/u8g2_font.c **** 
 3240              		.loc 1 972 1 is_stmt 0 view .LVU994
ARM GAS  /tmp/cc5sAzkx.s 			page 92


 3241 000c 08BD     		pop	{r3, pc}
 3242              		.cfi_endproc
 3243              	.LFE30:
 3245              		.section	.text.u8g2_SetFontPosBaseline,"ax",%progbits
 3246              		.align	1
 3247              		.global	u8g2_SetFontPosBaseline
 3248              		.syntax unified
 3249              		.thumb
 3250              		.thumb_func
 3252              	u8g2_SetFontPosBaseline:
 3253              	.LVL388:
 3254              	.LFB32:
 983:BSP/u8g2/u8g2_font.c ****   u8g2->font_calc_vref = u8g2_font_calc_vref_font;
 3255              		.loc 1 983 1 is_stmt 1 view -0
 3256              		.cfi_startproc
 3257              		@ args = 0, pretend = 0, frame = 0
 3258              		@ frame_needed = 0, uses_anonymous_args = 0
 3259              		@ link register save eliminated.
 984:BSP/u8g2/u8g2_font.c **** }
 3260              		.loc 1 984 3 view .LVU996
 984:BSP/u8g2/u8g2_font.c **** }
 3261              		.loc 1 984 24 is_stmt 0 view .LVU997
 3262 0000 014B     		ldr	r3, .L174
 3263 0002 4365     		str	r3, [r0, #84]
 985:BSP/u8g2/u8g2_font.c **** 
 3264              		.loc 1 985 1 view .LVU998
 3265 0004 7047     		bx	lr
 3266              	.L175:
 3267 0006 00BF     		.align	2
 3268              	.L174:
 3269 0008 00000000 		.word	u8g2_font_calc_vref_font
 3270              		.cfi_endproc
 3271              	.LFE32:
 3273              		.section	.text.u8g2_SetFontPosBottom,"ax",%progbits
 3274              		.align	1
 3275              		.global	u8g2_SetFontPosBottom
 3276              		.syntax unified
 3277              		.thumb
 3278              		.thumb_func
 3280              	u8g2_SetFontPosBottom:
 3281              	.LVL389:
 3282              	.LFB34:
 994:BSP/u8g2/u8g2_font.c ****   u8g2->font_calc_vref = u8g2_font_calc_vref_bottom;
 3283              		.loc 1 994 1 is_stmt 1 view -0
 3284              		.cfi_startproc
 3285              		@ args = 0, pretend = 0, frame = 0
 3286              		@ frame_needed = 0, uses_anonymous_args = 0
 3287              		@ link register save eliminated.
 995:BSP/u8g2/u8g2_font.c **** }
 3288              		.loc 1 995 3 view .LVU1000
 995:BSP/u8g2/u8g2_font.c **** }
 3289              		.loc 1 995 24 is_stmt 0 view .LVU1001
 3290 0000 014B     		ldr	r3, .L177
 3291 0002 4365     		str	r3, [r0, #84]
 996:BSP/u8g2/u8g2_font.c **** 
 3292              		.loc 1 996 1 view .LVU1002
 3293 0004 7047     		bx	lr
ARM GAS  /tmp/cc5sAzkx.s 			page 93


 3294              	.L178:
 3295 0006 00BF     		.align	2
 3296              	.L177:
 3297 0008 00000000 		.word	u8g2_font_calc_vref_bottom
 3298              		.cfi_endproc
 3299              	.LFE34:
 3301              		.section	.text.u8g2_SetFontPosTop,"ax",%progbits
 3302              		.align	1
 3303              		.global	u8g2_SetFontPosTop
 3304              		.syntax unified
 3305              		.thumb
 3306              		.thumb_func
 3308              	u8g2_SetFontPosTop:
 3309              	.LVL390:
 3310              	.LFB36:
1008:BSP/u8g2/u8g2_font.c ****   u8g2->font_calc_vref = u8g2_font_calc_vref_top;
 3311              		.loc 1 1008 1 is_stmt 1 view -0
 3312              		.cfi_startproc
 3313              		@ args = 0, pretend = 0, frame = 0
 3314              		@ frame_needed = 0, uses_anonymous_args = 0
 3315              		@ link register save eliminated.
1009:BSP/u8g2/u8g2_font.c **** }
 3316              		.loc 1 1009 3 view .LVU1004
1009:BSP/u8g2/u8g2_font.c **** }
 3317              		.loc 1 1009 24 is_stmt 0 view .LVU1005
 3318 0000 014B     		ldr	r3, .L180
 3319 0002 4365     		str	r3, [r0, #84]
1010:BSP/u8g2/u8g2_font.c **** 
 3320              		.loc 1 1010 1 view .LVU1006
 3321 0004 7047     		bx	lr
 3322              	.L181:
 3323 0006 00BF     		.align	2
 3324              	.L180:
 3325 0008 00000000 		.word	u8g2_font_calc_vref_top
 3326              		.cfi_endproc
 3327              	.LFE36:
 3329              		.section	.text.u8g2_SetFontPosCenter,"ax",%progbits
 3330              		.align	1
 3331              		.global	u8g2_SetFontPosCenter
 3332              		.syntax unified
 3333              		.thumb
 3334              		.thumb_func
 3336              	u8g2_SetFontPosCenter:
 3337              	.LVL391:
 3338              	.LFB38:
1023:BSP/u8g2/u8g2_font.c ****   u8g2->font_calc_vref = u8g2_font_calc_vref_center;
 3339              		.loc 1 1023 1 is_stmt 1 view -0
 3340              		.cfi_startproc
 3341              		@ args = 0, pretend = 0, frame = 0
 3342              		@ frame_needed = 0, uses_anonymous_args = 0
 3343              		@ link register save eliminated.
1024:BSP/u8g2/u8g2_font.c **** }
 3344              		.loc 1 1024 3 view .LVU1008
1024:BSP/u8g2/u8g2_font.c **** }
 3345              		.loc 1 1024 24 is_stmt 0 view .LVU1009
 3346 0000 014B     		ldr	r3, .L183
 3347 0002 4365     		str	r3, [r0, #84]
ARM GAS  /tmp/cc5sAzkx.s 			page 94


1025:BSP/u8g2/u8g2_font.c **** 
 3348              		.loc 1 1025 1 view .LVU1010
 3349 0004 7047     		bx	lr
 3350              	.L184:
 3351 0006 00BF     		.align	2
 3352              	.L183:
 3353 0008 00000000 		.word	u8g2_font_calc_vref_center
 3354              		.cfi_endproc
 3355              	.LFE38:
 3357              		.section	.text.u8g2_SetFont,"ax",%progbits
 3358              		.align	1
 3359              		.global	u8g2_SetFont
 3360              		.syntax unified
 3361              		.thumb
 3362              		.thumb_func
 3364              	u8g2_SetFont:
 3365              	.LVL392:
 3366              	.LFB39:
1030:BSP/u8g2/u8g2_font.c ****   if ( u8g2->font != font )
 3367              		.loc 1 1030 1 is_stmt 1 view -0
 3368              		.cfi_startproc
 3369              		@ args = 0, pretend = 0, frame = 0
 3370              		@ frame_needed = 0, uses_anonymous_args = 0
1031:BSP/u8g2/u8g2_font.c ****   {
 3371              		.loc 1 1031 3 view .LVU1012
1031:BSP/u8g2/u8g2_font.c ****   {
 3372              		.loc 1 1031 12 is_stmt 0 view .LVU1013
 3373 0000 036D     		ldr	r3, [r0, #80]
1031:BSP/u8g2/u8g2_font.c ****   {
 3374              		.loc 1 1031 6 view .LVU1014
 3375 0002 8B42     		cmp	r3, r1
 3376 0004 09D0     		beq	.L188
1030:BSP/u8g2/u8g2_font.c ****   if ( u8g2->font != font )
 3377              		.loc 1 1030 1 view .LVU1015
 3378 0006 10B5     		push	{r4, lr}
 3379              	.LCFI38:
 3380              		.cfi_def_cfa_offset 8
 3381              		.cfi_offset 4, -8
 3382              		.cfi_offset 14, -4
 3383 0008 0446     		mov	r4, r0
1037:BSP/u8g2/u8g2_font.c ****     u8g2_read_font_info(&(u8g2->font_info), font);
 3384              		.loc 1 1037 5 is_stmt 1 view .LVU1016
1037:BSP/u8g2/u8g2_font.c ****     u8g2_read_font_info(&(u8g2->font_info), font);
 3385              		.loc 1 1037 16 is_stmt 0 view .LVU1017
 3386 000a 0165     		str	r1, [r0, #80]
1038:BSP/u8g2/u8g2_font.c ****     u8g2_UpdateRefHeight(u8g2);
 3387              		.loc 1 1038 5 is_stmt 1 view .LVU1018
 3388 000c 6830     		adds	r0, r0, #104
 3389              	.LVL393:
1038:BSP/u8g2/u8g2_font.c ****     u8g2_UpdateRefHeight(u8g2);
 3390              		.loc 1 1038 5 is_stmt 0 view .LVU1019
 3391 000e FFF7FEFF 		bl	u8g2_read_font_info
 3392              	.LVL394:
1039:BSP/u8g2/u8g2_font.c ****     /* u8g2_SetFontPosBaseline(u8g2); */ /* removed with issue 195 */
 3393              		.loc 1 1039 5 is_stmt 1 view .LVU1020
 3394 0012 2046     		mov	r0, r4
 3395 0014 FFF7FEFF 		bl	u8g2_UpdateRefHeight
ARM GAS  /tmp/cc5sAzkx.s 			page 95


 3396              	.LVL395:
1042:BSP/u8g2/u8g2_font.c **** 
 3397              		.loc 1 1042 1 is_stmt 0 view .LVU1021
 3398 0018 10BD     		pop	{r4, pc}
 3399              	.LVL396:
 3400              	.L188:
 3401              	.LCFI39:
 3402              		.cfi_def_cfa_offset 0
 3403              		.cfi_restore 4
 3404              		.cfi_restore 14
1042:BSP/u8g2/u8g2_font.c **** 
 3405              		.loc 1 1042 1 view .LVU1022
 3406 001a 7047     		bx	lr
 3407              		.cfi_endproc
 3408              	.LFE39:
 3410              		.section	.text.u8g2_IsAllValidUTF8,"ax",%progbits
 3411              		.align	1
 3412              		.global	u8g2_IsAllValidUTF8
 3413              		.syntax unified
 3414              		.thumb
 3415              		.thumb_func
 3417              	u8g2_IsAllValidUTF8:
 3418              	.LVL397:
 3419              	.LFB41:
1067:BSP/u8g2/u8g2_font.c ****   u8g2->u8x8.next_cb = u8x8_utf8_next;
 3420              		.loc 1 1067 1 is_stmt 1 view -0
 3421              		.cfi_startproc
 3422              		@ args = 0, pretend = 0, frame = 0
 3423              		@ frame_needed = 0, uses_anonymous_args = 0
1067:BSP/u8g2/u8g2_font.c ****   u8g2->u8x8.next_cb = u8x8_utf8_next;
 3424              		.loc 1 1067 1 is_stmt 0 view .LVU1024
 3425 0000 08B5     		push	{r3, lr}
 3426              	.LCFI40:
 3427              		.cfi_def_cfa_offset 8
 3428              		.cfi_offset 3, -8
 3429              		.cfi_offset 14, -4
1068:BSP/u8g2/u8g2_font.c ****   return u8g2_is_all_valid(u8g2, str);
 3430              		.loc 1 1068 3 is_stmt 1 view .LVU1025
1068:BSP/u8g2/u8g2_font.c ****   return u8g2_is_all_valid(u8g2, str);
 3431              		.loc 1 1068 22 is_stmt 0 view .LVU1026
 3432 0002 024B     		ldr	r3, .L193
 3433 0004 4360     		str	r3, [r0, #4]
1069:BSP/u8g2/u8g2_font.c **** }
 3434              		.loc 1 1069 3 is_stmt 1 view .LVU1027
1069:BSP/u8g2/u8g2_font.c **** }
 3435              		.loc 1 1069 10 is_stmt 0 view .LVU1028
 3436 0006 FFF7FEFF 		bl	u8g2_is_all_valid
 3437              	.LVL398:
1070:BSP/u8g2/u8g2_font.c **** 
 3438              		.loc 1 1070 1 view .LVU1029
 3439 000a 08BD     		pop	{r3, pc}
 3440              	.L194:
 3441              		.align	2
 3442              	.L193:
 3443 000c 00000000 		.word	u8x8_utf8_next
 3444              		.cfi_endproc
 3445              	.LFE41:
ARM GAS  /tmp/cc5sAzkx.s 			page 96


 3447              		.section	.text.u8g2_GetStrX,"ax",%progbits
 3448              		.align	1
 3449              		.global	u8g2_GetStrX
 3450              		.syntax unified
 3451              		.thumb
 3452              		.thumb_func
 3454              	u8g2_GetStrX:
 3455              	.LVL399:
 3456              	.LFB44:
1130:BSP/u8g2/u8g2_font.c ****   uint8_t w;
 3457              		.loc 1 1130 1 is_stmt 1 view -0
 3458              		.cfi_startproc
 3459              		@ args = 0, pretend = 0, frame = 8
 3460              		@ frame_needed = 0, uses_anonymous_args = 0
1130:BSP/u8g2/u8g2_font.c ****   uint8_t w;
 3461              		.loc 1 1130 1 is_stmt 0 view .LVU1031
 3462 0000 00B5     		push	{lr}
 3463              	.LCFI41:
 3464              		.cfi_def_cfa_offset 4
 3465              		.cfi_offset 14, -4
 3466 0002 85B0     		sub	sp, sp, #20
 3467              	.LCFI42:
 3468              		.cfi_def_cfa_offset 24
1131:BSP/u8g2/u8g2_font.c ****   int8_t ox, dx;
 3469              		.loc 1 1131 3 is_stmt 1 view .LVU1032
1132:BSP/u8g2/u8g2_font.c ****   u8g2_GetGlyphHorizontalProperties(u8g2, *s, &w, &ox, &dx);
 3470              		.loc 1 1132 3 view .LVU1033
1133:BSP/u8g2/u8g2_font.c ****   return ox;
 3471              		.loc 1 1133 3 view .LVU1034
1133:BSP/u8g2/u8g2_font.c ****   return ox;
 3472              		.loc 1 1133 43 is_stmt 0 view .LVU1035
 3473 0004 0978     		ldrb	r1, [r1]	@ zero_extendqisi2
 3474              	.LVL400:
1133:BSP/u8g2/u8g2_font.c ****   return ox;
 3475              		.loc 1 1133 3 view .LVU1036
 3476 0006 0DF10D03 		add	r3, sp, #13
 3477 000a 0093     		str	r3, [sp]
 3478 000c 0DF10E03 		add	r3, sp, #14
 3479 0010 0DF10F02 		add	r2, sp, #15
 3480 0014 FFF7FEFF 		bl	u8g2_GetGlyphHorizontalProperties
 3481              	.LVL401:
1134:BSP/u8g2/u8g2_font.c **** }
 3482              		.loc 1 1134 3 is_stmt 1 view .LVU1037
1135:BSP/u8g2/u8g2_font.c **** 
 3483              		.loc 1 1135 1 is_stmt 0 view .LVU1038
 3484 0018 9DF90E00 		ldrsb	r0, [sp, #14]
 3485 001c 05B0     		add	sp, sp, #20
 3486              	.LCFI43:
 3487              		.cfi_def_cfa_offset 4
 3488              		@ sp needed
 3489 001e 5DF804FB 		ldr	pc, [sp], #4
 3490              		.cfi_endproc
 3491              	.LFE44:
 3493              		.section	.text.u8g2_GetStrWidth,"ax",%progbits
 3494              		.align	1
 3495              		.global	u8g2_GetStrWidth
 3496              		.syntax unified
ARM GAS  /tmp/cc5sAzkx.s 			page 97


 3497              		.thumb
 3498              		.thumb_func
 3500              	u8g2_GetStrWidth:
 3501              	.LVL402:
 3502              	.LFB46:
1207:BSP/u8g2/u8g2_font.c **** 
1208:BSP/u8g2/u8g2_font.c **** 
1209:BSP/u8g2/u8g2_font.c **** 
1210:BSP/u8g2/u8g2_font.c **** 
1211:BSP/u8g2/u8g2_font.c **** 
1212:BSP/u8g2/u8g2_font.c **** u8g2_uint_t u8g2_GetStrWidth(u8g2_t *u8g2, const char *s)
1213:BSP/u8g2/u8g2_font.c **** {
 3503              		.loc 1 1213 1 is_stmt 1 view -0
 3504              		.cfi_startproc
 3505              		@ args = 0, pretend = 0, frame = 0
 3506              		@ frame_needed = 0, uses_anonymous_args = 0
 3507              		.loc 1 1213 1 is_stmt 0 view .LVU1040
 3508 0000 08B5     		push	{r3, lr}
 3509              	.LCFI44:
 3510              		.cfi_def_cfa_offset 8
 3511              		.cfi_offset 3, -8
 3512              		.cfi_offset 14, -4
1214:BSP/u8g2/u8g2_font.c ****   u8g2->u8x8.next_cb = u8x8_ascii_next;
 3513              		.loc 1 1214 3 is_stmt 1 view .LVU1041
 3514              		.loc 1 1214 22 is_stmt 0 view .LVU1042
 3515 0002 024B     		ldr	r3, .L199
 3516 0004 4360     		str	r3, [r0, #4]
1215:BSP/u8g2/u8g2_font.c ****   return u8g2_string_width(u8g2, s);
 3517              		.loc 1 1215 3 is_stmt 1 view .LVU1043
 3518              		.loc 1 1215 10 is_stmt 0 view .LVU1044
 3519 0006 FFF7FEFF 		bl	u8g2_string_width
 3520              	.LVL403:
1216:BSP/u8g2/u8g2_font.c **** }
 3521              		.loc 1 1216 1 view .LVU1045
 3522 000a 08BD     		pop	{r3, pc}
 3523              	.L200:
 3524              		.align	2
 3525              	.L199:
 3526 000c 00000000 		.word	u8x8_ascii_next
 3527              		.cfi_endproc
 3528              	.LFE46:
 3530              		.section	.text.u8g2_GetExactStrWidth,"ax",%progbits
 3531              		.align	1
 3532              		.global	u8g2_GetExactStrWidth
 3533              		.syntax unified
 3534              		.thumb
 3535              		.thumb_func
 3537              	u8g2_GetExactStrWidth:
 3538              	.LVL404:
 3539              	.LFB47:
1217:BSP/u8g2/u8g2_font.c **** 
1218:BSP/u8g2/u8g2_font.c **** u8g2_uint_t u8g2_GetExactStrWidth(u8g2_t *u8g2, const char *s)
1219:BSP/u8g2/u8g2_font.c **** {
 3540              		.loc 1 1219 1 is_stmt 1 view -0
 3541              		.cfi_startproc
 3542              		@ args = 0, pretend = 0, frame = 0
 3543              		@ frame_needed = 0, uses_anonymous_args = 0
ARM GAS  /tmp/cc5sAzkx.s 			page 98


 3544              		.loc 1 1219 1 is_stmt 0 view .LVU1047
 3545 0000 08B5     		push	{r3, lr}
 3546              	.LCFI45:
 3547              		.cfi_def_cfa_offset 8
 3548              		.cfi_offset 3, -8
 3549              		.cfi_offset 14, -4
1220:BSP/u8g2/u8g2_font.c ****   u8g2->u8x8.next_cb = u8x8_ascii_next;
 3550              		.loc 1 1220 3 is_stmt 1 view .LVU1048
 3551              		.loc 1 1220 22 is_stmt 0 view .LVU1049
 3552 0002 024B     		ldr	r3, .L203
 3553 0004 4360     		str	r3, [r0, #4]
1221:BSP/u8g2/u8g2_font.c ****   return u8g2_calculate_exact_string_width(u8g2, s);
 3554              		.loc 1 1221 3 is_stmt 1 view .LVU1050
 3555              		.loc 1 1221 10 is_stmt 0 view .LVU1051
 3556 0006 FFF7FEFF 		bl	u8g2_calculate_exact_string_width
 3557              	.LVL405:
1222:BSP/u8g2/u8g2_font.c **** }
 3558              		.loc 1 1222 1 view .LVU1052
 3559 000a 08BD     		pop	{r3, pc}
 3560              	.L204:
 3561              		.align	2
 3562              	.L203:
 3563 000c 00000000 		.word	u8x8_ascii_next
 3564              		.cfi_endproc
 3565              	.LFE47:
 3567              		.section	.text.u8g2_GetUTF8Width,"ax",%progbits
 3568              		.align	1
 3569              		.global	u8g2_GetUTF8Width
 3570              		.syntax unified
 3571              		.thumb
 3572              		.thumb_func
 3574              	u8g2_GetUTF8Width:
 3575              	.LVL406:
 3576              	.LFB48:
1223:BSP/u8g2/u8g2_font.c **** 
1224:BSP/u8g2/u8g2_font.c **** /*
1225:BSP/u8g2/u8g2_font.c **** source: https://en.wikipedia.org/wiki/UTF-8
1226:BSP/u8g2/u8g2_font.c **** Bits	from 		to			bytes	Byte 1 		Byte 2 		Byte 3 		Byte 4 		Byte 5 		Byte 6
1227:BSP/u8g2/u8g2_font.c ****   7 	U+0000 		U+007F 		1 		0xxxxxxx
1228:BSP/u8g2/u8g2_font.c **** 11 	U+0080 		U+07FF 		2 		110xxxxx 	10xxxxxx
1229:BSP/u8g2/u8g2_font.c **** 16 	U+0800 		U+FFFF 		3 		1110xxxx 	10xxxxxx 	10xxxxxx
1230:BSP/u8g2/u8g2_font.c **** 21 	U+10000 	U+1FFFFF 	4 		11110xxx 	10xxxxxx 	10xxxxxx 	10xxxxxx
1231:BSP/u8g2/u8g2_font.c **** 26 	U+200000 	U+3FFFFFF 	5 		111110xx 	10xxxxxx 	10xxxxxx 	10xxxxxx 	10xxxxxx
1232:BSP/u8g2/u8g2_font.c **** 31 	U+4000000 	U+7FFFFFFF 	6 		1111110x 	10xxxxxx 	10xxxxxx 	10xxxxxx 	10xxxxxx 	10xxxxxx  
1233:BSP/u8g2/u8g2_font.c **** */
1234:BSP/u8g2/u8g2_font.c **** u8g2_uint_t u8g2_GetUTF8Width(u8g2_t *u8g2, const char *str)
1235:BSP/u8g2/u8g2_font.c **** {
 3577              		.loc 1 1235 1 is_stmt 1 view -0
 3578              		.cfi_startproc
 3579              		@ args = 0, pretend = 0, frame = 0
 3580              		@ frame_needed = 0, uses_anonymous_args = 0
 3581              		.loc 1 1235 1 is_stmt 0 view .LVU1054
 3582 0000 08B5     		push	{r3, lr}
 3583              	.LCFI46:
 3584              		.cfi_def_cfa_offset 8
 3585              		.cfi_offset 3, -8
 3586              		.cfi_offset 14, -4
ARM GAS  /tmp/cc5sAzkx.s 			page 99


1236:BSP/u8g2/u8g2_font.c ****   u8g2->u8x8.next_cb = u8x8_utf8_next;
 3587              		.loc 1 1236 3 is_stmt 1 view .LVU1055
 3588              		.loc 1 1236 22 is_stmt 0 view .LVU1056
 3589 0002 024B     		ldr	r3, .L207
 3590 0004 4360     		str	r3, [r0, #4]
1237:BSP/u8g2/u8g2_font.c ****   return u8g2_string_width(u8g2, str);
 3591              		.loc 1 1237 3 is_stmt 1 view .LVU1057
 3592              		.loc 1 1237 10 is_stmt 0 view .LVU1058
 3593 0006 FFF7FEFF 		bl	u8g2_string_width
 3594              	.LVL407:
1238:BSP/u8g2/u8g2_font.c **** }
 3595              		.loc 1 1238 1 view .LVU1059
 3596 000a 08BD     		pop	{r3, pc}
 3597              	.L208:
 3598              		.align	2
 3599              	.L207:
 3600 000c 00000000 		.word	u8x8_utf8_next
 3601              		.cfi_endproc
 3602              	.LFE48:
 3604              		.section	.text.u8g2_SetFontDirection,"ax",%progbits
 3605              		.align	1
 3606              		.global	u8g2_SetFontDirection
 3607              		.syntax unified
 3608              		.thumb
 3609              		.thumb_func
 3611              	u8g2_SetFontDirection:
 3612              	.LVL408:
 3613              	.LFB49:
1239:BSP/u8g2/u8g2_font.c **** 
1240:BSP/u8g2/u8g2_font.c **** 
1241:BSP/u8g2/u8g2_font.c **** 
1242:BSP/u8g2/u8g2_font.c **** void u8g2_SetFontDirection(u8g2_t *u8g2, uint8_t dir)
1243:BSP/u8g2/u8g2_font.c **** {
 3614              		.loc 1 1243 1 is_stmt 1 view -0
 3615              		.cfi_startproc
 3616              		@ args = 0, pretend = 0, frame = 0
 3617              		@ frame_needed = 0, uses_anonymous_args = 0
 3618              		@ link register save eliminated.
1244:BSP/u8g2/u8g2_font.c **** #ifdef U8G2_WITH_FONT_ROTATION  
1245:BSP/u8g2/u8g2_font.c ****   u8g2->font_decode.dir = dir;
 3619              		.loc 1 1245 3 view .LVU1061
 3620              		.loc 1 1245 25 is_stmt 0 view .LVU1062
 3621 0000 80F86610 		strb	r1, [r0, #102]
1246:BSP/u8g2/u8g2_font.c **** #endif
1247:BSP/u8g2/u8g2_font.c **** }
 3622              		.loc 1 1247 1 view .LVU1063
 3623 0004 7047     		bx	lr
 3624              		.cfi_endproc
 3625              	.LFE49:
 3627              		.text
 3628              	.Letext0:
 3629              		.file 2 "/usr/lib/gcc/arm-none-eabi/13.2.1/include/stdint.h"
 3630              		.file 3 "/usr/lib/gcc/arm-none-eabi/13.2.1/include/stddef.h"
 3631              		.file 4 "BSP/u8g2/u8x8.h"
 3632              		.file 5 "BSP/u8g2/u8g2.h"
ARM GAS  /tmp/cc5sAzkx.s 			page 100


DEFINED SYMBOLS
                            *ABS*:00000000 u8g2_font.c
     /tmp/cc5sAzkx.s:19     .text.u8g2_font_get_byte:00000000 $t
     /tmp/cc5sAzkx.s:24     .text.u8g2_font_get_byte:00000000 u8g2_font_get_byte
     /tmp/cc5sAzkx.s:43     .text.u8g2_font_get_word:00000000 $t
     /tmp/cc5sAzkx.s:48     .text.u8g2_font_get_word:00000000 u8g2_font_get_word
     /tmp/cc5sAzkx.s:82     .text.u8g2_add_vector_y:00000000 $t
     /tmp/cc5sAzkx.s:87     .text.u8g2_add_vector_y:00000000 u8g2_add_vector_y
     /tmp/cc5sAzkx.s:146    .text.u8g2_add_vector_x:00000000 $t
     /tmp/cc5sAzkx.s:151    .text.u8g2_add_vector_x:00000000 u8g2_add_vector_x
     /tmp/cc5sAzkx.s:210    .text.u8g2_font_calc_vref_font:00000000 $t
     /tmp/cc5sAzkx.s:216    .text.u8g2_font_calc_vref_font:00000000 u8g2_font_calc_vref_font
     /tmp/cc5sAzkx.s:234    .text.u8g2_font_calc_vref_bottom:00000000 $t
     /tmp/cc5sAzkx.s:240    .text.u8g2_font_calc_vref_bottom:00000000 u8g2_font_calc_vref_bottom
     /tmp/cc5sAzkx.s:259    .text.u8g2_font_calc_vref_top:00000000 $t
     /tmp/cc5sAzkx.s:265    .text.u8g2_font_calc_vref_top:00000000 u8g2_font_calc_vref_top
     /tmp/cc5sAzkx.s:294    .text.u8g2_font_calc_vref_center:00000000 $t
     /tmp/cc5sAzkx.s:300    .text.u8g2_font_calc_vref_center:00000000 u8g2_font_calc_vref_center
     /tmp/cc5sAzkx.s:341    .text.u8g2_read_font_info:00000000 $t
     /tmp/cc5sAzkx.s:347    .text.u8g2_read_font_info:00000000 u8g2_read_font_info
     /tmp/cc5sAzkx.s:535    .text.u8g2_GetFontSize:00000000 $t
     /tmp/cc5sAzkx.s:541    .text.u8g2_GetFontSize:00000000 u8g2_GetFontSize
     /tmp/cc5sAzkx.s:634    .text.u8g2_GetFontBBXWidth:00000000 $t
     /tmp/cc5sAzkx.s:640    .text.u8g2_GetFontBBXWidth:00000000 u8g2_GetFontBBXWidth
     /tmp/cc5sAzkx.s:658    .text.u8g2_GetFontBBXHeight:00000000 $t
     /tmp/cc5sAzkx.s:664    .text.u8g2_GetFontBBXHeight:00000000 u8g2_GetFontBBXHeight
     /tmp/cc5sAzkx.s:682    .text.u8g2_GetFontBBXOffX:00000000 $t
     /tmp/cc5sAzkx.s:688    .text.u8g2_GetFontBBXOffX:00000000 u8g2_GetFontBBXOffX
     /tmp/cc5sAzkx.s:706    .text.u8g2_GetFontBBXOffY:00000000 $t
     /tmp/cc5sAzkx.s:712    .text.u8g2_GetFontBBXOffY:00000000 u8g2_GetFontBBXOffY
     /tmp/cc5sAzkx.s:730    .text.u8g2_GetFontCapitalAHeight:00000000 $t
     /tmp/cc5sAzkx.s:736    .text.u8g2_GetFontCapitalAHeight:00000000 u8g2_GetFontCapitalAHeight
     /tmp/cc5sAzkx.s:754    .text.u8g2_font_decode_get_unsigned_bits:00000000 $t
     /tmp/cc5sAzkx.s:760    .text.u8g2_font_decode_get_unsigned_bits:00000000 u8g2_font_decode_get_unsigned_bits
     /tmp/cc5sAzkx.s:855    .text.u8g2_font_setup_decode:00000000 $t
     /tmp/cc5sAzkx.s:860    .text.u8g2_font_setup_decode:00000000 u8g2_font_setup_decode
     /tmp/cc5sAzkx.s:925    .text.u8g2_font_decode_get_signed_bits:00000000 $t
     /tmp/cc5sAzkx.s:931    .text.u8g2_font_decode_get_signed_bits:00000000 u8g2_font_decode_get_signed_bits
     /tmp/cc5sAzkx.s:977    .text.u8g2_font_decode_len:00000000 $t
     /tmp/cc5sAzkx.s:983    .text.u8g2_font_decode_len:00000000 u8g2_font_decode_len
     /tmp/cc5sAzkx.s:1173   .text.u8g2_font_decode_glyph:00000000 $t
     /tmp/cc5sAzkx.s:1179   .text.u8g2_font_decode_glyph:00000000 u8g2_font_decode_glyph
     /tmp/cc5sAzkx.s:1293   .text.u8g2_font_decode_glyph:00000088 $d
     /tmp/cc5sAzkx.s:1297   .text.u8g2_font_decode_glyph:0000008c $t
     /tmp/cc5sAzkx.s:1509   .text.u8g2_font_get_glyph_data:00000000 $t
     /tmp/cc5sAzkx.s:1515   .text.u8g2_font_get_glyph_data:00000000 u8g2_font_get_glyph_data
     /tmp/cc5sAzkx.s:1687   .text.u8g2_font_draw_glyph:00000000 $t
     /tmp/cc5sAzkx.s:1692   .text.u8g2_font_draw_glyph:00000000 u8g2_font_draw_glyph
     /tmp/cc5sAzkx.s:1750   .text.u8g2_is_all_valid:00000000 $t
     /tmp/cc5sAzkx.s:1755   .text.u8g2_is_all_valid:00000000 u8g2_is_all_valid
     /tmp/cc5sAzkx.s:1825   .text.u8g2_GetGlyphHorizontalProperties:00000000 $t
     /tmp/cc5sAzkx.s:1830   .text.u8g2_GetGlyphHorizontalProperties:00000000 u8g2_GetGlyphHorizontalProperties
     /tmp/cc5sAzkx.s:1900   .text.u8g2_calculate_exact_string_width:00000000 $t
     /tmp/cc5sAzkx.s:1905   .text.u8g2_calculate_exact_string_width:00000000 u8g2_calculate_exact_string_width
     /tmp/cc5sAzkx.s:2068   .text.u8g2_IsGlyph:00000000 $t
     /tmp/cc5sAzkx.s:2074   .text.u8g2_IsGlyph:00000000 u8g2_IsGlyph
     /tmp/cc5sAzkx.s:2102   .text.u8g2_GetGlyphWidth:00000000 $t
ARM GAS  /tmp/cc5sAzkx.s 			page 101


     /tmp/cc5sAzkx.s:2108   .text.u8g2_GetGlyphWidth:00000000 u8g2_GetGlyphWidth
     /tmp/cc5sAzkx.s:2172   .text.u8g2_string_width:00000000 $t
     /tmp/cc5sAzkx.s:2177   .text.u8g2_string_width:00000000 u8g2_string_width
     /tmp/cc5sAzkx.s:2294   .text.u8g2_SetFontMode:00000000 $t
     /tmp/cc5sAzkx.s:2300   .text.u8g2_SetFontMode:00000000 u8g2_SetFontMode
     /tmp/cc5sAzkx.s:2317   .text.u8g2_DrawGlyph:00000000 $t
     /tmp/cc5sAzkx.s:2323   .text.u8g2_DrawGlyph:00000000 u8g2_DrawGlyph
     /tmp/cc5sAzkx.s:2354   .text.u8g2_DrawGlyph:00000016 $d
     /tmp/cc5sAzkx.s:2358   .text.u8g2_DrawGlyph:0000001a $t
     /tmp/cc5sAzkx.s:2428   .text.u8g2_draw_string:00000000 $t
     /tmp/cc5sAzkx.s:2433   .text.u8g2_draw_string:00000000 u8g2_draw_string
     /tmp/cc5sAzkx.s:2525   .text.u8g2_draw_string:00000054 $d
     /tmp/cc5sAzkx.s:2529   .text.u8g2_draw_string:00000064 $t
     /tmp/cc5sAzkx.s:2573   .text.u8g2_DrawStr:00000000 $t
     /tmp/cc5sAzkx.s:2579   .text.u8g2_DrawStr:00000000 u8g2_DrawStr
     /tmp/cc5sAzkx.s:2605   .text.u8g2_DrawStr:0000000c $d
     /tmp/cc5sAzkx.s:2610   .text.u8g2_DrawUTF8:00000000 $t
     /tmp/cc5sAzkx.s:2616   .text.u8g2_DrawUTF8:00000000 u8g2_DrawUTF8
     /tmp/cc5sAzkx.s:2642   .text.u8g2_DrawUTF8:0000000c $d
     /tmp/cc5sAzkx.s:2647   .text.u8g2_DrawExtendedUTF8:00000000 $t
     /tmp/cc5sAzkx.s:2653   .text.u8g2_DrawExtendedUTF8:00000000 u8g2_DrawExtendedUTF8
     /tmp/cc5sAzkx.s:2847   .text.u8g2_DrawExtendedUTF8:000000b4 $d
     /tmp/cc5sAzkx.s:2852   .text.u8g2_DrawExtUTF8:00000000 $t
     /tmp/cc5sAzkx.s:2858   .text.u8g2_DrawExtUTF8:00000000 u8g2_DrawExtUTF8
     /tmp/cc5sAzkx.s:3042   .text.u8g2_DrawExtUTF8:000000b0 $d
     /tmp/cc5sAzkx.s:3047   .text.u8g2_UpdateRefHeight:00000000 $t
     /tmp/cc5sAzkx.s:3053   .text.u8g2_UpdateRefHeight:00000000 u8g2_UpdateRefHeight
     /tmp/cc5sAzkx.s:3150   .text.u8g2_SetFontRefHeightText:00000000 $t
     /tmp/cc5sAzkx.s:3156   .text.u8g2_SetFontRefHeightText:00000000 u8g2_SetFontRefHeightText
     /tmp/cc5sAzkx.s:3182   .text.u8g2_SetFontRefHeightExtendedText:00000000 $t
     /tmp/cc5sAzkx.s:3188   .text.u8g2_SetFontRefHeightExtendedText:00000000 u8g2_SetFontRefHeightExtendedText
     /tmp/cc5sAzkx.s:3214   .text.u8g2_SetFontRefHeightAll:00000000 $t
     /tmp/cc5sAzkx.s:3220   .text.u8g2_SetFontRefHeightAll:00000000 u8g2_SetFontRefHeightAll
     /tmp/cc5sAzkx.s:3246   .text.u8g2_SetFontPosBaseline:00000000 $t
     /tmp/cc5sAzkx.s:3252   .text.u8g2_SetFontPosBaseline:00000000 u8g2_SetFontPosBaseline
     /tmp/cc5sAzkx.s:3269   .text.u8g2_SetFontPosBaseline:00000008 $d
     /tmp/cc5sAzkx.s:3274   .text.u8g2_SetFontPosBottom:00000000 $t
     /tmp/cc5sAzkx.s:3280   .text.u8g2_SetFontPosBottom:00000000 u8g2_SetFontPosBottom
     /tmp/cc5sAzkx.s:3297   .text.u8g2_SetFontPosBottom:00000008 $d
     /tmp/cc5sAzkx.s:3302   .text.u8g2_SetFontPosTop:00000000 $t
     /tmp/cc5sAzkx.s:3308   .text.u8g2_SetFontPosTop:00000000 u8g2_SetFontPosTop
     /tmp/cc5sAzkx.s:3325   .text.u8g2_SetFontPosTop:00000008 $d
     /tmp/cc5sAzkx.s:3330   .text.u8g2_SetFontPosCenter:00000000 $t
     /tmp/cc5sAzkx.s:3336   .text.u8g2_SetFontPosCenter:00000000 u8g2_SetFontPosCenter
     /tmp/cc5sAzkx.s:3353   .text.u8g2_SetFontPosCenter:00000008 $d
     /tmp/cc5sAzkx.s:3358   .text.u8g2_SetFont:00000000 $t
     /tmp/cc5sAzkx.s:3364   .text.u8g2_SetFont:00000000 u8g2_SetFont
     /tmp/cc5sAzkx.s:3411   .text.u8g2_IsAllValidUTF8:00000000 $t
     /tmp/cc5sAzkx.s:3417   .text.u8g2_IsAllValidUTF8:00000000 u8g2_IsAllValidUTF8
     /tmp/cc5sAzkx.s:3443   .text.u8g2_IsAllValidUTF8:0000000c $d
     /tmp/cc5sAzkx.s:3448   .text.u8g2_GetStrX:00000000 $t
     /tmp/cc5sAzkx.s:3454   .text.u8g2_GetStrX:00000000 u8g2_GetStrX
     /tmp/cc5sAzkx.s:3494   .text.u8g2_GetStrWidth:00000000 $t
     /tmp/cc5sAzkx.s:3500   .text.u8g2_GetStrWidth:00000000 u8g2_GetStrWidth
     /tmp/cc5sAzkx.s:3526   .text.u8g2_GetStrWidth:0000000c $d
     /tmp/cc5sAzkx.s:3531   .text.u8g2_GetExactStrWidth:00000000 $t
     /tmp/cc5sAzkx.s:3537   .text.u8g2_GetExactStrWidth:00000000 u8g2_GetExactStrWidth
ARM GAS  /tmp/cc5sAzkx.s 			page 102


     /tmp/cc5sAzkx.s:3563   .text.u8g2_GetExactStrWidth:0000000c $d
     /tmp/cc5sAzkx.s:3568   .text.u8g2_GetUTF8Width:00000000 $t
     /tmp/cc5sAzkx.s:3574   .text.u8g2_GetUTF8Width:00000000 u8g2_GetUTF8Width
     /tmp/cc5sAzkx.s:3600   .text.u8g2_GetUTF8Width:0000000c $d
     /tmp/cc5sAzkx.s:3605   .text.u8g2_SetFontDirection:00000000 $t
     /tmp/cc5sAzkx.s:3611   .text.u8g2_SetFontDirection:00000000 u8g2_SetFontDirection

UNDEFINED SYMBOLS
u8g2_DrawHVLine
u8g2_IsIntersection
u8x8_utf8_init
u8x8_ascii_next
u8x8_utf8_next
u8g2_GetKerning
u8g2_GetKerningByTable
