ARM GAS  /tmp/ccynqwCP.s 			page 1


   1              		.cpu cortex-m3
   2              		.arch armv7-m
   3              		.fpu softvfp
   4              		.eabi_attribute 20, 1
   5              		.eabi_attribute 21, 1
   6              		.eabi_attribute 23, 3
   7              		.eabi_attribute 24, 1
   8              		.eabi_attribute 25, 1
   9              		.eabi_attribute 26, 1
  10              		.eabi_attribute 30, 1
  11              		.eabi_attribute 34, 1
  12              		.eabi_attribute 18, 4
  13              		.file	"u8g2_d_memory.c"
  14              		.text
  15              	.Ltext0:
  16              		.cfi_sections	.debug_frame
  17              		.file 1 "BSP/u8g2/u8g2_d_memory.c"
  18              		.section	.text.u8g2_m_16_4_1,"ax",%progbits
  19              		.align	1
  20              		.global	u8g2_m_16_4_1
  21              		.syntax unified
  22              		.thumb
  23              		.thumb_func
  25              	u8g2_m_16_4_1:
  26              	.LVL0:
  27              	.LFB0:
   1:BSP/u8g2/u8g2_d_memory.c **** /* u8g2_d_memory.c */
   2:BSP/u8g2/u8g2_d_memory.c **** /* generated code, codebuild, u8g2 project */
   3:BSP/u8g2/u8g2_d_memory.c **** 
   4:BSP/u8g2/u8g2_d_memory.c **** #include "u8g2.h"
   5:BSP/u8g2/u8g2_d_memory.c **** 
   6:BSP/u8g2/u8g2_d_memory.c **** uint8_t *u8g2_m_16_4_1(uint8_t *page_cnt)
   7:BSP/u8g2/u8g2_d_memory.c **** {
  28              		.loc 1 7 1 view -0
  29              		.cfi_startproc
  30              		@ args = 0, pretend = 0, frame = 0
  31              		@ frame_needed = 0, uses_anonymous_args = 0
  32              		@ link register save eliminated.
   8:BSP/u8g2/u8g2_d_memory.c ****   static uint8_t buf[128];
  33              		.loc 1 8 3 view .LVU1
   9:BSP/u8g2/u8g2_d_memory.c ****   *page_cnt = 1;
  34              		.loc 1 9 3 view .LVU2
  35              		.loc 1 9 13 is_stmt 0 view .LVU3
  36 0000 0123     		movs	r3, #1
  37 0002 0370     		strb	r3, [r0]
  10:BSP/u8g2/u8g2_d_memory.c ****   return buf;
  38              		.loc 1 10 3 is_stmt 1 view .LVU4
  11:BSP/u8g2/u8g2_d_memory.c **** }
  39              		.loc 1 11 1 is_stmt 0 view .LVU5
  40 0004 0048     		ldr	r0, .L2
  41              	.LVL1:
  42              		.loc 1 11 1 view .LVU6
  43 0006 7047     		bx	lr
  44              	.L3:
  45              		.align	2
  46              	.L2:
  47 0008 00000000 		.word	buf.128
ARM GAS  /tmp/ccynqwCP.s 			page 2


  48              		.cfi_endproc
  49              	.LFE0:
  51              		.section	.text.u8g2_m_16_4_2,"ax",%progbits
  52              		.align	1
  53              		.global	u8g2_m_16_4_2
  54              		.syntax unified
  55              		.thumb
  56              		.thumb_func
  58              	u8g2_m_16_4_2:
  59              	.LVL2:
  60              	.LFB1:
  12:BSP/u8g2/u8g2_d_memory.c **** uint8_t *u8g2_m_16_4_2(uint8_t *page_cnt)
  13:BSP/u8g2/u8g2_d_memory.c **** {
  61              		.loc 1 13 1 is_stmt 1 view -0
  62              		.cfi_startproc
  63              		@ args = 0, pretend = 0, frame = 0
  64              		@ frame_needed = 0, uses_anonymous_args = 0
  65              		@ link register save eliminated.
  14:BSP/u8g2/u8g2_d_memory.c ****   static uint8_t buf[256];
  66              		.loc 1 14 3 view .LVU8
  15:BSP/u8g2/u8g2_d_memory.c ****   *page_cnt = 2;
  67              		.loc 1 15 3 view .LVU9
  68              		.loc 1 15 13 is_stmt 0 view .LVU10
  69 0000 0223     		movs	r3, #2
  70 0002 0370     		strb	r3, [r0]
  16:BSP/u8g2/u8g2_d_memory.c ****   return buf;
  71              		.loc 1 16 3 is_stmt 1 view .LVU11
  17:BSP/u8g2/u8g2_d_memory.c **** }
  72              		.loc 1 17 1 is_stmt 0 view .LVU12
  73 0004 0048     		ldr	r0, .L5
  74              	.LVL3:
  75              		.loc 1 17 1 view .LVU13
  76 0006 7047     		bx	lr
  77              	.L6:
  78              		.align	2
  79              	.L5:
  80 0008 00000000 		.word	buf.127
  81              		.cfi_endproc
  82              	.LFE1:
  84              		.section	.text.u8g2_m_16_4_f,"ax",%progbits
  85              		.align	1
  86              		.global	u8g2_m_16_4_f
  87              		.syntax unified
  88              		.thumb
  89              		.thumb_func
  91              	u8g2_m_16_4_f:
  92              	.LVL4:
  93              	.LFB2:
  18:BSP/u8g2/u8g2_d_memory.c **** uint8_t *u8g2_m_16_4_f(uint8_t *page_cnt)
  19:BSP/u8g2/u8g2_d_memory.c **** {
  94              		.loc 1 19 1 is_stmt 1 view -0
  95              		.cfi_startproc
  96              		@ args = 0, pretend = 0, frame = 0
  97              		@ frame_needed = 0, uses_anonymous_args = 0
  98              		@ link register save eliminated.
  20:BSP/u8g2/u8g2_d_memory.c ****   static uint8_t buf[512];
  99              		.loc 1 20 3 view .LVU15
ARM GAS  /tmp/ccynqwCP.s 			page 3


  21:BSP/u8g2/u8g2_d_memory.c ****   *page_cnt = 4;
 100              		.loc 1 21 3 view .LVU16
 101              		.loc 1 21 13 is_stmt 0 view .LVU17
 102 0000 0423     		movs	r3, #4
 103 0002 0370     		strb	r3, [r0]
  22:BSP/u8g2/u8g2_d_memory.c ****   return buf;
 104              		.loc 1 22 3 is_stmt 1 view .LVU18
  23:BSP/u8g2/u8g2_d_memory.c **** }
 105              		.loc 1 23 1 is_stmt 0 view .LVU19
 106 0004 0048     		ldr	r0, .L8
 107              	.LVL5:
 108              		.loc 1 23 1 view .LVU20
 109 0006 7047     		bx	lr
 110              	.L9:
 111              		.align	2
 112              	.L8:
 113 0008 00000000 		.word	buf.126
 114              		.cfi_endproc
 115              	.LFE2:
 117              		.section	.text.u8g2_m_16_8_1,"ax",%progbits
 118              		.align	1
 119              		.global	u8g2_m_16_8_1
 120              		.syntax unified
 121              		.thumb
 122              		.thumb_func
 124              	u8g2_m_16_8_1:
 125              	.LVL6:
 126              	.LFB3:
  24:BSP/u8g2/u8g2_d_memory.c **** uint8_t *u8g2_m_16_8_1(uint8_t *page_cnt)
  25:BSP/u8g2/u8g2_d_memory.c **** {
 127              		.loc 1 25 1 is_stmt 1 view -0
 128              		.cfi_startproc
 129              		@ args = 0, pretend = 0, frame = 0
 130              		@ frame_needed = 0, uses_anonymous_args = 0
 131              		@ link register save eliminated.
  26:BSP/u8g2/u8g2_d_memory.c ****   static uint8_t buf[128];
 132              		.loc 1 26 3 view .LVU22
  27:BSP/u8g2/u8g2_d_memory.c ****   *page_cnt = 1;
 133              		.loc 1 27 3 view .LVU23
 134              		.loc 1 27 13 is_stmt 0 view .LVU24
 135 0000 0123     		movs	r3, #1
 136 0002 0370     		strb	r3, [r0]
  28:BSP/u8g2/u8g2_d_memory.c ****   return buf;
 137              		.loc 1 28 3 is_stmt 1 view .LVU25
  29:BSP/u8g2/u8g2_d_memory.c **** }
 138              		.loc 1 29 1 is_stmt 0 view .LVU26
 139 0004 0048     		ldr	r0, .L11
 140              	.LVL7:
 141              		.loc 1 29 1 view .LVU27
 142 0006 7047     		bx	lr
 143              	.L12:
 144              		.align	2
 145              	.L11:
 146 0008 00000000 		.word	buf.125
 147              		.cfi_endproc
 148              	.LFE3:
 150              		.section	.text.u8g2_m_16_8_2,"ax",%progbits
ARM GAS  /tmp/ccynqwCP.s 			page 4


 151              		.align	1
 152              		.global	u8g2_m_16_8_2
 153              		.syntax unified
 154              		.thumb
 155              		.thumb_func
 157              	u8g2_m_16_8_2:
 158              	.LVL8:
 159              	.LFB4:
  30:BSP/u8g2/u8g2_d_memory.c **** uint8_t *u8g2_m_16_8_2(uint8_t *page_cnt)
  31:BSP/u8g2/u8g2_d_memory.c **** {
 160              		.loc 1 31 1 is_stmt 1 view -0
 161              		.cfi_startproc
 162              		@ args = 0, pretend = 0, frame = 0
 163              		@ frame_needed = 0, uses_anonymous_args = 0
 164              		@ link register save eliminated.
  32:BSP/u8g2/u8g2_d_memory.c ****   static uint8_t buf[256];
 165              		.loc 1 32 3 view .LVU29
  33:BSP/u8g2/u8g2_d_memory.c ****   *page_cnt = 2;
 166              		.loc 1 33 3 view .LVU30
 167              		.loc 1 33 13 is_stmt 0 view .LVU31
 168 0000 0223     		movs	r3, #2
 169 0002 0370     		strb	r3, [r0]
  34:BSP/u8g2/u8g2_d_memory.c ****   return buf;
 170              		.loc 1 34 3 is_stmt 1 view .LVU32
  35:BSP/u8g2/u8g2_d_memory.c **** }
 171              		.loc 1 35 1 is_stmt 0 view .LVU33
 172 0004 0048     		ldr	r0, .L14
 173              	.LVL9:
 174              		.loc 1 35 1 view .LVU34
 175 0006 7047     		bx	lr
 176              	.L15:
 177              		.align	2
 178              	.L14:
 179 0008 00000000 		.word	buf.124
 180              		.cfi_endproc
 181              	.LFE4:
 183              		.section	.text.u8g2_m_16_8_f,"ax",%progbits
 184              		.align	1
 185              		.global	u8g2_m_16_8_f
 186              		.syntax unified
 187              		.thumb
 188              		.thumb_func
 190              	u8g2_m_16_8_f:
 191              	.LVL10:
 192              	.LFB5:
  36:BSP/u8g2/u8g2_d_memory.c **** uint8_t *u8g2_m_16_8_f(uint8_t *page_cnt)
  37:BSP/u8g2/u8g2_d_memory.c **** {
 193              		.loc 1 37 1 is_stmt 1 view -0
 194              		.cfi_startproc
 195              		@ args = 0, pretend = 0, frame = 0
 196              		@ frame_needed = 0, uses_anonymous_args = 0
 197              		@ link register save eliminated.
  38:BSP/u8g2/u8g2_d_memory.c ****   static uint8_t buf[1024];
 198              		.loc 1 38 3 view .LVU36
  39:BSP/u8g2/u8g2_d_memory.c ****   *page_cnt = 8;
 199              		.loc 1 39 3 view .LVU37
 200              		.loc 1 39 13 is_stmt 0 view .LVU38
ARM GAS  /tmp/ccynqwCP.s 			page 5


 201 0000 0823     		movs	r3, #8
 202 0002 0370     		strb	r3, [r0]
  40:BSP/u8g2/u8g2_d_memory.c ****   return buf;
 203              		.loc 1 40 3 is_stmt 1 view .LVU39
  41:BSP/u8g2/u8g2_d_memory.c **** }
 204              		.loc 1 41 1 is_stmt 0 view .LVU40
 205 0004 0048     		ldr	r0, .L17
 206              	.LVL11:
 207              		.loc 1 41 1 view .LVU41
 208 0006 7047     		bx	lr
 209              	.L18:
 210              		.align	2
 211              	.L17:
 212 0008 00000000 		.word	buf.123
 213              		.cfi_endproc
 214              	.LFE5:
 216              		.section	.text.u8g2_m_9_5_1,"ax",%progbits
 217              		.align	1
 218              		.global	u8g2_m_9_5_1
 219              		.syntax unified
 220              		.thumb
 221              		.thumb_func
 223              	u8g2_m_9_5_1:
 224              	.LVL12:
 225              	.LFB6:
  42:BSP/u8g2/u8g2_d_memory.c **** uint8_t *u8g2_m_9_5_1(uint8_t *page_cnt)
  43:BSP/u8g2/u8g2_d_memory.c **** {
 226              		.loc 1 43 1 is_stmt 1 view -0
 227              		.cfi_startproc
 228              		@ args = 0, pretend = 0, frame = 0
 229              		@ frame_needed = 0, uses_anonymous_args = 0
 230              		@ link register save eliminated.
  44:BSP/u8g2/u8g2_d_memory.c ****   static uint8_t buf[72];
 231              		.loc 1 44 3 view .LVU43
  45:BSP/u8g2/u8g2_d_memory.c ****   *page_cnt = 1;
 232              		.loc 1 45 3 view .LVU44
 233              		.loc 1 45 13 is_stmt 0 view .LVU45
 234 0000 0123     		movs	r3, #1
 235 0002 0370     		strb	r3, [r0]
  46:BSP/u8g2/u8g2_d_memory.c ****   return buf;
 236              		.loc 1 46 3 is_stmt 1 view .LVU46
  47:BSP/u8g2/u8g2_d_memory.c **** }
 237              		.loc 1 47 1 is_stmt 0 view .LVU47
 238 0004 0048     		ldr	r0, .L20
 239              	.LVL13:
 240              		.loc 1 47 1 view .LVU48
 241 0006 7047     		bx	lr
 242              	.L21:
 243              		.align	2
 244              	.L20:
 245 0008 00000000 		.word	buf.122
 246              		.cfi_endproc
 247              	.LFE6:
 249              		.section	.text.u8g2_m_9_5_2,"ax",%progbits
 250              		.align	1
 251              		.global	u8g2_m_9_5_2
 252              		.syntax unified
ARM GAS  /tmp/ccynqwCP.s 			page 6


 253              		.thumb
 254              		.thumb_func
 256              	u8g2_m_9_5_2:
 257              	.LVL14:
 258              	.LFB7:
  48:BSP/u8g2/u8g2_d_memory.c **** uint8_t *u8g2_m_9_5_2(uint8_t *page_cnt)
  49:BSP/u8g2/u8g2_d_memory.c **** {
 259              		.loc 1 49 1 is_stmt 1 view -0
 260              		.cfi_startproc
 261              		@ args = 0, pretend = 0, frame = 0
 262              		@ frame_needed = 0, uses_anonymous_args = 0
 263              		@ link register save eliminated.
  50:BSP/u8g2/u8g2_d_memory.c ****   static uint8_t buf[144];
 264              		.loc 1 50 3 view .LVU50
  51:BSP/u8g2/u8g2_d_memory.c ****   *page_cnt = 2;
 265              		.loc 1 51 3 view .LVU51
 266              		.loc 1 51 13 is_stmt 0 view .LVU52
 267 0000 0223     		movs	r3, #2
 268 0002 0370     		strb	r3, [r0]
  52:BSP/u8g2/u8g2_d_memory.c ****   return buf;
 269              		.loc 1 52 3 is_stmt 1 view .LVU53
  53:BSP/u8g2/u8g2_d_memory.c **** }
 270              		.loc 1 53 1 is_stmt 0 view .LVU54
 271 0004 0048     		ldr	r0, .L23
 272              	.LVL15:
 273              		.loc 1 53 1 view .LVU55
 274 0006 7047     		bx	lr
 275              	.L24:
 276              		.align	2
 277              	.L23:
 278 0008 00000000 		.word	buf.121
 279              		.cfi_endproc
 280              	.LFE7:
 282              		.section	.text.u8g2_m_9_5_f,"ax",%progbits
 283              		.align	1
 284              		.global	u8g2_m_9_5_f
 285              		.syntax unified
 286              		.thumb
 287              		.thumb_func
 289              	u8g2_m_9_5_f:
 290              	.LVL16:
 291              	.LFB8:
  54:BSP/u8g2/u8g2_d_memory.c **** uint8_t *u8g2_m_9_5_f(uint8_t *page_cnt)
  55:BSP/u8g2/u8g2_d_memory.c **** {
 292              		.loc 1 55 1 is_stmt 1 view -0
 293              		.cfi_startproc
 294              		@ args = 0, pretend = 0, frame = 0
 295              		@ frame_needed = 0, uses_anonymous_args = 0
 296              		@ link register save eliminated.
  56:BSP/u8g2/u8g2_d_memory.c ****   static uint8_t buf[360];
 297              		.loc 1 56 3 view .LVU57
  57:BSP/u8g2/u8g2_d_memory.c ****   *page_cnt = 5;
 298              		.loc 1 57 3 view .LVU58
 299              		.loc 1 57 13 is_stmt 0 view .LVU59
 300 0000 0523     		movs	r3, #5
 301 0002 0370     		strb	r3, [r0]
  58:BSP/u8g2/u8g2_d_memory.c ****   return buf;
ARM GAS  /tmp/ccynqwCP.s 			page 7


 302              		.loc 1 58 3 is_stmt 1 view .LVU60
  59:BSP/u8g2/u8g2_d_memory.c **** }
 303              		.loc 1 59 1 is_stmt 0 view .LVU61
 304 0004 0048     		ldr	r0, .L26
 305              	.LVL17:
 306              		.loc 1 59 1 view .LVU62
 307 0006 7047     		bx	lr
 308              	.L27:
 309              		.align	2
 310              	.L26:
 311 0008 00000000 		.word	buf.120
 312              		.cfi_endproc
 313              	.LFE8:
 315              		.section	.text.u8g2_m_8_4_1,"ax",%progbits
 316              		.align	1
 317              		.global	u8g2_m_8_4_1
 318              		.syntax unified
 319              		.thumb
 320              		.thumb_func
 322              	u8g2_m_8_4_1:
 323              	.LVL18:
 324              	.LFB9:
  60:BSP/u8g2/u8g2_d_memory.c **** uint8_t *u8g2_m_8_4_1(uint8_t *page_cnt)
  61:BSP/u8g2/u8g2_d_memory.c **** {
 325              		.loc 1 61 1 is_stmt 1 view -0
 326              		.cfi_startproc
 327              		@ args = 0, pretend = 0, frame = 0
 328              		@ frame_needed = 0, uses_anonymous_args = 0
 329              		@ link register save eliminated.
  62:BSP/u8g2/u8g2_d_memory.c ****   static uint8_t buf[64];
 330              		.loc 1 62 3 view .LVU64
  63:BSP/u8g2/u8g2_d_memory.c ****   *page_cnt = 1;
 331              		.loc 1 63 3 view .LVU65
 332              		.loc 1 63 13 is_stmt 0 view .LVU66
 333 0000 0123     		movs	r3, #1
 334 0002 0370     		strb	r3, [r0]
  64:BSP/u8g2/u8g2_d_memory.c ****   return buf;
 335              		.loc 1 64 3 is_stmt 1 view .LVU67
  65:BSP/u8g2/u8g2_d_memory.c **** }
 336              		.loc 1 65 1 is_stmt 0 view .LVU68
 337 0004 0048     		ldr	r0, .L29
 338              	.LVL19:
 339              		.loc 1 65 1 view .LVU69
 340 0006 7047     		bx	lr
 341              	.L30:
 342              		.align	2
 343              	.L29:
 344 0008 00000000 		.word	buf.119
 345              		.cfi_endproc
 346              	.LFE9:
 348              		.section	.text.u8g2_m_8_4_2,"ax",%progbits
 349              		.align	1
 350              		.global	u8g2_m_8_4_2
 351              		.syntax unified
 352              		.thumb
 353              		.thumb_func
 355              	u8g2_m_8_4_2:
ARM GAS  /tmp/ccynqwCP.s 			page 8


 356              	.LVL20:
 357              	.LFB10:
  66:BSP/u8g2/u8g2_d_memory.c **** uint8_t *u8g2_m_8_4_2(uint8_t *page_cnt)
  67:BSP/u8g2/u8g2_d_memory.c **** {
 358              		.loc 1 67 1 is_stmt 1 view -0
 359              		.cfi_startproc
 360              		@ args = 0, pretend = 0, frame = 0
 361              		@ frame_needed = 0, uses_anonymous_args = 0
 362              		@ link register save eliminated.
  68:BSP/u8g2/u8g2_d_memory.c ****   static uint8_t buf[128];
 363              		.loc 1 68 3 view .LVU71
  69:BSP/u8g2/u8g2_d_memory.c ****   *page_cnt = 2;
 364              		.loc 1 69 3 view .LVU72
 365              		.loc 1 69 13 is_stmt 0 view .LVU73
 366 0000 0223     		movs	r3, #2
 367 0002 0370     		strb	r3, [r0]
  70:BSP/u8g2/u8g2_d_memory.c ****   return buf;
 368              		.loc 1 70 3 is_stmt 1 view .LVU74
  71:BSP/u8g2/u8g2_d_memory.c **** }
 369              		.loc 1 71 1 is_stmt 0 view .LVU75
 370 0004 0048     		ldr	r0, .L32
 371              	.LVL21:
 372              		.loc 1 71 1 view .LVU76
 373 0006 7047     		bx	lr
 374              	.L33:
 375              		.align	2
 376              	.L32:
 377 0008 00000000 		.word	buf.118
 378              		.cfi_endproc
 379              	.LFE10:
 381              		.section	.text.u8g2_m_8_4_f,"ax",%progbits
 382              		.align	1
 383              		.global	u8g2_m_8_4_f
 384              		.syntax unified
 385              		.thumb
 386              		.thumb_func
 388              	u8g2_m_8_4_f:
 389              	.LVL22:
 390              	.LFB11:
  72:BSP/u8g2/u8g2_d_memory.c **** uint8_t *u8g2_m_8_4_f(uint8_t *page_cnt)
  73:BSP/u8g2/u8g2_d_memory.c **** {
 391              		.loc 1 73 1 is_stmt 1 view -0
 392              		.cfi_startproc
 393              		@ args = 0, pretend = 0, frame = 0
 394              		@ frame_needed = 0, uses_anonymous_args = 0
 395              		@ link register save eliminated.
  74:BSP/u8g2/u8g2_d_memory.c ****   static uint8_t buf[256];
 396              		.loc 1 74 3 view .LVU78
  75:BSP/u8g2/u8g2_d_memory.c ****   *page_cnt = 4;
 397              		.loc 1 75 3 view .LVU79
 398              		.loc 1 75 13 is_stmt 0 view .LVU80
 399 0000 0423     		movs	r3, #4
 400 0002 0370     		strb	r3, [r0]
  76:BSP/u8g2/u8g2_d_memory.c ****   return buf;
 401              		.loc 1 76 3 is_stmt 1 view .LVU81
  77:BSP/u8g2/u8g2_d_memory.c **** }
 402              		.loc 1 77 1 is_stmt 0 view .LVU82
ARM GAS  /tmp/ccynqwCP.s 			page 9


 403 0004 0048     		ldr	r0, .L35
 404              	.LVL23:
 405              		.loc 1 77 1 view .LVU83
 406 0006 7047     		bx	lr
 407              	.L36:
 408              		.align	2
 409              	.L35:
 410 0008 00000000 		.word	buf.117
 411              		.cfi_endproc
 412              	.LFE11:
 414              		.section	.text.u8g2_m_8_16_1,"ax",%progbits
 415              		.align	1
 416              		.global	u8g2_m_8_16_1
 417              		.syntax unified
 418              		.thumb
 419              		.thumb_func
 421              	u8g2_m_8_16_1:
 422              	.LVL24:
 423              	.LFB12:
  78:BSP/u8g2/u8g2_d_memory.c **** uint8_t *u8g2_m_8_16_1(uint8_t *page_cnt)
  79:BSP/u8g2/u8g2_d_memory.c **** {
 424              		.loc 1 79 1 is_stmt 1 view -0
 425              		.cfi_startproc
 426              		@ args = 0, pretend = 0, frame = 0
 427              		@ frame_needed = 0, uses_anonymous_args = 0
 428              		@ link register save eliminated.
  80:BSP/u8g2/u8g2_d_memory.c ****   static uint8_t buf[64];
 429              		.loc 1 80 3 view .LVU85
  81:BSP/u8g2/u8g2_d_memory.c ****   *page_cnt = 1;
 430              		.loc 1 81 3 view .LVU86
 431              		.loc 1 81 13 is_stmt 0 view .LVU87
 432 0000 0123     		movs	r3, #1
 433 0002 0370     		strb	r3, [r0]
  82:BSP/u8g2/u8g2_d_memory.c ****   return buf;
 434              		.loc 1 82 3 is_stmt 1 view .LVU88
  83:BSP/u8g2/u8g2_d_memory.c **** }
 435              		.loc 1 83 1 is_stmt 0 view .LVU89
 436 0004 0048     		ldr	r0, .L38
 437              	.LVL25:
 438              		.loc 1 83 1 view .LVU90
 439 0006 7047     		bx	lr
 440              	.L39:
 441              		.align	2
 442              	.L38:
 443 0008 00000000 		.word	buf.116
 444              		.cfi_endproc
 445              	.LFE12:
 447              		.section	.text.u8g2_m_8_16_2,"ax",%progbits
 448              		.align	1
 449              		.global	u8g2_m_8_16_2
 450              		.syntax unified
 451              		.thumb
 452              		.thumb_func
 454              	u8g2_m_8_16_2:
 455              	.LVL26:
 456              	.LFB13:
  84:BSP/u8g2/u8g2_d_memory.c **** uint8_t *u8g2_m_8_16_2(uint8_t *page_cnt)
ARM GAS  /tmp/ccynqwCP.s 			page 10


  85:BSP/u8g2/u8g2_d_memory.c **** {
 457              		.loc 1 85 1 is_stmt 1 view -0
 458              		.cfi_startproc
 459              		@ args = 0, pretend = 0, frame = 0
 460              		@ frame_needed = 0, uses_anonymous_args = 0
 461              		@ link register save eliminated.
  86:BSP/u8g2/u8g2_d_memory.c ****   static uint8_t buf[128];
 462              		.loc 1 86 3 view .LVU92
  87:BSP/u8g2/u8g2_d_memory.c ****   *page_cnt = 2;
 463              		.loc 1 87 3 view .LVU93
 464              		.loc 1 87 13 is_stmt 0 view .LVU94
 465 0000 0223     		movs	r3, #2
 466 0002 0370     		strb	r3, [r0]
  88:BSP/u8g2/u8g2_d_memory.c ****   return buf;
 467              		.loc 1 88 3 is_stmt 1 view .LVU95
  89:BSP/u8g2/u8g2_d_memory.c **** }
 468              		.loc 1 89 1 is_stmt 0 view .LVU96
 469 0004 0048     		ldr	r0, .L41
 470              	.LVL27:
 471              		.loc 1 89 1 view .LVU97
 472 0006 7047     		bx	lr
 473              	.L42:
 474              		.align	2
 475              	.L41:
 476 0008 00000000 		.word	buf.115
 477              		.cfi_endproc
 478              	.LFE13:
 480              		.section	.text.u8g2_m_8_16_f,"ax",%progbits
 481              		.align	1
 482              		.global	u8g2_m_8_16_f
 483              		.syntax unified
 484              		.thumb
 485              		.thumb_func
 487              	u8g2_m_8_16_f:
 488              	.LVL28:
 489              	.LFB14:
  90:BSP/u8g2/u8g2_d_memory.c **** uint8_t *u8g2_m_8_16_f(uint8_t *page_cnt)
  91:BSP/u8g2/u8g2_d_memory.c **** {
 490              		.loc 1 91 1 is_stmt 1 view -0
 491              		.cfi_startproc
 492              		@ args = 0, pretend = 0, frame = 0
 493              		@ frame_needed = 0, uses_anonymous_args = 0
 494              		@ link register save eliminated.
  92:BSP/u8g2/u8g2_d_memory.c ****   static uint8_t buf[1024];
 495              		.loc 1 92 3 view .LVU99
  93:BSP/u8g2/u8g2_d_memory.c ****   *page_cnt = 16;
 496              		.loc 1 93 3 view .LVU100
 497              		.loc 1 93 13 is_stmt 0 view .LVU101
 498 0000 1023     		movs	r3, #16
 499 0002 0370     		strb	r3, [r0]
  94:BSP/u8g2/u8g2_d_memory.c ****   return buf;
 500              		.loc 1 94 3 is_stmt 1 view .LVU102
  95:BSP/u8g2/u8g2_d_memory.c **** }
 501              		.loc 1 95 1 is_stmt 0 view .LVU103
 502 0004 0048     		ldr	r0, .L44
 503              	.LVL29:
 504              		.loc 1 95 1 view .LVU104
ARM GAS  /tmp/ccynqwCP.s 			page 11


 505 0006 7047     		bx	lr
 506              	.L45:
 507              		.align	2
 508              	.L44:
 509 0008 00000000 		.word	buf.114
 510              		.cfi_endproc
 511              	.LFE14:
 513              		.section	.text.u8g2_m_12_12_1,"ax",%progbits
 514              		.align	1
 515              		.global	u8g2_m_12_12_1
 516              		.syntax unified
 517              		.thumb
 518              		.thumb_func
 520              	u8g2_m_12_12_1:
 521              	.LVL30:
 522              	.LFB15:
  96:BSP/u8g2/u8g2_d_memory.c **** uint8_t *u8g2_m_12_12_1(uint8_t *page_cnt)
  97:BSP/u8g2/u8g2_d_memory.c **** {
 523              		.loc 1 97 1 is_stmt 1 view -0
 524              		.cfi_startproc
 525              		@ args = 0, pretend = 0, frame = 0
 526              		@ frame_needed = 0, uses_anonymous_args = 0
 527              		@ link register save eliminated.
  98:BSP/u8g2/u8g2_d_memory.c ****   static uint8_t buf[96];
 528              		.loc 1 98 3 view .LVU106
  99:BSP/u8g2/u8g2_d_memory.c ****   *page_cnt = 1;
 529              		.loc 1 99 3 view .LVU107
 530              		.loc 1 99 13 is_stmt 0 view .LVU108
 531 0000 0123     		movs	r3, #1
 532 0002 0370     		strb	r3, [r0]
 100:BSP/u8g2/u8g2_d_memory.c ****   return buf;
 533              		.loc 1 100 3 is_stmt 1 view .LVU109
 101:BSP/u8g2/u8g2_d_memory.c **** }
 534              		.loc 1 101 1 is_stmt 0 view .LVU110
 535 0004 0048     		ldr	r0, .L47
 536              	.LVL31:
 537              		.loc 1 101 1 view .LVU111
 538 0006 7047     		bx	lr
 539              	.L48:
 540              		.align	2
 541              	.L47:
 542 0008 00000000 		.word	buf.113
 543              		.cfi_endproc
 544              	.LFE15:
 546              		.section	.text.u8g2_m_12_12_2,"ax",%progbits
 547              		.align	1
 548              		.global	u8g2_m_12_12_2
 549              		.syntax unified
 550              		.thumb
 551              		.thumb_func
 553              	u8g2_m_12_12_2:
 554              	.LVL32:
 555              	.LFB16:
 102:BSP/u8g2/u8g2_d_memory.c **** uint8_t *u8g2_m_12_12_2(uint8_t *page_cnt)
 103:BSP/u8g2/u8g2_d_memory.c **** {
 556              		.loc 1 103 1 is_stmt 1 view -0
 557              		.cfi_startproc
ARM GAS  /tmp/ccynqwCP.s 			page 12


 558              		@ args = 0, pretend = 0, frame = 0
 559              		@ frame_needed = 0, uses_anonymous_args = 0
 560              		@ link register save eliminated.
 104:BSP/u8g2/u8g2_d_memory.c ****   static uint8_t buf[192];
 561              		.loc 1 104 3 view .LVU113
 105:BSP/u8g2/u8g2_d_memory.c ****   *page_cnt = 2;
 562              		.loc 1 105 3 view .LVU114
 563              		.loc 1 105 13 is_stmt 0 view .LVU115
 564 0000 0223     		movs	r3, #2
 565 0002 0370     		strb	r3, [r0]
 106:BSP/u8g2/u8g2_d_memory.c ****   return buf;
 566              		.loc 1 106 3 is_stmt 1 view .LVU116
 107:BSP/u8g2/u8g2_d_memory.c **** }
 567              		.loc 1 107 1 is_stmt 0 view .LVU117
 568 0004 0048     		ldr	r0, .L50
 569              	.LVL33:
 570              		.loc 1 107 1 view .LVU118
 571 0006 7047     		bx	lr
 572              	.L51:
 573              		.align	2
 574              	.L50:
 575 0008 00000000 		.word	buf.112
 576              		.cfi_endproc
 577              	.LFE16:
 579              		.section	.text.u8g2_m_12_12_f,"ax",%progbits
 580              		.align	1
 581              		.global	u8g2_m_12_12_f
 582              		.syntax unified
 583              		.thumb
 584              		.thumb_func
 586              	u8g2_m_12_12_f:
 587              	.LVL34:
 588              	.LFB17:
 108:BSP/u8g2/u8g2_d_memory.c **** uint8_t *u8g2_m_12_12_f(uint8_t *page_cnt)
 109:BSP/u8g2/u8g2_d_memory.c **** {
 589              		.loc 1 109 1 is_stmt 1 view -0
 590              		.cfi_startproc
 591              		@ args = 0, pretend = 0, frame = 0
 592              		@ frame_needed = 0, uses_anonymous_args = 0
 593              		@ link register save eliminated.
 110:BSP/u8g2/u8g2_d_memory.c ****   static uint8_t buf[1152];
 594              		.loc 1 110 3 view .LVU120
 111:BSP/u8g2/u8g2_d_memory.c ****   *page_cnt = 12;
 595              		.loc 1 111 3 view .LVU121
 596              		.loc 1 111 13 is_stmt 0 view .LVU122
 597 0000 0C23     		movs	r3, #12
 598 0002 0370     		strb	r3, [r0]
 112:BSP/u8g2/u8g2_d_memory.c ****   return buf;
 599              		.loc 1 112 3 is_stmt 1 view .LVU123
 113:BSP/u8g2/u8g2_d_memory.c **** }
 600              		.loc 1 113 1 is_stmt 0 view .LVU124
 601 0004 0048     		ldr	r0, .L53
 602              	.LVL35:
 603              		.loc 1 113 1 view .LVU125
 604 0006 7047     		bx	lr
 605              	.L54:
 606              		.align	2
ARM GAS  /tmp/ccynqwCP.s 			page 13


 607              	.L53:
 608 0008 00000000 		.word	buf.111
 609              		.cfi_endproc
 610              	.LFE17:
 612              		.section	.text.u8g2_m_16_16_1,"ax",%progbits
 613              		.align	1
 614              		.global	u8g2_m_16_16_1
 615              		.syntax unified
 616              		.thumb
 617              		.thumb_func
 619              	u8g2_m_16_16_1:
 620              	.LVL36:
 621              	.LFB18:
 114:BSP/u8g2/u8g2_d_memory.c **** uint8_t *u8g2_m_16_16_1(uint8_t *page_cnt)
 115:BSP/u8g2/u8g2_d_memory.c **** {
 622              		.loc 1 115 1 is_stmt 1 view -0
 623              		.cfi_startproc
 624              		@ args = 0, pretend = 0, frame = 0
 625              		@ frame_needed = 0, uses_anonymous_args = 0
 626              		@ link register save eliminated.
 116:BSP/u8g2/u8g2_d_memory.c ****   static uint8_t buf[128];
 627              		.loc 1 116 3 view .LVU127
 117:BSP/u8g2/u8g2_d_memory.c ****   *page_cnt = 1;
 628              		.loc 1 117 3 view .LVU128
 629              		.loc 1 117 13 is_stmt 0 view .LVU129
 630 0000 0123     		movs	r3, #1
 631 0002 0370     		strb	r3, [r0]
 118:BSP/u8g2/u8g2_d_memory.c ****   return buf;
 632              		.loc 1 118 3 is_stmt 1 view .LVU130
 119:BSP/u8g2/u8g2_d_memory.c **** }
 633              		.loc 1 119 1 is_stmt 0 view .LVU131
 634 0004 0048     		ldr	r0, .L56
 635              	.LVL37:
 636              		.loc 1 119 1 view .LVU132
 637 0006 7047     		bx	lr
 638              	.L57:
 639              		.align	2
 640              	.L56:
 641 0008 00000000 		.word	buf.110
 642              		.cfi_endproc
 643              	.LFE18:
 645              		.section	.text.u8g2_m_16_16_2,"ax",%progbits
 646              		.align	1
 647              		.global	u8g2_m_16_16_2
 648              		.syntax unified
 649              		.thumb
 650              		.thumb_func
 652              	u8g2_m_16_16_2:
 653              	.LVL38:
 654              	.LFB19:
 120:BSP/u8g2/u8g2_d_memory.c **** uint8_t *u8g2_m_16_16_2(uint8_t *page_cnt)
 121:BSP/u8g2/u8g2_d_memory.c **** {
 655              		.loc 1 121 1 is_stmt 1 view -0
 656              		.cfi_startproc
 657              		@ args = 0, pretend = 0, frame = 0
 658              		@ frame_needed = 0, uses_anonymous_args = 0
 659              		@ link register save eliminated.
ARM GAS  /tmp/ccynqwCP.s 			page 14


 122:BSP/u8g2/u8g2_d_memory.c ****   static uint8_t buf[256];
 660              		.loc 1 122 3 view .LVU134
 123:BSP/u8g2/u8g2_d_memory.c ****   *page_cnt = 2;
 661              		.loc 1 123 3 view .LVU135
 662              		.loc 1 123 13 is_stmt 0 view .LVU136
 663 0000 0223     		movs	r3, #2
 664 0002 0370     		strb	r3, [r0]
 124:BSP/u8g2/u8g2_d_memory.c ****   return buf;
 665              		.loc 1 124 3 is_stmt 1 view .LVU137
 125:BSP/u8g2/u8g2_d_memory.c **** }
 666              		.loc 1 125 1 is_stmt 0 view .LVU138
 667 0004 0048     		ldr	r0, .L59
 668              	.LVL39:
 669              		.loc 1 125 1 view .LVU139
 670 0006 7047     		bx	lr
 671              	.L60:
 672              		.align	2
 673              	.L59:
 674 0008 00000000 		.word	buf.109
 675              		.cfi_endproc
 676              	.LFE19:
 678              		.section	.text.u8g2_m_16_16_f,"ax",%progbits
 679              		.align	1
 680              		.global	u8g2_m_16_16_f
 681              		.syntax unified
 682              		.thumb
 683              		.thumb_func
 685              	u8g2_m_16_16_f:
 686              	.LVL40:
 687              	.LFB20:
 126:BSP/u8g2/u8g2_d_memory.c **** uint8_t *u8g2_m_16_16_f(uint8_t *page_cnt)
 127:BSP/u8g2/u8g2_d_memory.c **** {
 688              		.loc 1 127 1 is_stmt 1 view -0
 689              		.cfi_startproc
 690              		@ args = 0, pretend = 0, frame = 0
 691              		@ frame_needed = 0, uses_anonymous_args = 0
 692              		@ link register save eliminated.
 128:BSP/u8g2/u8g2_d_memory.c ****   static uint8_t buf[2048];
 693              		.loc 1 128 3 view .LVU141
 129:BSP/u8g2/u8g2_d_memory.c ****   *page_cnt = 16;
 694              		.loc 1 129 3 view .LVU142
 695              		.loc 1 129 13 is_stmt 0 view .LVU143
 696 0000 1023     		movs	r3, #16
 697 0002 0370     		strb	r3, [r0]
 130:BSP/u8g2/u8g2_d_memory.c ****   return buf;
 698              		.loc 1 130 3 is_stmt 1 view .LVU144
 131:BSP/u8g2/u8g2_d_memory.c **** }
 699              		.loc 1 131 1 is_stmt 0 view .LVU145
 700 0004 0048     		ldr	r0, .L62
 701              	.LVL41:
 702              		.loc 1 131 1 view .LVU146
 703 0006 7047     		bx	lr
 704              	.L63:
 705              		.align	2
 706              	.L62:
 707 0008 00000000 		.word	buf.108
 708              		.cfi_endproc
ARM GAS  /tmp/ccynqwCP.s 			page 15


 709              	.LFE20:
 711              		.section	.text.u8g2_m_20_20_1,"ax",%progbits
 712              		.align	1
 713              		.global	u8g2_m_20_20_1
 714              		.syntax unified
 715              		.thumb
 716              		.thumb_func
 718              	u8g2_m_20_20_1:
 719              	.LVL42:
 720              	.LFB21:
 132:BSP/u8g2/u8g2_d_memory.c **** uint8_t *u8g2_m_20_20_1(uint8_t *page_cnt)
 133:BSP/u8g2/u8g2_d_memory.c **** {
 721              		.loc 1 133 1 is_stmt 1 view -0
 722              		.cfi_startproc
 723              		@ args = 0, pretend = 0, frame = 0
 724              		@ frame_needed = 0, uses_anonymous_args = 0
 725              		@ link register save eliminated.
 134:BSP/u8g2/u8g2_d_memory.c ****   static uint8_t buf[160];
 726              		.loc 1 134 3 view .LVU148
 135:BSP/u8g2/u8g2_d_memory.c ****   *page_cnt = 1;
 727              		.loc 1 135 3 view .LVU149
 728              		.loc 1 135 13 is_stmt 0 view .LVU150
 729 0000 0123     		movs	r3, #1
 730 0002 0370     		strb	r3, [r0]
 136:BSP/u8g2/u8g2_d_memory.c ****   return buf;
 731              		.loc 1 136 3 is_stmt 1 view .LVU151
 137:BSP/u8g2/u8g2_d_memory.c **** }
 732              		.loc 1 137 1 is_stmt 0 view .LVU152
 733 0004 0048     		ldr	r0, .L65
 734              	.LVL43:
 735              		.loc 1 137 1 view .LVU153
 736 0006 7047     		bx	lr
 737              	.L66:
 738              		.align	2
 739              	.L65:
 740 0008 00000000 		.word	buf.107
 741              		.cfi_endproc
 742              	.LFE21:
 744              		.section	.text.u8g2_m_20_20_2,"ax",%progbits
 745              		.align	1
 746              		.global	u8g2_m_20_20_2
 747              		.syntax unified
 748              		.thumb
 749              		.thumb_func
 751              	u8g2_m_20_20_2:
 752              	.LVL44:
 753              	.LFB22:
 138:BSP/u8g2/u8g2_d_memory.c **** uint8_t *u8g2_m_20_20_2(uint8_t *page_cnt)
 139:BSP/u8g2/u8g2_d_memory.c **** {
 754              		.loc 1 139 1 is_stmt 1 view -0
 755              		.cfi_startproc
 756              		@ args = 0, pretend = 0, frame = 0
 757              		@ frame_needed = 0, uses_anonymous_args = 0
 758              		@ link register save eliminated.
 140:BSP/u8g2/u8g2_d_memory.c ****   static uint8_t buf[320];
 759              		.loc 1 140 3 view .LVU155
 141:BSP/u8g2/u8g2_d_memory.c ****   *page_cnt = 2;
ARM GAS  /tmp/ccynqwCP.s 			page 16


 760              		.loc 1 141 3 view .LVU156
 761              		.loc 1 141 13 is_stmt 0 view .LVU157
 762 0000 0223     		movs	r3, #2
 763 0002 0370     		strb	r3, [r0]
 142:BSP/u8g2/u8g2_d_memory.c ****   return buf;
 764              		.loc 1 142 3 is_stmt 1 view .LVU158
 143:BSP/u8g2/u8g2_d_memory.c **** }
 765              		.loc 1 143 1 is_stmt 0 view .LVU159
 766 0004 0048     		ldr	r0, .L68
 767              	.LVL45:
 768              		.loc 1 143 1 view .LVU160
 769 0006 7047     		bx	lr
 770              	.L69:
 771              		.align	2
 772              	.L68:
 773 0008 00000000 		.word	buf.106
 774              		.cfi_endproc
 775              	.LFE22:
 777              		.section	.text.u8g2_m_20_20_f,"ax",%progbits
 778              		.align	1
 779              		.global	u8g2_m_20_20_f
 780              		.syntax unified
 781              		.thumb
 782              		.thumb_func
 784              	u8g2_m_20_20_f:
 785              	.LVL46:
 786              	.LFB23:
 144:BSP/u8g2/u8g2_d_memory.c **** uint8_t *u8g2_m_20_20_f(uint8_t *page_cnt)
 145:BSP/u8g2/u8g2_d_memory.c **** {
 787              		.loc 1 145 1 is_stmt 1 view -0
 788              		.cfi_startproc
 789              		@ args = 0, pretend = 0, frame = 0
 790              		@ frame_needed = 0, uses_anonymous_args = 0
 791              		@ link register save eliminated.
 146:BSP/u8g2/u8g2_d_memory.c ****   static uint8_t buf[3200];
 792              		.loc 1 146 3 view .LVU162
 147:BSP/u8g2/u8g2_d_memory.c ****   *page_cnt = 20;
 793              		.loc 1 147 3 view .LVU163
 794              		.loc 1 147 13 is_stmt 0 view .LVU164
 795 0000 1423     		movs	r3, #20
 796 0002 0370     		strb	r3, [r0]
 148:BSP/u8g2/u8g2_d_memory.c ****   return buf;
 797              		.loc 1 148 3 is_stmt 1 view .LVU165
 149:BSP/u8g2/u8g2_d_memory.c **** }
 798              		.loc 1 149 1 is_stmt 0 view .LVU166
 799 0004 0048     		ldr	r0, .L71
 800              	.LVL47:
 801              		.loc 1 149 1 view .LVU167
 802 0006 7047     		bx	lr
 803              	.L72:
 804              		.align	2
 805              	.L71:
 806 0008 00000000 		.word	buf.105
 807              		.cfi_endproc
 808              	.LFE23:
 810              		.section	.text.u8g2_m_32_8_1,"ax",%progbits
 811              		.align	1
ARM GAS  /tmp/ccynqwCP.s 			page 17


 812              		.global	u8g2_m_32_8_1
 813              		.syntax unified
 814              		.thumb
 815              		.thumb_func
 817              	u8g2_m_32_8_1:
 818              	.LVL48:
 819              	.LFB24:
 150:BSP/u8g2/u8g2_d_memory.c **** uint8_t *u8g2_m_32_8_1(uint8_t *page_cnt)
 151:BSP/u8g2/u8g2_d_memory.c **** {
 820              		.loc 1 151 1 is_stmt 1 view -0
 821              		.cfi_startproc
 822              		@ args = 0, pretend = 0, frame = 0
 823              		@ frame_needed = 0, uses_anonymous_args = 0
 824              		@ link register save eliminated.
 152:BSP/u8g2/u8g2_d_memory.c ****   static uint8_t buf[256];
 825              		.loc 1 152 3 view .LVU169
 153:BSP/u8g2/u8g2_d_memory.c ****   *page_cnt = 1;
 826              		.loc 1 153 3 view .LVU170
 827              		.loc 1 153 13 is_stmt 0 view .LVU171
 828 0000 0123     		movs	r3, #1
 829 0002 0370     		strb	r3, [r0]
 154:BSP/u8g2/u8g2_d_memory.c ****   return buf;
 830              		.loc 1 154 3 is_stmt 1 view .LVU172
 155:BSP/u8g2/u8g2_d_memory.c **** }
 831              		.loc 1 155 1 is_stmt 0 view .LVU173
 832 0004 0048     		ldr	r0, .L74
 833              	.LVL49:
 834              		.loc 1 155 1 view .LVU174
 835 0006 7047     		bx	lr
 836              	.L75:
 837              		.align	2
 838              	.L74:
 839 0008 00000000 		.word	buf.104
 840              		.cfi_endproc
 841              	.LFE24:
 843              		.section	.text.u8g2_m_32_8_2,"ax",%progbits
 844              		.align	1
 845              		.global	u8g2_m_32_8_2
 846              		.syntax unified
 847              		.thumb
 848              		.thumb_func
 850              	u8g2_m_32_8_2:
 851              	.LVL50:
 852              	.LFB25:
 156:BSP/u8g2/u8g2_d_memory.c **** uint8_t *u8g2_m_32_8_2(uint8_t *page_cnt)
 157:BSP/u8g2/u8g2_d_memory.c **** {
 853              		.loc 1 157 1 is_stmt 1 view -0
 854              		.cfi_startproc
 855              		@ args = 0, pretend = 0, frame = 0
 856              		@ frame_needed = 0, uses_anonymous_args = 0
 857              		@ link register save eliminated.
 158:BSP/u8g2/u8g2_d_memory.c ****   static uint8_t buf[512];
 858              		.loc 1 158 3 view .LVU176
 159:BSP/u8g2/u8g2_d_memory.c ****   *page_cnt = 2;
 859              		.loc 1 159 3 view .LVU177
 860              		.loc 1 159 13 is_stmt 0 view .LVU178
 861 0000 0223     		movs	r3, #2
ARM GAS  /tmp/ccynqwCP.s 			page 18


 862 0002 0370     		strb	r3, [r0]
 160:BSP/u8g2/u8g2_d_memory.c ****   return buf;
 863              		.loc 1 160 3 is_stmt 1 view .LVU179
 161:BSP/u8g2/u8g2_d_memory.c **** }
 864              		.loc 1 161 1 is_stmt 0 view .LVU180
 865 0004 0048     		ldr	r0, .L77
 866              	.LVL51:
 867              		.loc 1 161 1 view .LVU181
 868 0006 7047     		bx	lr
 869              	.L78:
 870              		.align	2
 871              	.L77:
 872 0008 00000000 		.word	buf.103
 873              		.cfi_endproc
 874              	.LFE25:
 876              		.section	.text.u8g2_m_32_8_f,"ax",%progbits
 877              		.align	1
 878              		.global	u8g2_m_32_8_f
 879              		.syntax unified
 880              		.thumb
 881              		.thumb_func
 883              	u8g2_m_32_8_f:
 884              	.LVL52:
 885              	.LFB26:
 162:BSP/u8g2/u8g2_d_memory.c **** uint8_t *u8g2_m_32_8_f(uint8_t *page_cnt)
 163:BSP/u8g2/u8g2_d_memory.c **** {
 886              		.loc 1 163 1 is_stmt 1 view -0
 887              		.cfi_startproc
 888              		@ args = 0, pretend = 0, frame = 0
 889              		@ frame_needed = 0, uses_anonymous_args = 0
 890              		@ link register save eliminated.
 164:BSP/u8g2/u8g2_d_memory.c ****   static uint8_t buf[2048];
 891              		.loc 1 164 3 view .LVU183
 165:BSP/u8g2/u8g2_d_memory.c ****   *page_cnt = 8;
 892              		.loc 1 165 3 view .LVU184
 893              		.loc 1 165 13 is_stmt 0 view .LVU185
 894 0000 0823     		movs	r3, #8
 895 0002 0370     		strb	r3, [r0]
 166:BSP/u8g2/u8g2_d_memory.c ****   return buf;
 896              		.loc 1 166 3 is_stmt 1 view .LVU186
 167:BSP/u8g2/u8g2_d_memory.c **** }
 897              		.loc 1 167 1 is_stmt 0 view .LVU187
 898 0004 0048     		ldr	r0, .L80
 899              	.LVL53:
 900              		.loc 1 167 1 view .LVU188
 901 0006 7047     		bx	lr
 902              	.L81:
 903              		.align	2
 904              	.L80:
 905 0008 00000000 		.word	buf.102
 906              		.cfi_endproc
 907              	.LFE26:
 909              		.section	.text.u8g2_m_8_6_1,"ax",%progbits
 910              		.align	1
 911              		.global	u8g2_m_8_6_1
 912              		.syntax unified
 913              		.thumb
ARM GAS  /tmp/ccynqwCP.s 			page 19


 914              		.thumb_func
 916              	u8g2_m_8_6_1:
 917              	.LVL54:
 918              	.LFB27:
 168:BSP/u8g2/u8g2_d_memory.c **** uint8_t *u8g2_m_8_6_1(uint8_t *page_cnt)
 169:BSP/u8g2/u8g2_d_memory.c **** {
 919              		.loc 1 169 1 is_stmt 1 view -0
 920              		.cfi_startproc
 921              		@ args = 0, pretend = 0, frame = 0
 922              		@ frame_needed = 0, uses_anonymous_args = 0
 923              		@ link register save eliminated.
 170:BSP/u8g2/u8g2_d_memory.c ****   static uint8_t buf[64];
 924              		.loc 1 170 3 view .LVU190
 171:BSP/u8g2/u8g2_d_memory.c ****   *page_cnt = 1;
 925              		.loc 1 171 3 view .LVU191
 926              		.loc 1 171 13 is_stmt 0 view .LVU192
 927 0000 0123     		movs	r3, #1
 928 0002 0370     		strb	r3, [r0]
 172:BSP/u8g2/u8g2_d_memory.c ****   return buf;
 929              		.loc 1 172 3 is_stmt 1 view .LVU193
 173:BSP/u8g2/u8g2_d_memory.c **** }
 930              		.loc 1 173 1 is_stmt 0 view .LVU194
 931 0004 0048     		ldr	r0, .L83
 932              	.LVL55:
 933              		.loc 1 173 1 view .LVU195
 934 0006 7047     		bx	lr
 935              	.L84:
 936              		.align	2
 937              	.L83:
 938 0008 00000000 		.word	buf.101
 939              		.cfi_endproc
 940              	.LFE27:
 942              		.section	.text.u8g2_m_8_6_2,"ax",%progbits
 943              		.align	1
 944              		.global	u8g2_m_8_6_2
 945              		.syntax unified
 946              		.thumb
 947              		.thumb_func
 949              	u8g2_m_8_6_2:
 950              	.LVL56:
 951              	.LFB28:
 174:BSP/u8g2/u8g2_d_memory.c **** uint8_t *u8g2_m_8_6_2(uint8_t *page_cnt)
 175:BSP/u8g2/u8g2_d_memory.c **** {
 952              		.loc 1 175 1 is_stmt 1 view -0
 953              		.cfi_startproc
 954              		@ args = 0, pretend = 0, frame = 0
 955              		@ frame_needed = 0, uses_anonymous_args = 0
 956              		@ link register save eliminated.
 176:BSP/u8g2/u8g2_d_memory.c ****   static uint8_t buf[128];
 957              		.loc 1 176 3 view .LVU197
 177:BSP/u8g2/u8g2_d_memory.c ****   *page_cnt = 2;
 958              		.loc 1 177 3 view .LVU198
 959              		.loc 1 177 13 is_stmt 0 view .LVU199
 960 0000 0223     		movs	r3, #2
 961 0002 0370     		strb	r3, [r0]
 178:BSP/u8g2/u8g2_d_memory.c ****   return buf;
 962              		.loc 1 178 3 is_stmt 1 view .LVU200
ARM GAS  /tmp/ccynqwCP.s 			page 20


 179:BSP/u8g2/u8g2_d_memory.c **** }
 963              		.loc 1 179 1 is_stmt 0 view .LVU201
 964 0004 0048     		ldr	r0, .L86
 965              	.LVL57:
 966              		.loc 1 179 1 view .LVU202
 967 0006 7047     		bx	lr
 968              	.L87:
 969              		.align	2
 970              	.L86:
 971 0008 00000000 		.word	buf.100
 972              		.cfi_endproc
 973              	.LFE28:
 975              		.section	.text.u8g2_m_8_6_f,"ax",%progbits
 976              		.align	1
 977              		.global	u8g2_m_8_6_f
 978              		.syntax unified
 979              		.thumb
 980              		.thumb_func
 982              	u8g2_m_8_6_f:
 983              	.LVL58:
 984              	.LFB29:
 180:BSP/u8g2/u8g2_d_memory.c **** uint8_t *u8g2_m_8_6_f(uint8_t *page_cnt)
 181:BSP/u8g2/u8g2_d_memory.c **** {
 985              		.loc 1 181 1 is_stmt 1 view -0
 986              		.cfi_startproc
 987              		@ args = 0, pretend = 0, frame = 0
 988              		@ frame_needed = 0, uses_anonymous_args = 0
 989              		@ link register save eliminated.
 182:BSP/u8g2/u8g2_d_memory.c ****   static uint8_t buf[384];
 990              		.loc 1 182 3 view .LVU204
 183:BSP/u8g2/u8g2_d_memory.c ****   *page_cnt = 6;
 991              		.loc 1 183 3 view .LVU205
 992              		.loc 1 183 13 is_stmt 0 view .LVU206
 993 0000 0623     		movs	r3, #6
 994 0002 0370     		strb	r3, [r0]
 184:BSP/u8g2/u8g2_d_memory.c ****   return buf;
 995              		.loc 1 184 3 is_stmt 1 view .LVU207
 185:BSP/u8g2/u8g2_d_memory.c **** }
 996              		.loc 1 185 1 is_stmt 0 view .LVU208
 997 0004 0048     		ldr	r0, .L89
 998              	.LVL59:
 999              		.loc 1 185 1 view .LVU209
 1000 0006 7047     		bx	lr
 1001              	.L90:
 1002              		.align	2
 1003              	.L89:
 1004 0008 00000000 		.word	buf.99
 1005              		.cfi_endproc
 1006              	.LFE29:
 1008              		.section	.text.u8g2_m_6_8_1,"ax",%progbits
 1009              		.align	1
 1010              		.global	u8g2_m_6_8_1
 1011              		.syntax unified
 1012              		.thumb
 1013              		.thumb_func
 1015              	u8g2_m_6_8_1:
 1016              	.LVL60:
ARM GAS  /tmp/ccynqwCP.s 			page 21


 1017              	.LFB30:
 186:BSP/u8g2/u8g2_d_memory.c **** uint8_t *u8g2_m_6_8_1(uint8_t *page_cnt)
 187:BSP/u8g2/u8g2_d_memory.c **** {
 1018              		.loc 1 187 1 is_stmt 1 view -0
 1019              		.cfi_startproc
 1020              		@ args = 0, pretend = 0, frame = 0
 1021              		@ frame_needed = 0, uses_anonymous_args = 0
 1022              		@ link register save eliminated.
 188:BSP/u8g2/u8g2_d_memory.c ****   static uint8_t buf[48];
 1023              		.loc 1 188 3 view .LVU211
 189:BSP/u8g2/u8g2_d_memory.c ****   *page_cnt = 1;
 1024              		.loc 1 189 3 view .LVU212
 1025              		.loc 1 189 13 is_stmt 0 view .LVU213
 1026 0000 0123     		movs	r3, #1
 1027 0002 0370     		strb	r3, [r0]
 190:BSP/u8g2/u8g2_d_memory.c ****   return buf;
 1028              		.loc 1 190 3 is_stmt 1 view .LVU214
 191:BSP/u8g2/u8g2_d_memory.c **** }
 1029              		.loc 1 191 1 is_stmt 0 view .LVU215
 1030 0004 0048     		ldr	r0, .L92
 1031              	.LVL61:
 1032              		.loc 1 191 1 view .LVU216
 1033 0006 7047     		bx	lr
 1034              	.L93:
 1035              		.align	2
 1036              	.L92:
 1037 0008 00000000 		.word	buf.98
 1038              		.cfi_endproc
 1039              	.LFE30:
 1041              		.section	.text.u8g2_m_6_8_2,"ax",%progbits
 1042              		.align	1
 1043              		.global	u8g2_m_6_8_2
 1044              		.syntax unified
 1045              		.thumb
 1046              		.thumb_func
 1048              	u8g2_m_6_8_2:
 1049              	.LVL62:
 1050              	.LFB31:
 192:BSP/u8g2/u8g2_d_memory.c **** uint8_t *u8g2_m_6_8_2(uint8_t *page_cnt)
 193:BSP/u8g2/u8g2_d_memory.c **** {
 1051              		.loc 1 193 1 is_stmt 1 view -0
 1052              		.cfi_startproc
 1053              		@ args = 0, pretend = 0, frame = 0
 1054              		@ frame_needed = 0, uses_anonymous_args = 0
 1055              		@ link register save eliminated.
 194:BSP/u8g2/u8g2_d_memory.c ****   static uint8_t buf[96];
 1056              		.loc 1 194 3 view .LVU218
 195:BSP/u8g2/u8g2_d_memory.c ****   *page_cnt = 2;
 1057              		.loc 1 195 3 view .LVU219
 1058              		.loc 1 195 13 is_stmt 0 view .LVU220
 1059 0000 0223     		movs	r3, #2
 1060 0002 0370     		strb	r3, [r0]
 196:BSP/u8g2/u8g2_d_memory.c ****   return buf;
 1061              		.loc 1 196 3 is_stmt 1 view .LVU221
 197:BSP/u8g2/u8g2_d_memory.c **** }
 1062              		.loc 1 197 1 is_stmt 0 view .LVU222
 1063 0004 0048     		ldr	r0, .L95
ARM GAS  /tmp/ccynqwCP.s 			page 22


 1064              	.LVL63:
 1065              		.loc 1 197 1 view .LVU223
 1066 0006 7047     		bx	lr
 1067              	.L96:
 1068              		.align	2
 1069              	.L95:
 1070 0008 00000000 		.word	buf.97
 1071              		.cfi_endproc
 1072              	.LFE31:
 1074              		.section	.text.u8g2_m_6_8_f,"ax",%progbits
 1075              		.align	1
 1076              		.global	u8g2_m_6_8_f
 1077              		.syntax unified
 1078              		.thumb
 1079              		.thumb_func
 1081              	u8g2_m_6_8_f:
 1082              	.LVL64:
 1083              	.LFB32:
 198:BSP/u8g2/u8g2_d_memory.c **** uint8_t *u8g2_m_6_8_f(uint8_t *page_cnt)
 199:BSP/u8g2/u8g2_d_memory.c **** {
 1084              		.loc 1 199 1 is_stmt 1 view -0
 1085              		.cfi_startproc
 1086              		@ args = 0, pretend = 0, frame = 0
 1087              		@ frame_needed = 0, uses_anonymous_args = 0
 1088              		@ link register save eliminated.
 200:BSP/u8g2/u8g2_d_memory.c ****   static uint8_t buf[384];
 1089              		.loc 1 200 3 view .LVU225
 201:BSP/u8g2/u8g2_d_memory.c ****   *page_cnt = 8;
 1090              		.loc 1 201 3 view .LVU226
 1091              		.loc 1 201 13 is_stmt 0 view .LVU227
 1092 0000 0823     		movs	r3, #8
 1093 0002 0370     		strb	r3, [r0]
 202:BSP/u8g2/u8g2_d_memory.c ****   return buf;
 1094              		.loc 1 202 3 is_stmt 1 view .LVU228
 203:BSP/u8g2/u8g2_d_memory.c **** }
 1095              		.loc 1 203 1 is_stmt 0 view .LVU229
 1096 0004 0048     		ldr	r0, .L98
 1097              	.LVL65:
 1098              		.loc 1 203 1 view .LVU230
 1099 0006 7047     		bx	lr
 1100              	.L99:
 1101              		.align	2
 1102              	.L98:
 1103 0008 00000000 		.word	buf.96
 1104              		.cfi_endproc
 1105              	.LFE32:
 1107              		.section	.text.u8g2_m_12_2_1,"ax",%progbits
 1108              		.align	1
 1109              		.global	u8g2_m_12_2_1
 1110              		.syntax unified
 1111              		.thumb
 1112              		.thumb_func
 1114              	u8g2_m_12_2_1:
 1115              	.LVL66:
 1116              	.LFB33:
 204:BSP/u8g2/u8g2_d_memory.c **** uint8_t *u8g2_m_12_2_1(uint8_t *page_cnt)
 205:BSP/u8g2/u8g2_d_memory.c **** {
ARM GAS  /tmp/ccynqwCP.s 			page 23


 1117              		.loc 1 205 1 is_stmt 1 view -0
 1118              		.cfi_startproc
 1119              		@ args = 0, pretend = 0, frame = 0
 1120              		@ frame_needed = 0, uses_anonymous_args = 0
 1121              		@ link register save eliminated.
 206:BSP/u8g2/u8g2_d_memory.c ****   static uint8_t buf[96];
 1122              		.loc 1 206 3 view .LVU232
 207:BSP/u8g2/u8g2_d_memory.c ****   *page_cnt = 1;
 1123              		.loc 1 207 3 view .LVU233
 1124              		.loc 1 207 13 is_stmt 0 view .LVU234
 1125 0000 0123     		movs	r3, #1
 1126 0002 0370     		strb	r3, [r0]
 208:BSP/u8g2/u8g2_d_memory.c ****   return buf;
 1127              		.loc 1 208 3 is_stmt 1 view .LVU235
 209:BSP/u8g2/u8g2_d_memory.c **** }
 1128              		.loc 1 209 1 is_stmt 0 view .LVU236
 1129 0004 0048     		ldr	r0, .L101
 1130              	.LVL67:
 1131              		.loc 1 209 1 view .LVU237
 1132 0006 7047     		bx	lr
 1133              	.L102:
 1134              		.align	2
 1135              	.L101:
 1136 0008 00000000 		.word	buf.95
 1137              		.cfi_endproc
 1138              	.LFE33:
 1140              		.section	.text.u8g2_m_12_2_2,"ax",%progbits
 1141              		.align	1
 1142              		.global	u8g2_m_12_2_2
 1143              		.syntax unified
 1144              		.thumb
 1145              		.thumb_func
 1147              	u8g2_m_12_2_2:
 1148              	.LVL68:
 1149              	.LFB34:
 210:BSP/u8g2/u8g2_d_memory.c **** uint8_t *u8g2_m_12_2_2(uint8_t *page_cnt)
 211:BSP/u8g2/u8g2_d_memory.c **** {
 1150              		.loc 1 211 1 is_stmt 1 view -0
 1151              		.cfi_startproc
 1152              		@ args = 0, pretend = 0, frame = 0
 1153              		@ frame_needed = 0, uses_anonymous_args = 0
 1154              		@ link register save eliminated.
 212:BSP/u8g2/u8g2_d_memory.c ****   static uint8_t buf[192];
 1155              		.loc 1 212 3 view .LVU239
 213:BSP/u8g2/u8g2_d_memory.c ****   *page_cnt = 2;
 1156              		.loc 1 213 3 view .LVU240
 1157              		.loc 1 213 13 is_stmt 0 view .LVU241
 1158 0000 0223     		movs	r3, #2
 1159 0002 0370     		strb	r3, [r0]
 214:BSP/u8g2/u8g2_d_memory.c ****   return buf;
 1160              		.loc 1 214 3 is_stmt 1 view .LVU242
 215:BSP/u8g2/u8g2_d_memory.c **** }
 1161              		.loc 1 215 1 is_stmt 0 view .LVU243
 1162 0004 0048     		ldr	r0, .L104
 1163              	.LVL69:
 1164              		.loc 1 215 1 view .LVU244
 1165 0006 7047     		bx	lr
ARM GAS  /tmp/ccynqwCP.s 			page 24


 1166              	.L105:
 1167              		.align	2
 1168              	.L104:
 1169 0008 00000000 		.word	buf.94
 1170              		.cfi_endproc
 1171              	.LFE34:
 1173              		.section	.text.u8g2_m_12_2_f,"ax",%progbits
 1174              		.align	1
 1175              		.global	u8g2_m_12_2_f
 1176              		.syntax unified
 1177              		.thumb
 1178              		.thumb_func
 1180              	u8g2_m_12_2_f:
 1181              	.LVL70:
 1182              	.LFB35:
 216:BSP/u8g2/u8g2_d_memory.c **** uint8_t *u8g2_m_12_2_f(uint8_t *page_cnt)
 217:BSP/u8g2/u8g2_d_memory.c **** {
 1183              		.loc 1 217 1 is_stmt 1 view -0
 1184              		.cfi_startproc
 1185              		@ args = 0, pretend = 0, frame = 0
 1186              		@ frame_needed = 0, uses_anonymous_args = 0
 1187              		@ link register save eliminated.
 218:BSP/u8g2/u8g2_d_memory.c ****   static uint8_t buf[192];
 1188              		.loc 1 218 3 view .LVU246
 219:BSP/u8g2/u8g2_d_memory.c ****   *page_cnt = 2;
 1189              		.loc 1 219 3 view .LVU247
 1190              		.loc 1 219 13 is_stmt 0 view .LVU248
 1191 0000 0223     		movs	r3, #2
 1192 0002 0370     		strb	r3, [r0]
 220:BSP/u8g2/u8g2_d_memory.c ****   return buf;
 1193              		.loc 1 220 3 is_stmt 1 view .LVU249
 221:BSP/u8g2/u8g2_d_memory.c **** }
 1194              		.loc 1 221 1 is_stmt 0 view .LVU250
 1195 0004 0048     		ldr	r0, .L107
 1196              	.LVL71:
 1197              		.loc 1 221 1 view .LVU251
 1198 0006 7047     		bx	lr
 1199              	.L108:
 1200              		.align	2
 1201              	.L107:
 1202 0008 00000000 		.word	buf.93
 1203              		.cfi_endproc
 1204              	.LFE35:
 1206              		.section	.text.u8g2_m_16_12_1,"ax",%progbits
 1207              		.align	1
 1208              		.global	u8g2_m_16_12_1
 1209              		.syntax unified
 1210              		.thumb
 1211              		.thumb_func
 1213              	u8g2_m_16_12_1:
 1214              	.LVL72:
 1215              	.LFB36:
 222:BSP/u8g2/u8g2_d_memory.c **** uint8_t *u8g2_m_16_12_1(uint8_t *page_cnt)
 223:BSP/u8g2/u8g2_d_memory.c **** {
 1216              		.loc 1 223 1 is_stmt 1 view -0
 1217              		.cfi_startproc
 1218              		@ args = 0, pretend = 0, frame = 0
ARM GAS  /tmp/ccynqwCP.s 			page 25


 1219              		@ frame_needed = 0, uses_anonymous_args = 0
 1220              		@ link register save eliminated.
 224:BSP/u8g2/u8g2_d_memory.c ****   static uint8_t buf[128];
 1221              		.loc 1 224 3 view .LVU253
 225:BSP/u8g2/u8g2_d_memory.c ****   *page_cnt = 1;
 1222              		.loc 1 225 3 view .LVU254
 1223              		.loc 1 225 13 is_stmt 0 view .LVU255
 1224 0000 0123     		movs	r3, #1
 1225 0002 0370     		strb	r3, [r0]
 226:BSP/u8g2/u8g2_d_memory.c ****   return buf;
 1226              		.loc 1 226 3 is_stmt 1 view .LVU256
 227:BSP/u8g2/u8g2_d_memory.c **** }
 1227              		.loc 1 227 1 is_stmt 0 view .LVU257
 1228 0004 0048     		ldr	r0, .L110
 1229              	.LVL73:
 1230              		.loc 1 227 1 view .LVU258
 1231 0006 7047     		bx	lr
 1232              	.L111:
 1233              		.align	2
 1234              	.L110:
 1235 0008 00000000 		.word	buf.92
 1236              		.cfi_endproc
 1237              	.LFE36:
 1239              		.section	.text.u8g2_m_16_12_2,"ax",%progbits
 1240              		.align	1
 1241              		.global	u8g2_m_16_12_2
 1242              		.syntax unified
 1243              		.thumb
 1244              		.thumb_func
 1246              	u8g2_m_16_12_2:
 1247              	.LVL74:
 1248              	.LFB37:
 228:BSP/u8g2/u8g2_d_memory.c **** uint8_t *u8g2_m_16_12_2(uint8_t *page_cnt)
 229:BSP/u8g2/u8g2_d_memory.c **** {
 1249              		.loc 1 229 1 is_stmt 1 view -0
 1250              		.cfi_startproc
 1251              		@ args = 0, pretend = 0, frame = 0
 1252              		@ frame_needed = 0, uses_anonymous_args = 0
 1253              		@ link register save eliminated.
 230:BSP/u8g2/u8g2_d_memory.c ****   static uint8_t buf[256];
 1254              		.loc 1 230 3 view .LVU260
 231:BSP/u8g2/u8g2_d_memory.c ****   *page_cnt = 2;
 1255              		.loc 1 231 3 view .LVU261
 1256              		.loc 1 231 13 is_stmt 0 view .LVU262
 1257 0000 0223     		movs	r3, #2
 1258 0002 0370     		strb	r3, [r0]
 232:BSP/u8g2/u8g2_d_memory.c ****   return buf;
 1259              		.loc 1 232 3 is_stmt 1 view .LVU263
 233:BSP/u8g2/u8g2_d_memory.c **** }
 1260              		.loc 1 233 1 is_stmt 0 view .LVU264
 1261 0004 0048     		ldr	r0, .L113
 1262              	.LVL75:
 1263              		.loc 1 233 1 view .LVU265
 1264 0006 7047     		bx	lr
 1265              	.L114:
 1266              		.align	2
 1267              	.L113:
ARM GAS  /tmp/ccynqwCP.s 			page 26


 1268 0008 00000000 		.word	buf.91
 1269              		.cfi_endproc
 1270              	.LFE37:
 1272              		.section	.text.u8g2_m_16_12_f,"ax",%progbits
 1273              		.align	1
 1274              		.global	u8g2_m_16_12_f
 1275              		.syntax unified
 1276              		.thumb
 1277              		.thumb_func
 1279              	u8g2_m_16_12_f:
 1280              	.LVL76:
 1281              	.LFB38:
 234:BSP/u8g2/u8g2_d_memory.c **** uint8_t *u8g2_m_16_12_f(uint8_t *page_cnt)
 235:BSP/u8g2/u8g2_d_memory.c **** {
 1282              		.loc 1 235 1 is_stmt 1 view -0
 1283              		.cfi_startproc
 1284              		@ args = 0, pretend = 0, frame = 0
 1285              		@ frame_needed = 0, uses_anonymous_args = 0
 1286              		@ link register save eliminated.
 236:BSP/u8g2/u8g2_d_memory.c ****   static uint8_t buf[1536];
 1287              		.loc 1 236 3 view .LVU267
 237:BSP/u8g2/u8g2_d_memory.c ****   *page_cnt = 12;
 1288              		.loc 1 237 3 view .LVU268
 1289              		.loc 1 237 13 is_stmt 0 view .LVU269
 1290 0000 0C23     		movs	r3, #12
 1291 0002 0370     		strb	r3, [r0]
 238:BSP/u8g2/u8g2_d_memory.c ****   return buf;
 1292              		.loc 1 238 3 is_stmt 1 view .LVU270
 239:BSP/u8g2/u8g2_d_memory.c **** }
 1293              		.loc 1 239 1 is_stmt 0 view .LVU271
 1294 0004 0048     		ldr	r0, .L116
 1295              	.LVL77:
 1296              		.loc 1 239 1 view .LVU272
 1297 0006 7047     		bx	lr
 1298              	.L117:
 1299              		.align	2
 1300              	.L116:
 1301 0008 00000000 		.word	buf.90
 1302              		.cfi_endproc
 1303              	.LFE38:
 1305              		.section	.text.u8g2_m_32_4_1,"ax",%progbits
 1306              		.align	1
 1307              		.global	u8g2_m_32_4_1
 1308              		.syntax unified
 1309              		.thumb
 1310              		.thumb_func
 1312              	u8g2_m_32_4_1:
 1313              	.LVL78:
 1314              	.LFB39:
 240:BSP/u8g2/u8g2_d_memory.c **** uint8_t *u8g2_m_32_4_1(uint8_t *page_cnt)
 241:BSP/u8g2/u8g2_d_memory.c **** {
 1315              		.loc 1 241 1 is_stmt 1 view -0
 1316              		.cfi_startproc
 1317              		@ args = 0, pretend = 0, frame = 0
 1318              		@ frame_needed = 0, uses_anonymous_args = 0
 1319              		@ link register save eliminated.
 242:BSP/u8g2/u8g2_d_memory.c ****   static uint8_t buf[256];
ARM GAS  /tmp/ccynqwCP.s 			page 27


 1320              		.loc 1 242 3 view .LVU274
 243:BSP/u8g2/u8g2_d_memory.c ****   *page_cnt = 1;
 1321              		.loc 1 243 3 view .LVU275
 1322              		.loc 1 243 13 is_stmt 0 view .LVU276
 1323 0000 0123     		movs	r3, #1
 1324 0002 0370     		strb	r3, [r0]
 244:BSP/u8g2/u8g2_d_memory.c ****   return buf;
 1325              		.loc 1 244 3 is_stmt 1 view .LVU277
 245:BSP/u8g2/u8g2_d_memory.c **** }
 1326              		.loc 1 245 1 is_stmt 0 view .LVU278
 1327 0004 0048     		ldr	r0, .L119
 1328              	.LVL79:
 1329              		.loc 1 245 1 view .LVU279
 1330 0006 7047     		bx	lr
 1331              	.L120:
 1332              		.align	2
 1333              	.L119:
 1334 0008 00000000 		.word	buf.89
 1335              		.cfi_endproc
 1336              	.LFE39:
 1338              		.section	.text.u8g2_m_32_4_2,"ax",%progbits
 1339              		.align	1
 1340              		.global	u8g2_m_32_4_2
 1341              		.syntax unified
 1342              		.thumb
 1343              		.thumb_func
 1345              	u8g2_m_32_4_2:
 1346              	.LVL80:
 1347              	.LFB40:
 246:BSP/u8g2/u8g2_d_memory.c **** uint8_t *u8g2_m_32_4_2(uint8_t *page_cnt)
 247:BSP/u8g2/u8g2_d_memory.c **** {
 1348              		.loc 1 247 1 is_stmt 1 view -0
 1349              		.cfi_startproc
 1350              		@ args = 0, pretend = 0, frame = 0
 1351              		@ frame_needed = 0, uses_anonymous_args = 0
 1352              		@ link register save eliminated.
 248:BSP/u8g2/u8g2_d_memory.c ****   static uint8_t buf[512];
 1353              		.loc 1 248 3 view .LVU281
 249:BSP/u8g2/u8g2_d_memory.c ****   *page_cnt = 2;
 1354              		.loc 1 249 3 view .LVU282
 1355              		.loc 1 249 13 is_stmt 0 view .LVU283
 1356 0000 0223     		movs	r3, #2
 1357 0002 0370     		strb	r3, [r0]
 250:BSP/u8g2/u8g2_d_memory.c ****   return buf;
 1358              		.loc 1 250 3 is_stmt 1 view .LVU284
 251:BSP/u8g2/u8g2_d_memory.c **** }
 1359              		.loc 1 251 1 is_stmt 0 view .LVU285
 1360 0004 0048     		ldr	r0, .L122
 1361              	.LVL81:
 1362              		.loc 1 251 1 view .LVU286
 1363 0006 7047     		bx	lr
 1364              	.L123:
 1365              		.align	2
 1366              	.L122:
 1367 0008 00000000 		.word	buf.88
 1368              		.cfi_endproc
 1369              	.LFE40:
ARM GAS  /tmp/ccynqwCP.s 			page 28


 1371              		.section	.text.u8g2_m_32_4_f,"ax",%progbits
 1372              		.align	1
 1373              		.global	u8g2_m_32_4_f
 1374              		.syntax unified
 1375              		.thumb
 1376              		.thumb_func
 1378              	u8g2_m_32_4_f:
 1379              	.LVL82:
 1380              	.LFB41:
 252:BSP/u8g2/u8g2_d_memory.c **** uint8_t *u8g2_m_32_4_f(uint8_t *page_cnt)
 253:BSP/u8g2/u8g2_d_memory.c **** {
 1381              		.loc 1 253 1 is_stmt 1 view -0
 1382              		.cfi_startproc
 1383              		@ args = 0, pretend = 0, frame = 0
 1384              		@ frame_needed = 0, uses_anonymous_args = 0
 1385              		@ link register save eliminated.
 254:BSP/u8g2/u8g2_d_memory.c ****   static uint8_t buf[1024];
 1386              		.loc 1 254 3 view .LVU288
 255:BSP/u8g2/u8g2_d_memory.c ****   *page_cnt = 4;
 1387              		.loc 1 255 3 view .LVU289
 1388              		.loc 1 255 13 is_stmt 0 view .LVU290
 1389 0000 0423     		movs	r3, #4
 1390 0002 0370     		strb	r3, [r0]
 256:BSP/u8g2/u8g2_d_memory.c ****   return buf;
 1391              		.loc 1 256 3 is_stmt 1 view .LVU291
 257:BSP/u8g2/u8g2_d_memory.c **** }
 1392              		.loc 1 257 1 is_stmt 0 view .LVU292
 1393 0004 0048     		ldr	r0, .L125
 1394              	.LVL83:
 1395              		.loc 1 257 1 view .LVU293
 1396 0006 7047     		bx	lr
 1397              	.L126:
 1398              		.align	2
 1399              	.L125:
 1400 0008 00000000 		.word	buf.87
 1401              		.cfi_endproc
 1402              	.LFE41:
 1404              		.section	.text.u8g2_m_24_4_1,"ax",%progbits
 1405              		.align	1
 1406              		.global	u8g2_m_24_4_1
 1407              		.syntax unified
 1408              		.thumb
 1409              		.thumb_func
 1411              	u8g2_m_24_4_1:
 1412              	.LVL84:
 1413              	.LFB42:
 258:BSP/u8g2/u8g2_d_memory.c **** uint8_t *u8g2_m_24_4_1(uint8_t *page_cnt)
 259:BSP/u8g2/u8g2_d_memory.c **** {
 1414              		.loc 1 259 1 is_stmt 1 view -0
 1415              		.cfi_startproc
 1416              		@ args = 0, pretend = 0, frame = 0
 1417              		@ frame_needed = 0, uses_anonymous_args = 0
 1418              		@ link register save eliminated.
 260:BSP/u8g2/u8g2_d_memory.c ****   static uint8_t buf[192];
 1419              		.loc 1 260 3 view .LVU295
 261:BSP/u8g2/u8g2_d_memory.c ****   *page_cnt = 1;
 1420              		.loc 1 261 3 view .LVU296
ARM GAS  /tmp/ccynqwCP.s 			page 29


 1421              		.loc 1 261 13 is_stmt 0 view .LVU297
 1422 0000 0123     		movs	r3, #1
 1423 0002 0370     		strb	r3, [r0]
 262:BSP/u8g2/u8g2_d_memory.c ****   return buf;
 1424              		.loc 1 262 3 is_stmt 1 view .LVU298
 263:BSP/u8g2/u8g2_d_memory.c **** }
 1425              		.loc 1 263 1 is_stmt 0 view .LVU299
 1426 0004 0048     		ldr	r0, .L128
 1427              	.LVL85:
 1428              		.loc 1 263 1 view .LVU300
 1429 0006 7047     		bx	lr
 1430              	.L129:
 1431              		.align	2
 1432              	.L128:
 1433 0008 00000000 		.word	buf.86
 1434              		.cfi_endproc
 1435              	.LFE42:
 1437              		.section	.text.u8g2_m_24_4_2,"ax",%progbits
 1438              		.align	1
 1439              		.global	u8g2_m_24_4_2
 1440              		.syntax unified
 1441              		.thumb
 1442              		.thumb_func
 1444              	u8g2_m_24_4_2:
 1445              	.LVL86:
 1446              	.LFB43:
 264:BSP/u8g2/u8g2_d_memory.c **** uint8_t *u8g2_m_24_4_2(uint8_t *page_cnt)
 265:BSP/u8g2/u8g2_d_memory.c **** {
 1447              		.loc 1 265 1 is_stmt 1 view -0
 1448              		.cfi_startproc
 1449              		@ args = 0, pretend = 0, frame = 0
 1450              		@ frame_needed = 0, uses_anonymous_args = 0
 1451              		@ link register save eliminated.
 266:BSP/u8g2/u8g2_d_memory.c ****   static uint8_t buf[384];
 1452              		.loc 1 266 3 view .LVU302
 267:BSP/u8g2/u8g2_d_memory.c ****   *page_cnt = 2;
 1453              		.loc 1 267 3 view .LVU303
 1454              		.loc 1 267 13 is_stmt 0 view .LVU304
 1455 0000 0223     		movs	r3, #2
 1456 0002 0370     		strb	r3, [r0]
 268:BSP/u8g2/u8g2_d_memory.c ****   return buf;
 1457              		.loc 1 268 3 is_stmt 1 view .LVU305
 269:BSP/u8g2/u8g2_d_memory.c **** }
 1458              		.loc 1 269 1 is_stmt 0 view .LVU306
 1459 0004 0048     		ldr	r0, .L131
 1460              	.LVL87:
 1461              		.loc 1 269 1 view .LVU307
 1462 0006 7047     		bx	lr
 1463              	.L132:
 1464              		.align	2
 1465              	.L131:
 1466 0008 00000000 		.word	buf.85
 1467              		.cfi_endproc
 1468              	.LFE43:
 1470              		.section	.text.u8g2_m_24_4_f,"ax",%progbits
 1471              		.align	1
 1472              		.global	u8g2_m_24_4_f
ARM GAS  /tmp/ccynqwCP.s 			page 30


 1473              		.syntax unified
 1474              		.thumb
 1475              		.thumb_func
 1477              	u8g2_m_24_4_f:
 1478              	.LVL88:
 1479              	.LFB44:
 270:BSP/u8g2/u8g2_d_memory.c **** uint8_t *u8g2_m_24_4_f(uint8_t *page_cnt)
 271:BSP/u8g2/u8g2_d_memory.c **** {
 1480              		.loc 1 271 1 is_stmt 1 view -0
 1481              		.cfi_startproc
 1482              		@ args = 0, pretend = 0, frame = 0
 1483              		@ frame_needed = 0, uses_anonymous_args = 0
 1484              		@ link register save eliminated.
 272:BSP/u8g2/u8g2_d_memory.c ****   static uint8_t buf[768];
 1485              		.loc 1 272 3 view .LVU309
 273:BSP/u8g2/u8g2_d_memory.c ****   *page_cnt = 4;
 1486              		.loc 1 273 3 view .LVU310
 1487              		.loc 1 273 13 is_stmt 0 view .LVU311
 1488 0000 0423     		movs	r3, #4
 1489 0002 0370     		strb	r3, [r0]
 274:BSP/u8g2/u8g2_d_memory.c ****   return buf;
 1490              		.loc 1 274 3 is_stmt 1 view .LVU312
 275:BSP/u8g2/u8g2_d_memory.c **** }
 1491              		.loc 1 275 1 is_stmt 0 view .LVU313
 1492 0004 0048     		ldr	r0, .L134
 1493              	.LVL89:
 1494              		.loc 1 275 1 view .LVU314
 1495 0006 7047     		bx	lr
 1496              	.L135:
 1497              		.align	2
 1498              	.L134:
 1499 0008 00000000 		.word	buf.84
 1500              		.cfi_endproc
 1501              	.LFE44:
 1503              		.section	.text.u8g2_m_50_30_1,"ax",%progbits
 1504              		.align	1
 1505              		.global	u8g2_m_50_30_1
 1506              		.syntax unified
 1507              		.thumb
 1508              		.thumb_func
 1510              	u8g2_m_50_30_1:
 1511              	.LVL90:
 1512              	.LFB45:
 276:BSP/u8g2/u8g2_d_memory.c **** uint8_t *u8g2_m_50_30_1(uint8_t *page_cnt)
 277:BSP/u8g2/u8g2_d_memory.c **** {
 1513              		.loc 1 277 1 is_stmt 1 view -0
 1514              		.cfi_startproc
 1515              		@ args = 0, pretend = 0, frame = 0
 1516              		@ frame_needed = 0, uses_anonymous_args = 0
 1517              		@ link register save eliminated.
 278:BSP/u8g2/u8g2_d_memory.c ****   static uint8_t buf[400];
 1518              		.loc 1 278 3 view .LVU316
 279:BSP/u8g2/u8g2_d_memory.c ****   *page_cnt = 1;
 1519              		.loc 1 279 3 view .LVU317
 1520              		.loc 1 279 13 is_stmt 0 view .LVU318
 1521 0000 0123     		movs	r3, #1
 1522 0002 0370     		strb	r3, [r0]
ARM GAS  /tmp/ccynqwCP.s 			page 31


 280:BSP/u8g2/u8g2_d_memory.c ****   return buf;
 1523              		.loc 1 280 3 is_stmt 1 view .LVU319
 281:BSP/u8g2/u8g2_d_memory.c **** }
 1524              		.loc 1 281 1 is_stmt 0 view .LVU320
 1525 0004 0048     		ldr	r0, .L137
 1526              	.LVL91:
 1527              		.loc 1 281 1 view .LVU321
 1528 0006 7047     		bx	lr
 1529              	.L138:
 1530              		.align	2
 1531              	.L137:
 1532 0008 00000000 		.word	buf.83
 1533              		.cfi_endproc
 1534              	.LFE45:
 1536              		.section	.text.u8g2_m_50_30_2,"ax",%progbits
 1537              		.align	1
 1538              		.global	u8g2_m_50_30_2
 1539              		.syntax unified
 1540              		.thumb
 1541              		.thumb_func
 1543              	u8g2_m_50_30_2:
 1544              	.LVL92:
 1545              	.LFB46:
 282:BSP/u8g2/u8g2_d_memory.c **** uint8_t *u8g2_m_50_30_2(uint8_t *page_cnt)
 283:BSP/u8g2/u8g2_d_memory.c **** {
 1546              		.loc 1 283 1 is_stmt 1 view -0
 1547              		.cfi_startproc
 1548              		@ args = 0, pretend = 0, frame = 0
 1549              		@ frame_needed = 0, uses_anonymous_args = 0
 1550              		@ link register save eliminated.
 284:BSP/u8g2/u8g2_d_memory.c ****   static uint8_t buf[800];
 1551              		.loc 1 284 3 view .LVU323
 285:BSP/u8g2/u8g2_d_memory.c ****   *page_cnt = 2;
 1552              		.loc 1 285 3 view .LVU324
 1553              		.loc 1 285 13 is_stmt 0 view .LVU325
 1554 0000 0223     		movs	r3, #2
 1555 0002 0370     		strb	r3, [r0]
 286:BSP/u8g2/u8g2_d_memory.c ****   return buf;
 1556              		.loc 1 286 3 is_stmt 1 view .LVU326
 287:BSP/u8g2/u8g2_d_memory.c **** }
 1557              		.loc 1 287 1 is_stmt 0 view .LVU327
 1558 0004 0048     		ldr	r0, .L140
 1559              	.LVL93:
 1560              		.loc 1 287 1 view .LVU328
 1561 0006 7047     		bx	lr
 1562              	.L141:
 1563              		.align	2
 1564              	.L140:
 1565 0008 00000000 		.word	buf.82
 1566              		.cfi_endproc
 1567              	.LFE46:
 1569              		.section	.text.u8g2_m_50_30_f,"ax",%progbits
 1570              		.align	1
 1571              		.global	u8g2_m_50_30_f
 1572              		.syntax unified
 1573              		.thumb
 1574              		.thumb_func
ARM GAS  /tmp/ccynqwCP.s 			page 32


 1576              	u8g2_m_50_30_f:
 1577              	.LVL94:
 1578              	.LFB47:
 288:BSP/u8g2/u8g2_d_memory.c **** uint8_t *u8g2_m_50_30_f(uint8_t *page_cnt)
 289:BSP/u8g2/u8g2_d_memory.c **** {
 1579              		.loc 1 289 1 is_stmt 1 view -0
 1580              		.cfi_startproc
 1581              		@ args = 0, pretend = 0, frame = 0
 1582              		@ frame_needed = 0, uses_anonymous_args = 0
 1583              		@ link register save eliminated.
 290:BSP/u8g2/u8g2_d_memory.c ****   static uint8_t buf[12000];
 1584              		.loc 1 290 3 view .LVU330
 291:BSP/u8g2/u8g2_d_memory.c ****   *page_cnt = 30;
 1585              		.loc 1 291 3 view .LVU331
 1586              		.loc 1 291 13 is_stmt 0 view .LVU332
 1587 0000 1E23     		movs	r3, #30
 1588 0002 0370     		strb	r3, [r0]
 292:BSP/u8g2/u8g2_d_memory.c ****   return buf;
 1589              		.loc 1 292 3 is_stmt 1 view .LVU333
 293:BSP/u8g2/u8g2_d_memory.c **** }
 1590              		.loc 1 293 1 is_stmt 0 view .LVU334
 1591 0004 0048     		ldr	r0, .L143
 1592              	.LVL95:
 1593              		.loc 1 293 1 view .LVU335
 1594 0006 7047     		bx	lr
 1595              	.L144:
 1596              		.align	2
 1597              	.L143:
 1598 0008 00000000 		.word	buf.81
 1599              		.cfi_endproc
 1600              	.LFE47:
 1602              		.section	.text.u8g2_m_18_21_1,"ax",%progbits
 1603              		.align	1
 1604              		.global	u8g2_m_18_21_1
 1605              		.syntax unified
 1606              		.thumb
 1607              		.thumb_func
 1609              	u8g2_m_18_21_1:
 1610              	.LVL96:
 1611              	.LFB48:
 294:BSP/u8g2/u8g2_d_memory.c **** uint8_t *u8g2_m_18_21_1(uint8_t *page_cnt)
 295:BSP/u8g2/u8g2_d_memory.c **** {
 1612              		.loc 1 295 1 is_stmt 1 view -0
 1613              		.cfi_startproc
 1614              		@ args = 0, pretend = 0, frame = 0
 1615              		@ frame_needed = 0, uses_anonymous_args = 0
 1616              		@ link register save eliminated.
 296:BSP/u8g2/u8g2_d_memory.c ****   static uint8_t buf[144];
 1617              		.loc 1 296 3 view .LVU337
 297:BSP/u8g2/u8g2_d_memory.c ****   *page_cnt = 1;
 1618              		.loc 1 297 3 view .LVU338
 1619              		.loc 1 297 13 is_stmt 0 view .LVU339
 1620 0000 0123     		movs	r3, #1
 1621 0002 0370     		strb	r3, [r0]
 298:BSP/u8g2/u8g2_d_memory.c ****   return buf;
 1622              		.loc 1 298 3 is_stmt 1 view .LVU340
 299:BSP/u8g2/u8g2_d_memory.c **** }
ARM GAS  /tmp/ccynqwCP.s 			page 33


 1623              		.loc 1 299 1 is_stmt 0 view .LVU341
 1624 0004 0048     		ldr	r0, .L146
 1625              	.LVL97:
 1626              		.loc 1 299 1 view .LVU342
 1627 0006 7047     		bx	lr
 1628              	.L147:
 1629              		.align	2
 1630              	.L146:
 1631 0008 00000000 		.word	buf.80
 1632              		.cfi_endproc
 1633              	.LFE48:
 1635              		.section	.text.u8g2_m_18_21_2,"ax",%progbits
 1636              		.align	1
 1637              		.global	u8g2_m_18_21_2
 1638              		.syntax unified
 1639              		.thumb
 1640              		.thumb_func
 1642              	u8g2_m_18_21_2:
 1643              	.LVL98:
 1644              	.LFB49:
 300:BSP/u8g2/u8g2_d_memory.c **** uint8_t *u8g2_m_18_21_2(uint8_t *page_cnt)
 301:BSP/u8g2/u8g2_d_memory.c **** {
 1645              		.loc 1 301 1 is_stmt 1 view -0
 1646              		.cfi_startproc
 1647              		@ args = 0, pretend = 0, frame = 0
 1648              		@ frame_needed = 0, uses_anonymous_args = 0
 1649              		@ link register save eliminated.
 302:BSP/u8g2/u8g2_d_memory.c ****   static uint8_t buf[288];
 1650              		.loc 1 302 3 view .LVU344
 303:BSP/u8g2/u8g2_d_memory.c ****   *page_cnt = 2;
 1651              		.loc 1 303 3 view .LVU345
 1652              		.loc 1 303 13 is_stmt 0 view .LVU346
 1653 0000 0223     		movs	r3, #2
 1654 0002 0370     		strb	r3, [r0]
 304:BSP/u8g2/u8g2_d_memory.c ****   return buf;
 1655              		.loc 1 304 3 is_stmt 1 view .LVU347
 305:BSP/u8g2/u8g2_d_memory.c **** }
 1656              		.loc 1 305 1 is_stmt 0 view .LVU348
 1657 0004 0048     		ldr	r0, .L149
 1658              	.LVL99:
 1659              		.loc 1 305 1 view .LVU349
 1660 0006 7047     		bx	lr
 1661              	.L150:
 1662              		.align	2
 1663              	.L149:
 1664 0008 00000000 		.word	buf.79
 1665              		.cfi_endproc
 1666              	.LFE49:
 1668              		.section	.text.u8g2_m_18_21_f,"ax",%progbits
 1669              		.align	1
 1670              		.global	u8g2_m_18_21_f
 1671              		.syntax unified
 1672              		.thumb
 1673              		.thumb_func
 1675              	u8g2_m_18_21_f:
 1676              	.LVL100:
 1677              	.LFB50:
ARM GAS  /tmp/ccynqwCP.s 			page 34


 306:BSP/u8g2/u8g2_d_memory.c **** uint8_t *u8g2_m_18_21_f(uint8_t *page_cnt)
 307:BSP/u8g2/u8g2_d_memory.c **** {
 1678              		.loc 1 307 1 is_stmt 1 view -0
 1679              		.cfi_startproc
 1680              		@ args = 0, pretend = 0, frame = 0
 1681              		@ frame_needed = 0, uses_anonymous_args = 0
 1682              		@ link register save eliminated.
 308:BSP/u8g2/u8g2_d_memory.c ****   static uint8_t buf[3024];
 1683              		.loc 1 308 3 view .LVU351
 309:BSP/u8g2/u8g2_d_memory.c ****   *page_cnt = 21;
 1684              		.loc 1 309 3 view .LVU352
 1685              		.loc 1 309 13 is_stmt 0 view .LVU353
 1686 0000 1523     		movs	r3, #21
 1687 0002 0370     		strb	r3, [r0]
 310:BSP/u8g2/u8g2_d_memory.c ****   return buf;
 1688              		.loc 1 310 3 is_stmt 1 view .LVU354
 311:BSP/u8g2/u8g2_d_memory.c **** }
 1689              		.loc 1 311 1 is_stmt 0 view .LVU355
 1690 0004 0048     		ldr	r0, .L152
 1691              	.LVL101:
 1692              		.loc 1 311 1 view .LVU356
 1693 0006 7047     		bx	lr
 1694              	.L153:
 1695              		.align	2
 1696              	.L152:
 1697 0008 00000000 		.word	buf.78
 1698              		.cfi_endproc
 1699              	.LFE50:
 1701              		.section	.text.u8g2_m_13_8_1,"ax",%progbits
 1702              		.align	1
 1703              		.global	u8g2_m_13_8_1
 1704              		.syntax unified
 1705              		.thumb
 1706              		.thumb_func
 1708              	u8g2_m_13_8_1:
 1709              	.LVL102:
 1710              	.LFB51:
 312:BSP/u8g2/u8g2_d_memory.c **** uint8_t *u8g2_m_13_8_1(uint8_t *page_cnt)
 313:BSP/u8g2/u8g2_d_memory.c **** {
 1711              		.loc 1 313 1 is_stmt 1 view -0
 1712              		.cfi_startproc
 1713              		@ args = 0, pretend = 0, frame = 0
 1714              		@ frame_needed = 0, uses_anonymous_args = 0
 1715              		@ link register save eliminated.
 314:BSP/u8g2/u8g2_d_memory.c ****   static uint8_t buf[104];
 1716              		.loc 1 314 3 view .LVU358
 315:BSP/u8g2/u8g2_d_memory.c ****   *page_cnt = 1;
 1717              		.loc 1 315 3 view .LVU359
 1718              		.loc 1 315 13 is_stmt 0 view .LVU360
 1719 0000 0123     		movs	r3, #1
 1720 0002 0370     		strb	r3, [r0]
 316:BSP/u8g2/u8g2_d_memory.c ****   return buf;
 1721              		.loc 1 316 3 is_stmt 1 view .LVU361
 317:BSP/u8g2/u8g2_d_memory.c **** }
 1722              		.loc 1 317 1 is_stmt 0 view .LVU362
 1723 0004 0048     		ldr	r0, .L155
 1724              	.LVL103:
ARM GAS  /tmp/ccynqwCP.s 			page 35


 1725              		.loc 1 317 1 view .LVU363
 1726 0006 7047     		bx	lr
 1727              	.L156:
 1728              		.align	2
 1729              	.L155:
 1730 0008 00000000 		.word	buf.77
 1731              		.cfi_endproc
 1732              	.LFE51:
 1734              		.section	.text.u8g2_m_13_8_2,"ax",%progbits
 1735              		.align	1
 1736              		.global	u8g2_m_13_8_2
 1737              		.syntax unified
 1738              		.thumb
 1739              		.thumb_func
 1741              	u8g2_m_13_8_2:
 1742              	.LVL104:
 1743              	.LFB52:
 318:BSP/u8g2/u8g2_d_memory.c **** uint8_t *u8g2_m_13_8_2(uint8_t *page_cnt)
 319:BSP/u8g2/u8g2_d_memory.c **** {
 1744              		.loc 1 319 1 is_stmt 1 view -0
 1745              		.cfi_startproc
 1746              		@ args = 0, pretend = 0, frame = 0
 1747              		@ frame_needed = 0, uses_anonymous_args = 0
 1748              		@ link register save eliminated.
 320:BSP/u8g2/u8g2_d_memory.c ****   static uint8_t buf[208];
 1749              		.loc 1 320 3 view .LVU365
 321:BSP/u8g2/u8g2_d_memory.c ****   *page_cnt = 2;
 1750              		.loc 1 321 3 view .LVU366
 1751              		.loc 1 321 13 is_stmt 0 view .LVU367
 1752 0000 0223     		movs	r3, #2
 1753 0002 0370     		strb	r3, [r0]
 322:BSP/u8g2/u8g2_d_memory.c ****   return buf;
 1754              		.loc 1 322 3 is_stmt 1 view .LVU368
 323:BSP/u8g2/u8g2_d_memory.c **** }
 1755              		.loc 1 323 1 is_stmt 0 view .LVU369
 1756 0004 0048     		ldr	r0, .L158
 1757              	.LVL105:
 1758              		.loc 1 323 1 view .LVU370
 1759 0006 7047     		bx	lr
 1760              	.L159:
 1761              		.align	2
 1762              	.L158:
 1763 0008 00000000 		.word	buf.76
 1764              		.cfi_endproc
 1765              	.LFE52:
 1767              		.section	.text.u8g2_m_13_8_f,"ax",%progbits
 1768              		.align	1
 1769              		.global	u8g2_m_13_8_f
 1770              		.syntax unified
 1771              		.thumb
 1772              		.thumb_func
 1774              	u8g2_m_13_8_f:
 1775              	.LVL106:
 1776              	.LFB53:
 324:BSP/u8g2/u8g2_d_memory.c **** uint8_t *u8g2_m_13_8_f(uint8_t *page_cnt)
 325:BSP/u8g2/u8g2_d_memory.c **** {
 1777              		.loc 1 325 1 is_stmt 1 view -0
ARM GAS  /tmp/ccynqwCP.s 			page 36


 1778              		.cfi_startproc
 1779              		@ args = 0, pretend = 0, frame = 0
 1780              		@ frame_needed = 0, uses_anonymous_args = 0
 1781              		@ link register save eliminated.
 326:BSP/u8g2/u8g2_d_memory.c ****   static uint8_t buf[832];
 1782              		.loc 1 326 3 view .LVU372
 327:BSP/u8g2/u8g2_d_memory.c ****   *page_cnt = 8;
 1783              		.loc 1 327 3 view .LVU373
 1784              		.loc 1 327 13 is_stmt 0 view .LVU374
 1785 0000 0823     		movs	r3, #8
 1786 0002 0370     		strb	r3, [r0]
 328:BSP/u8g2/u8g2_d_memory.c ****   return buf;
 1787              		.loc 1 328 3 is_stmt 1 view .LVU375
 329:BSP/u8g2/u8g2_d_memory.c **** }
 1788              		.loc 1 329 1 is_stmt 0 view .LVU376
 1789 0004 0048     		ldr	r0, .L161
 1790              	.LVL107:
 1791              		.loc 1 329 1 view .LVU377
 1792 0006 7047     		bx	lr
 1793              	.L162:
 1794              		.align	2
 1795              	.L161:
 1796 0008 00000000 		.word	buf.75
 1797              		.cfi_endproc
 1798              	.LFE53:
 1800              		.section	.text.u8g2_m_11_6_1,"ax",%progbits
 1801              		.align	1
 1802              		.global	u8g2_m_11_6_1
 1803              		.syntax unified
 1804              		.thumb
 1805              		.thumb_func
 1807              	u8g2_m_11_6_1:
 1808              	.LVL108:
 1809              	.LFB54:
 330:BSP/u8g2/u8g2_d_memory.c **** uint8_t *u8g2_m_11_6_1(uint8_t *page_cnt)
 331:BSP/u8g2/u8g2_d_memory.c **** {
 1810              		.loc 1 331 1 is_stmt 1 view -0
 1811              		.cfi_startproc
 1812              		@ args = 0, pretend = 0, frame = 0
 1813              		@ frame_needed = 0, uses_anonymous_args = 0
 1814              		@ link register save eliminated.
 332:BSP/u8g2/u8g2_d_memory.c ****   static uint8_t buf[88];
 1815              		.loc 1 332 3 view .LVU379
 333:BSP/u8g2/u8g2_d_memory.c ****   *page_cnt = 1;
 1816              		.loc 1 333 3 view .LVU380
 1817              		.loc 1 333 13 is_stmt 0 view .LVU381
 1818 0000 0123     		movs	r3, #1
 1819 0002 0370     		strb	r3, [r0]
 334:BSP/u8g2/u8g2_d_memory.c ****   return buf;
 1820              		.loc 1 334 3 is_stmt 1 view .LVU382
 335:BSP/u8g2/u8g2_d_memory.c **** }
 1821              		.loc 1 335 1 is_stmt 0 view .LVU383
 1822 0004 0048     		ldr	r0, .L164
 1823              	.LVL109:
 1824              		.loc 1 335 1 view .LVU384
 1825 0006 7047     		bx	lr
 1826              	.L165:
ARM GAS  /tmp/ccynqwCP.s 			page 37


 1827              		.align	2
 1828              	.L164:
 1829 0008 00000000 		.word	buf.74
 1830              		.cfi_endproc
 1831              	.LFE54:
 1833              		.section	.text.u8g2_m_11_6_2,"ax",%progbits
 1834              		.align	1
 1835              		.global	u8g2_m_11_6_2
 1836              		.syntax unified
 1837              		.thumb
 1838              		.thumb_func
 1840              	u8g2_m_11_6_2:
 1841              	.LVL110:
 1842              	.LFB55:
 336:BSP/u8g2/u8g2_d_memory.c **** uint8_t *u8g2_m_11_6_2(uint8_t *page_cnt)
 337:BSP/u8g2/u8g2_d_memory.c **** {
 1843              		.loc 1 337 1 is_stmt 1 view -0
 1844              		.cfi_startproc
 1845              		@ args = 0, pretend = 0, frame = 0
 1846              		@ frame_needed = 0, uses_anonymous_args = 0
 1847              		@ link register save eliminated.
 338:BSP/u8g2/u8g2_d_memory.c ****   static uint8_t buf[176];
 1848              		.loc 1 338 3 view .LVU386
 339:BSP/u8g2/u8g2_d_memory.c ****   *page_cnt = 2;
 1849              		.loc 1 339 3 view .LVU387
 1850              		.loc 1 339 13 is_stmt 0 view .LVU388
 1851 0000 0223     		movs	r3, #2
 1852 0002 0370     		strb	r3, [r0]
 340:BSP/u8g2/u8g2_d_memory.c ****   return buf;
 1853              		.loc 1 340 3 is_stmt 1 view .LVU389
 341:BSP/u8g2/u8g2_d_memory.c **** }
 1854              		.loc 1 341 1 is_stmt 0 view .LVU390
 1855 0004 0048     		ldr	r0, .L167
 1856              	.LVL111:
 1857              		.loc 1 341 1 view .LVU391
 1858 0006 7047     		bx	lr
 1859              	.L168:
 1860              		.align	2
 1861              	.L167:
 1862 0008 00000000 		.word	buf.73
 1863              		.cfi_endproc
 1864              	.LFE55:
 1866              		.section	.text.u8g2_m_11_6_f,"ax",%progbits
 1867              		.align	1
 1868              		.global	u8g2_m_11_6_f
 1869              		.syntax unified
 1870              		.thumb
 1871              		.thumb_func
 1873              	u8g2_m_11_6_f:
 1874              	.LVL112:
 1875              	.LFB56:
 342:BSP/u8g2/u8g2_d_memory.c **** uint8_t *u8g2_m_11_6_f(uint8_t *page_cnt)
 343:BSP/u8g2/u8g2_d_memory.c **** {
 1876              		.loc 1 343 1 is_stmt 1 view -0
 1877              		.cfi_startproc
 1878              		@ args = 0, pretend = 0, frame = 0
 1879              		@ frame_needed = 0, uses_anonymous_args = 0
ARM GAS  /tmp/ccynqwCP.s 			page 38


 1880              		@ link register save eliminated.
 344:BSP/u8g2/u8g2_d_memory.c ****   static uint8_t buf[528];
 1881              		.loc 1 344 3 view .LVU393
 345:BSP/u8g2/u8g2_d_memory.c ****   *page_cnt = 6;
 1882              		.loc 1 345 3 view .LVU394
 1883              		.loc 1 345 13 is_stmt 0 view .LVU395
 1884 0000 0623     		movs	r3, #6
 1885 0002 0370     		strb	r3, [r0]
 346:BSP/u8g2/u8g2_d_memory.c ****   return buf;
 1886              		.loc 1 346 3 is_stmt 1 view .LVU396
 347:BSP/u8g2/u8g2_d_memory.c **** }
 1887              		.loc 1 347 1 is_stmt 0 view .LVU397
 1888 0004 0048     		ldr	r0, .L170
 1889              	.LVL113:
 1890              		.loc 1 347 1 view .LVU398
 1891 0006 7047     		bx	lr
 1892              	.L171:
 1893              		.align	2
 1894              	.L170:
 1895 0008 00000000 		.word	buf.72
 1896              		.cfi_endproc
 1897              	.LFE56:
 1899              		.section	.text.u8g2_m_12_9_1,"ax",%progbits
 1900              		.align	1
 1901              		.global	u8g2_m_12_9_1
 1902              		.syntax unified
 1903              		.thumb
 1904              		.thumb_func
 1906              	u8g2_m_12_9_1:
 1907              	.LVL114:
 1908              	.LFB57:
 348:BSP/u8g2/u8g2_d_memory.c **** uint8_t *u8g2_m_12_9_1(uint8_t *page_cnt)
 349:BSP/u8g2/u8g2_d_memory.c **** {
 1909              		.loc 1 349 1 is_stmt 1 view -0
 1910              		.cfi_startproc
 1911              		@ args = 0, pretend = 0, frame = 0
 1912              		@ frame_needed = 0, uses_anonymous_args = 0
 1913              		@ link register save eliminated.
 350:BSP/u8g2/u8g2_d_memory.c ****   static uint8_t buf[96];
 1914              		.loc 1 350 3 view .LVU400
 351:BSP/u8g2/u8g2_d_memory.c ****   *page_cnt = 1;
 1915              		.loc 1 351 3 view .LVU401
 1916              		.loc 1 351 13 is_stmt 0 view .LVU402
 1917 0000 0123     		movs	r3, #1
 1918 0002 0370     		strb	r3, [r0]
 352:BSP/u8g2/u8g2_d_memory.c ****   return buf;
 1919              		.loc 1 352 3 is_stmt 1 view .LVU403
 353:BSP/u8g2/u8g2_d_memory.c **** }
 1920              		.loc 1 353 1 is_stmt 0 view .LVU404
 1921 0004 0048     		ldr	r0, .L173
 1922              	.LVL115:
 1923              		.loc 1 353 1 view .LVU405
 1924 0006 7047     		bx	lr
 1925              	.L174:
 1926              		.align	2
 1927              	.L173:
 1928 0008 00000000 		.word	buf.71
ARM GAS  /tmp/ccynqwCP.s 			page 39


 1929              		.cfi_endproc
 1930              	.LFE57:
 1932              		.section	.text.u8g2_m_12_9_2,"ax",%progbits
 1933              		.align	1
 1934              		.global	u8g2_m_12_9_2
 1935              		.syntax unified
 1936              		.thumb
 1937              		.thumb_func
 1939              	u8g2_m_12_9_2:
 1940              	.LVL116:
 1941              	.LFB58:
 354:BSP/u8g2/u8g2_d_memory.c **** uint8_t *u8g2_m_12_9_2(uint8_t *page_cnt)
 355:BSP/u8g2/u8g2_d_memory.c **** {
 1942              		.loc 1 355 1 is_stmt 1 view -0
 1943              		.cfi_startproc
 1944              		@ args = 0, pretend = 0, frame = 0
 1945              		@ frame_needed = 0, uses_anonymous_args = 0
 1946              		@ link register save eliminated.
 356:BSP/u8g2/u8g2_d_memory.c ****   static uint8_t buf[192];
 1947              		.loc 1 356 3 view .LVU407
 357:BSP/u8g2/u8g2_d_memory.c ****   *page_cnt = 2;
 1948              		.loc 1 357 3 view .LVU408
 1949              		.loc 1 357 13 is_stmt 0 view .LVU409
 1950 0000 0223     		movs	r3, #2
 1951 0002 0370     		strb	r3, [r0]
 358:BSP/u8g2/u8g2_d_memory.c ****   return buf;
 1952              		.loc 1 358 3 is_stmt 1 view .LVU410
 359:BSP/u8g2/u8g2_d_memory.c **** }
 1953              		.loc 1 359 1 is_stmt 0 view .LVU411
 1954 0004 0048     		ldr	r0, .L176
 1955              	.LVL117:
 1956              		.loc 1 359 1 view .LVU412
 1957 0006 7047     		bx	lr
 1958              	.L177:
 1959              		.align	2
 1960              	.L176:
 1961 0008 00000000 		.word	buf.70
 1962              		.cfi_endproc
 1963              	.LFE58:
 1965              		.section	.text.u8g2_m_12_9_f,"ax",%progbits
 1966              		.align	1
 1967              		.global	u8g2_m_12_9_f
 1968              		.syntax unified
 1969              		.thumb
 1970              		.thumb_func
 1972              	u8g2_m_12_9_f:
 1973              	.LVL118:
 1974              	.LFB59:
 360:BSP/u8g2/u8g2_d_memory.c **** uint8_t *u8g2_m_12_9_f(uint8_t *page_cnt)
 361:BSP/u8g2/u8g2_d_memory.c **** {
 1975              		.loc 1 361 1 is_stmt 1 view -0
 1976              		.cfi_startproc
 1977              		@ args = 0, pretend = 0, frame = 0
 1978              		@ frame_needed = 0, uses_anonymous_args = 0
 1979              		@ link register save eliminated.
 362:BSP/u8g2/u8g2_d_memory.c ****   static uint8_t buf[864];
 1980              		.loc 1 362 3 view .LVU414
ARM GAS  /tmp/ccynqwCP.s 			page 40


 363:BSP/u8g2/u8g2_d_memory.c ****   *page_cnt = 9;
 1981              		.loc 1 363 3 view .LVU415
 1982              		.loc 1 363 13 is_stmt 0 view .LVU416
 1983 0000 0923     		movs	r3, #9
 1984 0002 0370     		strb	r3, [r0]
 364:BSP/u8g2/u8g2_d_memory.c ****   return buf;
 1985              		.loc 1 364 3 is_stmt 1 view .LVU417
 365:BSP/u8g2/u8g2_d_memory.c **** }
 1986              		.loc 1 365 1 is_stmt 0 view .LVU418
 1987 0004 0048     		ldr	r0, .L179
 1988              	.LVL119:
 1989              		.loc 1 365 1 view .LVU419
 1990 0006 7047     		bx	lr
 1991              	.L180:
 1992              		.align	2
 1993              	.L179:
 1994 0008 00000000 		.word	buf.69
 1995              		.cfi_endproc
 1996              	.LFE59:
 1998              		.section	.text.u8g2_m_24_8_1,"ax",%progbits
 1999              		.align	1
 2000              		.global	u8g2_m_24_8_1
 2001              		.syntax unified
 2002              		.thumb
 2003              		.thumb_func
 2005              	u8g2_m_24_8_1:
 2006              	.LVL120:
 2007              	.LFB60:
 366:BSP/u8g2/u8g2_d_memory.c **** uint8_t *u8g2_m_24_8_1(uint8_t *page_cnt)
 367:BSP/u8g2/u8g2_d_memory.c **** {
 2008              		.loc 1 367 1 is_stmt 1 view -0
 2009              		.cfi_startproc
 2010              		@ args = 0, pretend = 0, frame = 0
 2011              		@ frame_needed = 0, uses_anonymous_args = 0
 2012              		@ link register save eliminated.
 368:BSP/u8g2/u8g2_d_memory.c ****   static uint8_t buf[192];
 2013              		.loc 1 368 3 view .LVU421
 369:BSP/u8g2/u8g2_d_memory.c ****   *page_cnt = 1;
 2014              		.loc 1 369 3 view .LVU422
 2015              		.loc 1 369 13 is_stmt 0 view .LVU423
 2016 0000 0123     		movs	r3, #1
 2017 0002 0370     		strb	r3, [r0]
 370:BSP/u8g2/u8g2_d_memory.c ****   return buf;
 2018              		.loc 1 370 3 is_stmt 1 view .LVU424
 371:BSP/u8g2/u8g2_d_memory.c **** }
 2019              		.loc 1 371 1 is_stmt 0 view .LVU425
 2020 0004 0048     		ldr	r0, .L182
 2021              	.LVL121:
 2022              		.loc 1 371 1 view .LVU426
 2023 0006 7047     		bx	lr
 2024              	.L183:
 2025              		.align	2
 2026              	.L182:
 2027 0008 00000000 		.word	buf.68
 2028              		.cfi_endproc
 2029              	.LFE60:
 2031              		.section	.text.u8g2_m_24_8_2,"ax",%progbits
ARM GAS  /tmp/ccynqwCP.s 			page 41


 2032              		.align	1
 2033              		.global	u8g2_m_24_8_2
 2034              		.syntax unified
 2035              		.thumb
 2036              		.thumb_func
 2038              	u8g2_m_24_8_2:
 2039              	.LVL122:
 2040              	.LFB61:
 372:BSP/u8g2/u8g2_d_memory.c **** uint8_t *u8g2_m_24_8_2(uint8_t *page_cnt)
 373:BSP/u8g2/u8g2_d_memory.c **** {
 2041              		.loc 1 373 1 is_stmt 1 view -0
 2042              		.cfi_startproc
 2043              		@ args = 0, pretend = 0, frame = 0
 2044              		@ frame_needed = 0, uses_anonymous_args = 0
 2045              		@ link register save eliminated.
 374:BSP/u8g2/u8g2_d_memory.c ****   static uint8_t buf[384];
 2046              		.loc 1 374 3 view .LVU428
 375:BSP/u8g2/u8g2_d_memory.c ****   *page_cnt = 2;
 2047              		.loc 1 375 3 view .LVU429
 2048              		.loc 1 375 13 is_stmt 0 view .LVU430
 2049 0000 0223     		movs	r3, #2
 2050 0002 0370     		strb	r3, [r0]
 376:BSP/u8g2/u8g2_d_memory.c ****   return buf;
 2051              		.loc 1 376 3 is_stmt 1 view .LVU431
 377:BSP/u8g2/u8g2_d_memory.c **** }
 2052              		.loc 1 377 1 is_stmt 0 view .LVU432
 2053 0004 0048     		ldr	r0, .L185
 2054              	.LVL123:
 2055              		.loc 1 377 1 view .LVU433
 2056 0006 7047     		bx	lr
 2057              	.L186:
 2058              		.align	2
 2059              	.L185:
 2060 0008 00000000 		.word	buf.67
 2061              		.cfi_endproc
 2062              	.LFE61:
 2064              		.section	.text.u8g2_m_24_8_f,"ax",%progbits
 2065              		.align	1
 2066              		.global	u8g2_m_24_8_f
 2067              		.syntax unified
 2068              		.thumb
 2069              		.thumb_func
 2071              	u8g2_m_24_8_f:
 2072              	.LVL124:
 2073              	.LFB62:
 378:BSP/u8g2/u8g2_d_memory.c **** uint8_t *u8g2_m_24_8_f(uint8_t *page_cnt)
 379:BSP/u8g2/u8g2_d_memory.c **** {
 2074              		.loc 1 379 1 is_stmt 1 view -0
 2075              		.cfi_startproc
 2076              		@ args = 0, pretend = 0, frame = 0
 2077              		@ frame_needed = 0, uses_anonymous_args = 0
 2078              		@ link register save eliminated.
 380:BSP/u8g2/u8g2_d_memory.c ****   static uint8_t buf[1536];
 2079              		.loc 1 380 3 view .LVU435
 381:BSP/u8g2/u8g2_d_memory.c ****   *page_cnt = 8;
 2080              		.loc 1 381 3 view .LVU436
 2081              		.loc 1 381 13 is_stmt 0 view .LVU437
ARM GAS  /tmp/ccynqwCP.s 			page 42


 2082 0000 0823     		movs	r3, #8
 2083 0002 0370     		strb	r3, [r0]
 382:BSP/u8g2/u8g2_d_memory.c ****   return buf;
 2084              		.loc 1 382 3 is_stmt 1 view .LVU438
 383:BSP/u8g2/u8g2_d_memory.c **** }
 2085              		.loc 1 383 1 is_stmt 0 view .LVU439
 2086 0004 0048     		ldr	r0, .L188
 2087              	.LVL125:
 2088              		.loc 1 383 1 view .LVU440
 2089 0006 7047     		bx	lr
 2090              	.L189:
 2091              		.align	2
 2092              	.L188:
 2093 0008 00000000 		.word	buf.66
 2094              		.cfi_endproc
 2095              	.LFE62:
 2097              		.section	.text.u8g2_m_30_8_1,"ax",%progbits
 2098              		.align	1
 2099              		.global	u8g2_m_30_8_1
 2100              		.syntax unified
 2101              		.thumb
 2102              		.thumb_func
 2104              	u8g2_m_30_8_1:
 2105              	.LVL126:
 2106              	.LFB63:
 384:BSP/u8g2/u8g2_d_memory.c **** uint8_t *u8g2_m_30_8_1(uint8_t *page_cnt)
 385:BSP/u8g2/u8g2_d_memory.c **** {
 2107              		.loc 1 385 1 is_stmt 1 view -0
 2108              		.cfi_startproc
 2109              		@ args = 0, pretend = 0, frame = 0
 2110              		@ frame_needed = 0, uses_anonymous_args = 0
 2111              		@ link register save eliminated.
 386:BSP/u8g2/u8g2_d_memory.c ****   static uint8_t buf[240];
 2112              		.loc 1 386 3 view .LVU442
 387:BSP/u8g2/u8g2_d_memory.c ****   *page_cnt = 1;
 2113              		.loc 1 387 3 view .LVU443
 2114              		.loc 1 387 13 is_stmt 0 view .LVU444
 2115 0000 0123     		movs	r3, #1
 2116 0002 0370     		strb	r3, [r0]
 388:BSP/u8g2/u8g2_d_memory.c ****   return buf;
 2117              		.loc 1 388 3 is_stmt 1 view .LVU445
 389:BSP/u8g2/u8g2_d_memory.c **** }
 2118              		.loc 1 389 1 is_stmt 0 view .LVU446
 2119 0004 0048     		ldr	r0, .L191
 2120              	.LVL127:
 2121              		.loc 1 389 1 view .LVU447
 2122 0006 7047     		bx	lr
 2123              	.L192:
 2124              		.align	2
 2125              	.L191:
 2126 0008 00000000 		.word	buf.65
 2127              		.cfi_endproc
 2128              	.LFE63:
 2130              		.section	.text.u8g2_m_30_8_2,"ax",%progbits
 2131              		.align	1
 2132              		.global	u8g2_m_30_8_2
 2133              		.syntax unified
ARM GAS  /tmp/ccynqwCP.s 			page 43


 2134              		.thumb
 2135              		.thumb_func
 2137              	u8g2_m_30_8_2:
 2138              	.LVL128:
 2139              	.LFB64:
 390:BSP/u8g2/u8g2_d_memory.c **** uint8_t *u8g2_m_30_8_2(uint8_t *page_cnt)
 391:BSP/u8g2/u8g2_d_memory.c **** {
 2140              		.loc 1 391 1 is_stmt 1 view -0
 2141              		.cfi_startproc
 2142              		@ args = 0, pretend = 0, frame = 0
 2143              		@ frame_needed = 0, uses_anonymous_args = 0
 2144              		@ link register save eliminated.
 392:BSP/u8g2/u8g2_d_memory.c ****   static uint8_t buf[480];
 2145              		.loc 1 392 3 view .LVU449
 393:BSP/u8g2/u8g2_d_memory.c ****   *page_cnt = 2;
 2146              		.loc 1 393 3 view .LVU450
 2147              		.loc 1 393 13 is_stmt 0 view .LVU451
 2148 0000 0223     		movs	r3, #2
 2149 0002 0370     		strb	r3, [r0]
 394:BSP/u8g2/u8g2_d_memory.c ****   return buf;
 2150              		.loc 1 394 3 is_stmt 1 view .LVU452
 395:BSP/u8g2/u8g2_d_memory.c **** }
 2151              		.loc 1 395 1 is_stmt 0 view .LVU453
 2152 0004 0048     		ldr	r0, .L194
 2153              	.LVL129:
 2154              		.loc 1 395 1 view .LVU454
 2155 0006 7047     		bx	lr
 2156              	.L195:
 2157              		.align	2
 2158              	.L194:
 2159 0008 00000000 		.word	buf.64
 2160              		.cfi_endproc
 2161              	.LFE64:
 2163              		.section	.text.u8g2_m_30_8_f,"ax",%progbits
 2164              		.align	1
 2165              		.global	u8g2_m_30_8_f
 2166              		.syntax unified
 2167              		.thumb
 2168              		.thumb_func
 2170              	u8g2_m_30_8_f:
 2171              	.LVL130:
 2172              	.LFB65:
 396:BSP/u8g2/u8g2_d_memory.c **** uint8_t *u8g2_m_30_8_f(uint8_t *page_cnt)
 397:BSP/u8g2/u8g2_d_memory.c **** {
 2173              		.loc 1 397 1 is_stmt 1 view -0
 2174              		.cfi_startproc
 2175              		@ args = 0, pretend = 0, frame = 0
 2176              		@ frame_needed = 0, uses_anonymous_args = 0
 2177              		@ link register save eliminated.
 398:BSP/u8g2/u8g2_d_memory.c ****   static uint8_t buf[1920];
 2178              		.loc 1 398 3 view .LVU456
 399:BSP/u8g2/u8g2_d_memory.c ****   *page_cnt = 8;
 2179              		.loc 1 399 3 view .LVU457
 2180              		.loc 1 399 13 is_stmt 0 view .LVU458
 2181 0000 0823     		movs	r3, #8
 2182 0002 0370     		strb	r3, [r0]
 400:BSP/u8g2/u8g2_d_memory.c ****   return buf;
ARM GAS  /tmp/ccynqwCP.s 			page 44


 2183              		.loc 1 400 3 is_stmt 1 view .LVU459
 401:BSP/u8g2/u8g2_d_memory.c **** }
 2184              		.loc 1 401 1 is_stmt 0 view .LVU460
 2185 0004 0048     		ldr	r0, .L197
 2186              	.LVL131:
 2187              		.loc 1 401 1 view .LVU461
 2188 0006 7047     		bx	lr
 2189              	.L198:
 2190              		.align	2
 2191              	.L197:
 2192 0008 00000000 		.word	buf.63
 2193              		.cfi_endproc
 2194              	.LFE65:
 2196              		.section	.text.u8g2_m_30_15_1,"ax",%progbits
 2197              		.align	1
 2198              		.global	u8g2_m_30_15_1
 2199              		.syntax unified
 2200              		.thumb
 2201              		.thumb_func
 2203              	u8g2_m_30_15_1:
 2204              	.LVL132:
 2205              	.LFB66:
 402:BSP/u8g2/u8g2_d_memory.c **** uint8_t *u8g2_m_30_15_1(uint8_t *page_cnt)
 403:BSP/u8g2/u8g2_d_memory.c **** {
 2206              		.loc 1 403 1 is_stmt 1 view -0
 2207              		.cfi_startproc
 2208              		@ args = 0, pretend = 0, frame = 0
 2209              		@ frame_needed = 0, uses_anonymous_args = 0
 2210              		@ link register save eliminated.
 404:BSP/u8g2/u8g2_d_memory.c ****   static uint8_t buf[240];
 2211              		.loc 1 404 3 view .LVU463
 405:BSP/u8g2/u8g2_d_memory.c ****   *page_cnt = 1;
 2212              		.loc 1 405 3 view .LVU464
 2213              		.loc 1 405 13 is_stmt 0 view .LVU465
 2214 0000 0123     		movs	r3, #1
 2215 0002 0370     		strb	r3, [r0]
 406:BSP/u8g2/u8g2_d_memory.c ****   return buf;
 2216              		.loc 1 406 3 is_stmt 1 view .LVU466
 407:BSP/u8g2/u8g2_d_memory.c **** }
 2217              		.loc 1 407 1 is_stmt 0 view .LVU467
 2218 0004 0048     		ldr	r0, .L200
 2219              	.LVL133:
 2220              		.loc 1 407 1 view .LVU468
 2221 0006 7047     		bx	lr
 2222              	.L201:
 2223              		.align	2
 2224              	.L200:
 2225 0008 00000000 		.word	buf.62
 2226              		.cfi_endproc
 2227              	.LFE66:
 2229              		.section	.text.u8g2_m_30_15_2,"ax",%progbits
 2230              		.align	1
 2231              		.global	u8g2_m_30_15_2
 2232              		.syntax unified
 2233              		.thumb
 2234              		.thumb_func
 2236              	u8g2_m_30_15_2:
ARM GAS  /tmp/ccynqwCP.s 			page 45


 2237              	.LVL134:
 2238              	.LFB67:
 408:BSP/u8g2/u8g2_d_memory.c **** uint8_t *u8g2_m_30_15_2(uint8_t *page_cnt)
 409:BSP/u8g2/u8g2_d_memory.c **** {
 2239              		.loc 1 409 1 is_stmt 1 view -0
 2240              		.cfi_startproc
 2241              		@ args = 0, pretend = 0, frame = 0
 2242              		@ frame_needed = 0, uses_anonymous_args = 0
 2243              		@ link register save eliminated.
 410:BSP/u8g2/u8g2_d_memory.c ****   static uint8_t buf[480];
 2244              		.loc 1 410 3 view .LVU470
 411:BSP/u8g2/u8g2_d_memory.c ****   *page_cnt = 2;
 2245              		.loc 1 411 3 view .LVU471
 2246              		.loc 1 411 13 is_stmt 0 view .LVU472
 2247 0000 0223     		movs	r3, #2
 2248 0002 0370     		strb	r3, [r0]
 412:BSP/u8g2/u8g2_d_memory.c ****   return buf;
 2249              		.loc 1 412 3 is_stmt 1 view .LVU473
 413:BSP/u8g2/u8g2_d_memory.c **** }
 2250              		.loc 1 413 1 is_stmt 0 view .LVU474
 2251 0004 0048     		ldr	r0, .L203
 2252              	.LVL135:
 2253              		.loc 1 413 1 view .LVU475
 2254 0006 7047     		bx	lr
 2255              	.L204:
 2256              		.align	2
 2257              	.L203:
 2258 0008 00000000 		.word	buf.61
 2259              		.cfi_endproc
 2260              	.LFE67:
 2262              		.section	.text.u8g2_m_30_15_f,"ax",%progbits
 2263              		.align	1
 2264              		.global	u8g2_m_30_15_f
 2265              		.syntax unified
 2266              		.thumb
 2267              		.thumb_func
 2269              	u8g2_m_30_15_f:
 2270              	.LVL136:
 2271              	.LFB68:
 414:BSP/u8g2/u8g2_d_memory.c **** uint8_t *u8g2_m_30_15_f(uint8_t *page_cnt)
 415:BSP/u8g2/u8g2_d_memory.c **** {
 2272              		.loc 1 415 1 is_stmt 1 view -0
 2273              		.cfi_startproc
 2274              		@ args = 0, pretend = 0, frame = 0
 2275              		@ frame_needed = 0, uses_anonymous_args = 0
 2276              		@ link register save eliminated.
 416:BSP/u8g2/u8g2_d_memory.c ****   static uint8_t buf[3600];
 2277              		.loc 1 416 3 view .LVU477
 417:BSP/u8g2/u8g2_d_memory.c ****   *page_cnt = 15;
 2278              		.loc 1 417 3 view .LVU478
 2279              		.loc 1 417 13 is_stmt 0 view .LVU479
 2280 0000 0F23     		movs	r3, #15
 2281 0002 0370     		strb	r3, [r0]
 418:BSP/u8g2/u8g2_d_memory.c ****   return buf;
 2282              		.loc 1 418 3 is_stmt 1 view .LVU480
 419:BSP/u8g2/u8g2_d_memory.c **** }
 2283              		.loc 1 419 1 is_stmt 0 view .LVU481
ARM GAS  /tmp/ccynqwCP.s 			page 46


 2284 0004 0048     		ldr	r0, .L206
 2285              	.LVL137:
 2286              		.loc 1 419 1 view .LVU482
 2287 0006 7047     		bx	lr
 2288              	.L207:
 2289              		.align	2
 2290              	.L206:
 2291 0008 00000000 		.word	buf.60
 2292              		.cfi_endproc
 2293              	.LFE68:
 2295              		.section	.text.u8g2_m_30_16_1,"ax",%progbits
 2296              		.align	1
 2297              		.global	u8g2_m_30_16_1
 2298              		.syntax unified
 2299              		.thumb
 2300              		.thumb_func
 2302              	u8g2_m_30_16_1:
 2303              	.LVL138:
 2304              	.LFB69:
 420:BSP/u8g2/u8g2_d_memory.c **** uint8_t *u8g2_m_30_16_1(uint8_t *page_cnt)
 421:BSP/u8g2/u8g2_d_memory.c **** {
 2305              		.loc 1 421 1 is_stmt 1 view -0
 2306              		.cfi_startproc
 2307              		@ args = 0, pretend = 0, frame = 0
 2308              		@ frame_needed = 0, uses_anonymous_args = 0
 2309              		@ link register save eliminated.
 422:BSP/u8g2/u8g2_d_memory.c ****   static uint8_t buf[240];
 2310              		.loc 1 422 3 view .LVU484
 423:BSP/u8g2/u8g2_d_memory.c ****   *page_cnt = 1;
 2311              		.loc 1 423 3 view .LVU485
 2312              		.loc 1 423 13 is_stmt 0 view .LVU486
 2313 0000 0123     		movs	r3, #1
 2314 0002 0370     		strb	r3, [r0]
 424:BSP/u8g2/u8g2_d_memory.c ****   return buf;
 2315              		.loc 1 424 3 is_stmt 1 view .LVU487
 425:BSP/u8g2/u8g2_d_memory.c **** }
 2316              		.loc 1 425 1 is_stmt 0 view .LVU488
 2317 0004 0048     		ldr	r0, .L209
 2318              	.LVL139:
 2319              		.loc 1 425 1 view .LVU489
 2320 0006 7047     		bx	lr
 2321              	.L210:
 2322              		.align	2
 2323              	.L209:
 2324 0008 00000000 		.word	buf.59
 2325              		.cfi_endproc
 2326              	.LFE69:
 2328              		.section	.text.u8g2_m_30_16_2,"ax",%progbits
 2329              		.align	1
 2330              		.global	u8g2_m_30_16_2
 2331              		.syntax unified
 2332              		.thumb
 2333              		.thumb_func
 2335              	u8g2_m_30_16_2:
 2336              	.LVL140:
 2337              	.LFB70:
 426:BSP/u8g2/u8g2_d_memory.c **** uint8_t *u8g2_m_30_16_2(uint8_t *page_cnt)
ARM GAS  /tmp/ccynqwCP.s 			page 47


 427:BSP/u8g2/u8g2_d_memory.c **** {
 2338              		.loc 1 427 1 is_stmt 1 view -0
 2339              		.cfi_startproc
 2340              		@ args = 0, pretend = 0, frame = 0
 2341              		@ frame_needed = 0, uses_anonymous_args = 0
 2342              		@ link register save eliminated.
 428:BSP/u8g2/u8g2_d_memory.c ****   static uint8_t buf[480];
 2343              		.loc 1 428 3 view .LVU491
 429:BSP/u8g2/u8g2_d_memory.c ****   *page_cnt = 2;
 2344              		.loc 1 429 3 view .LVU492
 2345              		.loc 1 429 13 is_stmt 0 view .LVU493
 2346 0000 0223     		movs	r3, #2
 2347 0002 0370     		strb	r3, [r0]
 430:BSP/u8g2/u8g2_d_memory.c ****   return buf;
 2348              		.loc 1 430 3 is_stmt 1 view .LVU494
 431:BSP/u8g2/u8g2_d_memory.c **** }
 2349              		.loc 1 431 1 is_stmt 0 view .LVU495
 2350 0004 0048     		ldr	r0, .L212
 2351              	.LVL141:
 2352              		.loc 1 431 1 view .LVU496
 2353 0006 7047     		bx	lr
 2354              	.L213:
 2355              		.align	2
 2356              	.L212:
 2357 0008 00000000 		.word	buf.58
 2358              		.cfi_endproc
 2359              	.LFE70:
 2361              		.section	.text.u8g2_m_30_16_f,"ax",%progbits
 2362              		.align	1
 2363              		.global	u8g2_m_30_16_f
 2364              		.syntax unified
 2365              		.thumb
 2366              		.thumb_func
 2368              	u8g2_m_30_16_f:
 2369              	.LVL142:
 2370              	.LFB71:
 432:BSP/u8g2/u8g2_d_memory.c **** uint8_t *u8g2_m_30_16_f(uint8_t *page_cnt)
 433:BSP/u8g2/u8g2_d_memory.c **** {
 2371              		.loc 1 433 1 is_stmt 1 view -0
 2372              		.cfi_startproc
 2373              		@ args = 0, pretend = 0, frame = 0
 2374              		@ frame_needed = 0, uses_anonymous_args = 0
 2375              		@ link register save eliminated.
 434:BSP/u8g2/u8g2_d_memory.c ****   static uint8_t buf[3840];
 2376              		.loc 1 434 3 view .LVU498
 435:BSP/u8g2/u8g2_d_memory.c ****   *page_cnt = 16;
 2377              		.loc 1 435 3 view .LVU499
 2378              		.loc 1 435 13 is_stmt 0 view .LVU500
 2379 0000 1023     		movs	r3, #16
 2380 0002 0370     		strb	r3, [r0]
 436:BSP/u8g2/u8g2_d_memory.c ****   return buf;
 2381              		.loc 1 436 3 is_stmt 1 view .LVU501
 437:BSP/u8g2/u8g2_d_memory.c **** }
 2382              		.loc 1 437 1 is_stmt 0 view .LVU502
 2383 0004 0048     		ldr	r0, .L215
 2384              	.LVL143:
 2385              		.loc 1 437 1 view .LVU503
ARM GAS  /tmp/ccynqwCP.s 			page 48


 2386 0006 7047     		bx	lr
 2387              	.L216:
 2388              		.align	2
 2389              	.L215:
 2390 0008 00000000 		.word	buf.57
 2391              		.cfi_endproc
 2392              	.LFE71:
 2394              		.section	.text.u8g2_m_20_16_1,"ax",%progbits
 2395              		.align	1
 2396              		.global	u8g2_m_20_16_1
 2397              		.syntax unified
 2398              		.thumb
 2399              		.thumb_func
 2401              	u8g2_m_20_16_1:
 2402              	.LVL144:
 2403              	.LFB72:
 438:BSP/u8g2/u8g2_d_memory.c **** uint8_t *u8g2_m_20_16_1(uint8_t *page_cnt)
 439:BSP/u8g2/u8g2_d_memory.c **** {
 2404              		.loc 1 439 1 is_stmt 1 view -0
 2405              		.cfi_startproc
 2406              		@ args = 0, pretend = 0, frame = 0
 2407              		@ frame_needed = 0, uses_anonymous_args = 0
 2408              		@ link register save eliminated.
 440:BSP/u8g2/u8g2_d_memory.c ****   static uint8_t buf[160];
 2409              		.loc 1 440 3 view .LVU505
 441:BSP/u8g2/u8g2_d_memory.c ****   *page_cnt = 1;
 2410              		.loc 1 441 3 view .LVU506
 2411              		.loc 1 441 13 is_stmt 0 view .LVU507
 2412 0000 0123     		movs	r3, #1
 2413 0002 0370     		strb	r3, [r0]
 442:BSP/u8g2/u8g2_d_memory.c ****   return buf;
 2414              		.loc 1 442 3 is_stmt 1 view .LVU508
 443:BSP/u8g2/u8g2_d_memory.c **** }
 2415              		.loc 1 443 1 is_stmt 0 view .LVU509
 2416 0004 0048     		ldr	r0, .L218
 2417              	.LVL145:
 2418              		.loc 1 443 1 view .LVU510
 2419 0006 7047     		bx	lr
 2420              	.L219:
 2421              		.align	2
 2422              	.L218:
 2423 0008 00000000 		.word	buf.56
 2424              		.cfi_endproc
 2425              	.LFE72:
 2427              		.section	.text.u8g2_m_20_16_2,"ax",%progbits
 2428              		.align	1
 2429              		.global	u8g2_m_20_16_2
 2430              		.syntax unified
 2431              		.thumb
 2432              		.thumb_func
 2434              	u8g2_m_20_16_2:
 2435              	.LVL146:
 2436              	.LFB73:
 444:BSP/u8g2/u8g2_d_memory.c **** uint8_t *u8g2_m_20_16_2(uint8_t *page_cnt)
 445:BSP/u8g2/u8g2_d_memory.c **** {
 2437              		.loc 1 445 1 is_stmt 1 view -0
 2438              		.cfi_startproc
ARM GAS  /tmp/ccynqwCP.s 			page 49


 2439              		@ args = 0, pretend = 0, frame = 0
 2440              		@ frame_needed = 0, uses_anonymous_args = 0
 2441              		@ link register save eliminated.
 446:BSP/u8g2/u8g2_d_memory.c ****   static uint8_t buf[320];
 2442              		.loc 1 446 3 view .LVU512
 447:BSP/u8g2/u8g2_d_memory.c ****   *page_cnt = 2;
 2443              		.loc 1 447 3 view .LVU513
 2444              		.loc 1 447 13 is_stmt 0 view .LVU514
 2445 0000 0223     		movs	r3, #2
 2446 0002 0370     		strb	r3, [r0]
 448:BSP/u8g2/u8g2_d_memory.c ****   return buf;
 2447              		.loc 1 448 3 is_stmt 1 view .LVU515
 449:BSP/u8g2/u8g2_d_memory.c **** }
 2448              		.loc 1 449 1 is_stmt 0 view .LVU516
 2449 0004 0048     		ldr	r0, .L221
 2450              	.LVL147:
 2451              		.loc 1 449 1 view .LVU517
 2452 0006 7047     		bx	lr
 2453              	.L222:
 2454              		.align	2
 2455              	.L221:
 2456 0008 00000000 		.word	buf.55
 2457              		.cfi_endproc
 2458              	.LFE73:
 2460              		.section	.text.u8g2_m_20_16_f,"ax",%progbits
 2461              		.align	1
 2462              		.global	u8g2_m_20_16_f
 2463              		.syntax unified
 2464              		.thumb
 2465              		.thumb_func
 2467              	u8g2_m_20_16_f:
 2468              	.LVL148:
 2469              	.LFB74:
 450:BSP/u8g2/u8g2_d_memory.c **** uint8_t *u8g2_m_20_16_f(uint8_t *page_cnt)
 451:BSP/u8g2/u8g2_d_memory.c **** {
 2470              		.loc 1 451 1 is_stmt 1 view -0
 2471              		.cfi_startproc
 2472              		@ args = 0, pretend = 0, frame = 0
 2473              		@ frame_needed = 0, uses_anonymous_args = 0
 2474              		@ link register save eliminated.
 452:BSP/u8g2/u8g2_d_memory.c ****   static uint8_t buf[2560];
 2475              		.loc 1 452 3 view .LVU519
 453:BSP/u8g2/u8g2_d_memory.c ****   *page_cnt = 16;
 2476              		.loc 1 453 3 view .LVU520
 2477              		.loc 1 453 13 is_stmt 0 view .LVU521
 2478 0000 1023     		movs	r3, #16
 2479 0002 0370     		strb	r3, [r0]
 454:BSP/u8g2/u8g2_d_memory.c ****   return buf;
 2480              		.loc 1 454 3 is_stmt 1 view .LVU522
 455:BSP/u8g2/u8g2_d_memory.c **** }
 2481              		.loc 1 455 1 is_stmt 0 view .LVU523
 2482 0004 0048     		ldr	r0, .L224
 2483              	.LVL149:
 2484              		.loc 1 455 1 view .LVU524
 2485 0006 7047     		bx	lr
 2486              	.L225:
 2487              		.align	2
ARM GAS  /tmp/ccynqwCP.s 			page 50


 2488              	.L224:
 2489 0008 00000000 		.word	buf.54
 2490              		.cfi_endproc
 2491              	.LFE74:
 2493              		.section	.text.u8g2_m_20_13_1,"ax",%progbits
 2494              		.align	1
 2495              		.global	u8g2_m_20_13_1
 2496              		.syntax unified
 2497              		.thumb
 2498              		.thumb_func
 2500              	u8g2_m_20_13_1:
 2501              	.LVL150:
 2502              	.LFB75:
 456:BSP/u8g2/u8g2_d_memory.c **** uint8_t *u8g2_m_20_13_1(uint8_t *page_cnt)
 457:BSP/u8g2/u8g2_d_memory.c **** {
 2503              		.loc 1 457 1 is_stmt 1 view -0
 2504              		.cfi_startproc
 2505              		@ args = 0, pretend = 0, frame = 0
 2506              		@ frame_needed = 0, uses_anonymous_args = 0
 2507              		@ link register save eliminated.
 458:BSP/u8g2/u8g2_d_memory.c ****   static uint8_t buf[160];
 2508              		.loc 1 458 3 view .LVU526
 459:BSP/u8g2/u8g2_d_memory.c ****   *page_cnt = 1;
 2509              		.loc 1 459 3 view .LVU527
 2510              		.loc 1 459 13 is_stmt 0 view .LVU528
 2511 0000 0123     		movs	r3, #1
 2512 0002 0370     		strb	r3, [r0]
 460:BSP/u8g2/u8g2_d_memory.c ****   return buf;
 2513              		.loc 1 460 3 is_stmt 1 view .LVU529
 461:BSP/u8g2/u8g2_d_memory.c **** }
 2514              		.loc 1 461 1 is_stmt 0 view .LVU530
 2515 0004 0048     		ldr	r0, .L227
 2516              	.LVL151:
 2517              		.loc 1 461 1 view .LVU531
 2518 0006 7047     		bx	lr
 2519              	.L228:
 2520              		.align	2
 2521              	.L227:
 2522 0008 00000000 		.word	buf.53
 2523              		.cfi_endproc
 2524              	.LFE75:
 2526              		.section	.text.u8g2_m_20_13_2,"ax",%progbits
 2527              		.align	1
 2528              		.global	u8g2_m_20_13_2
 2529              		.syntax unified
 2530              		.thumb
 2531              		.thumb_func
 2533              	u8g2_m_20_13_2:
 2534              	.LVL152:
 2535              	.LFB76:
 462:BSP/u8g2/u8g2_d_memory.c **** uint8_t *u8g2_m_20_13_2(uint8_t *page_cnt)
 463:BSP/u8g2/u8g2_d_memory.c **** {
 2536              		.loc 1 463 1 is_stmt 1 view -0
 2537              		.cfi_startproc
 2538              		@ args = 0, pretend = 0, frame = 0
 2539              		@ frame_needed = 0, uses_anonymous_args = 0
 2540              		@ link register save eliminated.
ARM GAS  /tmp/ccynqwCP.s 			page 51


 464:BSP/u8g2/u8g2_d_memory.c ****   static uint8_t buf[320];
 2541              		.loc 1 464 3 view .LVU533
 465:BSP/u8g2/u8g2_d_memory.c ****   *page_cnt = 2;
 2542              		.loc 1 465 3 view .LVU534
 2543              		.loc 1 465 13 is_stmt 0 view .LVU535
 2544 0000 0223     		movs	r3, #2
 2545 0002 0370     		strb	r3, [r0]
 466:BSP/u8g2/u8g2_d_memory.c ****   return buf;
 2546              		.loc 1 466 3 is_stmt 1 view .LVU536
 467:BSP/u8g2/u8g2_d_memory.c **** }
 2547              		.loc 1 467 1 is_stmt 0 view .LVU537
 2548 0004 0048     		ldr	r0, .L230
 2549              	.LVL153:
 2550              		.loc 1 467 1 view .LVU538
 2551 0006 7047     		bx	lr
 2552              	.L231:
 2553              		.align	2
 2554              	.L230:
 2555 0008 00000000 		.word	buf.52
 2556              		.cfi_endproc
 2557              	.LFE76:
 2559              		.section	.text.u8g2_m_20_13_f,"ax",%progbits
 2560              		.align	1
 2561              		.global	u8g2_m_20_13_f
 2562              		.syntax unified
 2563              		.thumb
 2564              		.thumb_func
 2566              	u8g2_m_20_13_f:
 2567              	.LVL154:
 2568              	.LFB77:
 468:BSP/u8g2/u8g2_d_memory.c **** uint8_t *u8g2_m_20_13_f(uint8_t *page_cnt)
 469:BSP/u8g2/u8g2_d_memory.c **** {
 2569              		.loc 1 469 1 is_stmt 1 view -0
 2570              		.cfi_startproc
 2571              		@ args = 0, pretend = 0, frame = 0
 2572              		@ frame_needed = 0, uses_anonymous_args = 0
 2573              		@ link register save eliminated.
 470:BSP/u8g2/u8g2_d_memory.c ****   static uint8_t buf[2080];
 2574              		.loc 1 470 3 view .LVU540
 471:BSP/u8g2/u8g2_d_memory.c ****   *page_cnt = 13;
 2575              		.loc 1 471 3 view .LVU541
 2576              		.loc 1 471 13 is_stmt 0 view .LVU542
 2577 0000 0D23     		movs	r3, #13
 2578 0002 0370     		strb	r3, [r0]
 472:BSP/u8g2/u8g2_d_memory.c ****   return buf;
 2579              		.loc 1 472 3 is_stmt 1 view .LVU543
 473:BSP/u8g2/u8g2_d_memory.c **** }
 2580              		.loc 1 473 1 is_stmt 0 view .LVU544
 2581 0004 0048     		ldr	r0, .L233
 2582              	.LVL155:
 2583              		.loc 1 473 1 view .LVU545
 2584 0006 7047     		bx	lr
 2585              	.L234:
 2586              		.align	2
 2587              	.L233:
 2588 0008 00000000 		.word	buf.51
 2589              		.cfi_endproc
ARM GAS  /tmp/ccynqwCP.s 			page 52


 2590              	.LFE77:
 2592              		.section	.text.u8g2_m_30_20_1,"ax",%progbits
 2593              		.align	1
 2594              		.global	u8g2_m_30_20_1
 2595              		.syntax unified
 2596              		.thumb
 2597              		.thumb_func
 2599              	u8g2_m_30_20_1:
 2600              	.LVL156:
 2601              	.LFB78:
 474:BSP/u8g2/u8g2_d_memory.c **** uint8_t *u8g2_m_30_20_1(uint8_t *page_cnt)
 475:BSP/u8g2/u8g2_d_memory.c **** {
 2602              		.loc 1 475 1 is_stmt 1 view -0
 2603              		.cfi_startproc
 2604              		@ args = 0, pretend = 0, frame = 0
 2605              		@ frame_needed = 0, uses_anonymous_args = 0
 2606              		@ link register save eliminated.
 476:BSP/u8g2/u8g2_d_memory.c ****   static uint8_t buf[240];
 2607              		.loc 1 476 3 view .LVU547
 477:BSP/u8g2/u8g2_d_memory.c ****   *page_cnt = 1;
 2608              		.loc 1 477 3 view .LVU548
 2609              		.loc 1 477 13 is_stmt 0 view .LVU549
 2610 0000 0123     		movs	r3, #1
 2611 0002 0370     		strb	r3, [r0]
 478:BSP/u8g2/u8g2_d_memory.c ****   return buf;
 2612              		.loc 1 478 3 is_stmt 1 view .LVU550
 479:BSP/u8g2/u8g2_d_memory.c **** }
 2613              		.loc 1 479 1 is_stmt 0 view .LVU551
 2614 0004 0048     		ldr	r0, .L236
 2615              	.LVL157:
 2616              		.loc 1 479 1 view .LVU552
 2617 0006 7047     		bx	lr
 2618              	.L237:
 2619              		.align	2
 2620              	.L236:
 2621 0008 00000000 		.word	buf.50
 2622              		.cfi_endproc
 2623              	.LFE78:
 2625              		.section	.text.u8g2_m_30_20_2,"ax",%progbits
 2626              		.align	1
 2627              		.global	u8g2_m_30_20_2
 2628              		.syntax unified
 2629              		.thumb
 2630              		.thumb_func
 2632              	u8g2_m_30_20_2:
 2633              	.LVL158:
 2634              	.LFB79:
 480:BSP/u8g2/u8g2_d_memory.c **** uint8_t *u8g2_m_30_20_2(uint8_t *page_cnt)
 481:BSP/u8g2/u8g2_d_memory.c **** {
 2635              		.loc 1 481 1 is_stmt 1 view -0
 2636              		.cfi_startproc
 2637              		@ args = 0, pretend = 0, frame = 0
 2638              		@ frame_needed = 0, uses_anonymous_args = 0
 2639              		@ link register save eliminated.
 482:BSP/u8g2/u8g2_d_memory.c ****   static uint8_t buf[480];
 2640              		.loc 1 482 3 view .LVU554
 483:BSP/u8g2/u8g2_d_memory.c ****   *page_cnt = 2;
ARM GAS  /tmp/ccynqwCP.s 			page 53


 2641              		.loc 1 483 3 view .LVU555
 2642              		.loc 1 483 13 is_stmt 0 view .LVU556
 2643 0000 0223     		movs	r3, #2
 2644 0002 0370     		strb	r3, [r0]
 484:BSP/u8g2/u8g2_d_memory.c ****   return buf;
 2645              		.loc 1 484 3 is_stmt 1 view .LVU557
 485:BSP/u8g2/u8g2_d_memory.c **** }
 2646              		.loc 1 485 1 is_stmt 0 view .LVU558
 2647 0004 0048     		ldr	r0, .L239
 2648              	.LVL159:
 2649              		.loc 1 485 1 view .LVU559
 2650 0006 7047     		bx	lr
 2651              	.L240:
 2652              		.align	2
 2653              	.L239:
 2654 0008 00000000 		.word	buf.49
 2655              		.cfi_endproc
 2656              	.LFE79:
 2658              		.section	.text.u8g2_m_30_20_f,"ax",%progbits
 2659              		.align	1
 2660              		.global	u8g2_m_30_20_f
 2661              		.syntax unified
 2662              		.thumb
 2663              		.thumb_func
 2665              	u8g2_m_30_20_f:
 2666              	.LVL160:
 2667              	.LFB80:
 486:BSP/u8g2/u8g2_d_memory.c **** uint8_t *u8g2_m_30_20_f(uint8_t *page_cnt)
 487:BSP/u8g2/u8g2_d_memory.c **** {
 2668              		.loc 1 487 1 is_stmt 1 view -0
 2669              		.cfi_startproc
 2670              		@ args = 0, pretend = 0, frame = 0
 2671              		@ frame_needed = 0, uses_anonymous_args = 0
 2672              		@ link register save eliminated.
 488:BSP/u8g2/u8g2_d_memory.c ****   static uint8_t buf[4800];
 2673              		.loc 1 488 3 view .LVU561
 489:BSP/u8g2/u8g2_d_memory.c ****   *page_cnt = 20;
 2674              		.loc 1 489 3 view .LVU562
 2675              		.loc 1 489 13 is_stmt 0 view .LVU563
 2676 0000 1423     		movs	r3, #20
 2677 0002 0370     		strb	r3, [r0]
 490:BSP/u8g2/u8g2_d_memory.c ****   return buf;
 2678              		.loc 1 490 3 is_stmt 1 view .LVU564
 491:BSP/u8g2/u8g2_d_memory.c **** }
 2679              		.loc 1 491 1 is_stmt 0 view .LVU565
 2680 0004 0048     		ldr	r0, .L242
 2681              	.LVL161:
 2682              		.loc 1 491 1 view .LVU566
 2683 0006 7047     		bx	lr
 2684              	.L243:
 2685              		.align	2
 2686              	.L242:
 2687 0008 00000000 		.word	buf.48
 2688              		.cfi_endproc
 2689              	.LFE80:
 2691              		.section	.text.u8g2_m_17_4_1,"ax",%progbits
 2692              		.align	1
ARM GAS  /tmp/ccynqwCP.s 			page 54


 2693              		.global	u8g2_m_17_4_1
 2694              		.syntax unified
 2695              		.thumb
 2696              		.thumb_func
 2698              	u8g2_m_17_4_1:
 2699              	.LVL162:
 2700              	.LFB81:
 492:BSP/u8g2/u8g2_d_memory.c **** uint8_t *u8g2_m_17_4_1(uint8_t *page_cnt)
 493:BSP/u8g2/u8g2_d_memory.c **** {
 2701              		.loc 1 493 1 is_stmt 1 view -0
 2702              		.cfi_startproc
 2703              		@ args = 0, pretend = 0, frame = 0
 2704              		@ frame_needed = 0, uses_anonymous_args = 0
 2705              		@ link register save eliminated.
 494:BSP/u8g2/u8g2_d_memory.c ****   static uint8_t buf[136];
 2706              		.loc 1 494 3 view .LVU568
 495:BSP/u8g2/u8g2_d_memory.c ****   *page_cnt = 1;
 2707              		.loc 1 495 3 view .LVU569
 2708              		.loc 1 495 13 is_stmt 0 view .LVU570
 2709 0000 0123     		movs	r3, #1
 2710 0002 0370     		strb	r3, [r0]
 496:BSP/u8g2/u8g2_d_memory.c ****   return buf;
 2711              		.loc 1 496 3 is_stmt 1 view .LVU571
 497:BSP/u8g2/u8g2_d_memory.c **** }
 2712              		.loc 1 497 1 is_stmt 0 view .LVU572
 2713 0004 0048     		ldr	r0, .L245
 2714              	.LVL163:
 2715              		.loc 1 497 1 view .LVU573
 2716 0006 7047     		bx	lr
 2717              	.L246:
 2718              		.align	2
 2719              	.L245:
 2720 0008 00000000 		.word	buf.47
 2721              		.cfi_endproc
 2722              	.LFE81:
 2724              		.section	.text.u8g2_m_17_4_2,"ax",%progbits
 2725              		.align	1
 2726              		.global	u8g2_m_17_4_2
 2727              		.syntax unified
 2728              		.thumb
 2729              		.thumb_func
 2731              	u8g2_m_17_4_2:
 2732              	.LVL164:
 2733              	.LFB82:
 498:BSP/u8g2/u8g2_d_memory.c **** uint8_t *u8g2_m_17_4_2(uint8_t *page_cnt)
 499:BSP/u8g2/u8g2_d_memory.c **** {
 2734              		.loc 1 499 1 is_stmt 1 view -0
 2735              		.cfi_startproc
 2736              		@ args = 0, pretend = 0, frame = 0
 2737              		@ frame_needed = 0, uses_anonymous_args = 0
 2738              		@ link register save eliminated.
 500:BSP/u8g2/u8g2_d_memory.c ****   static uint8_t buf[272];
 2739              		.loc 1 500 3 view .LVU575
 501:BSP/u8g2/u8g2_d_memory.c ****   *page_cnt = 2;
 2740              		.loc 1 501 3 view .LVU576
 2741              		.loc 1 501 13 is_stmt 0 view .LVU577
 2742 0000 0223     		movs	r3, #2
ARM GAS  /tmp/ccynqwCP.s 			page 55


 2743 0002 0370     		strb	r3, [r0]
 502:BSP/u8g2/u8g2_d_memory.c ****   return buf;
 2744              		.loc 1 502 3 is_stmt 1 view .LVU578
 503:BSP/u8g2/u8g2_d_memory.c **** }
 2745              		.loc 1 503 1 is_stmt 0 view .LVU579
 2746 0004 0048     		ldr	r0, .L248
 2747              	.LVL165:
 2748              		.loc 1 503 1 view .LVU580
 2749 0006 7047     		bx	lr
 2750              	.L249:
 2751              		.align	2
 2752              	.L248:
 2753 0008 00000000 		.word	buf.46
 2754              		.cfi_endproc
 2755              	.LFE82:
 2757              		.section	.text.u8g2_m_17_4_f,"ax",%progbits
 2758              		.align	1
 2759              		.global	u8g2_m_17_4_f
 2760              		.syntax unified
 2761              		.thumb
 2762              		.thumb_func
 2764              	u8g2_m_17_4_f:
 2765              	.LVL166:
 2766              	.LFB83:
 504:BSP/u8g2/u8g2_d_memory.c **** uint8_t *u8g2_m_17_4_f(uint8_t *page_cnt)
 505:BSP/u8g2/u8g2_d_memory.c **** {
 2767              		.loc 1 505 1 is_stmt 1 view -0
 2768              		.cfi_startproc
 2769              		@ args = 0, pretend = 0, frame = 0
 2770              		@ frame_needed = 0, uses_anonymous_args = 0
 2771              		@ link register save eliminated.
 506:BSP/u8g2/u8g2_d_memory.c ****   static uint8_t buf[544];
 2772              		.loc 1 506 3 view .LVU582
 507:BSP/u8g2/u8g2_d_memory.c ****   *page_cnt = 4;
 2773              		.loc 1 507 3 view .LVU583
 2774              		.loc 1 507 13 is_stmt 0 view .LVU584
 2775 0000 0423     		movs	r3, #4
 2776 0002 0370     		strb	r3, [r0]
 508:BSP/u8g2/u8g2_d_memory.c ****   return buf;
 2777              		.loc 1 508 3 is_stmt 1 view .LVU585
 509:BSP/u8g2/u8g2_d_memory.c **** }
 2778              		.loc 1 509 1 is_stmt 0 view .LVU586
 2779 0004 0048     		ldr	r0, .L251
 2780              	.LVL167:
 2781              		.loc 1 509 1 view .LVU587
 2782 0006 7047     		bx	lr
 2783              	.L252:
 2784              		.align	2
 2785              	.L251:
 2786 0008 00000000 		.word	buf.45
 2787              		.cfi_endproc
 2788              	.LFE83:
 2790              		.section	.text.u8g2_m_17_8_1,"ax",%progbits
 2791              		.align	1
 2792              		.global	u8g2_m_17_8_1
 2793              		.syntax unified
 2794              		.thumb
ARM GAS  /tmp/ccynqwCP.s 			page 56


 2795              		.thumb_func
 2797              	u8g2_m_17_8_1:
 2798              	.LVL168:
 2799              	.LFB84:
 510:BSP/u8g2/u8g2_d_memory.c **** uint8_t *u8g2_m_17_8_1(uint8_t *page_cnt)
 511:BSP/u8g2/u8g2_d_memory.c **** {
 2800              		.loc 1 511 1 is_stmt 1 view -0
 2801              		.cfi_startproc
 2802              		@ args = 0, pretend = 0, frame = 0
 2803              		@ frame_needed = 0, uses_anonymous_args = 0
 2804              		@ link register save eliminated.
 512:BSP/u8g2/u8g2_d_memory.c ****   static uint8_t buf[136];
 2805              		.loc 1 512 3 view .LVU589
 513:BSP/u8g2/u8g2_d_memory.c ****   *page_cnt = 1;
 2806              		.loc 1 513 3 view .LVU590
 2807              		.loc 1 513 13 is_stmt 0 view .LVU591
 2808 0000 0123     		movs	r3, #1
 2809 0002 0370     		strb	r3, [r0]
 514:BSP/u8g2/u8g2_d_memory.c ****   return buf;
 2810              		.loc 1 514 3 is_stmt 1 view .LVU592
 515:BSP/u8g2/u8g2_d_memory.c **** }
 2811              		.loc 1 515 1 is_stmt 0 view .LVU593
 2812 0004 0048     		ldr	r0, .L254
 2813              	.LVL169:
 2814              		.loc 1 515 1 view .LVU594
 2815 0006 7047     		bx	lr
 2816              	.L255:
 2817              		.align	2
 2818              	.L254:
 2819 0008 00000000 		.word	buf.44
 2820              		.cfi_endproc
 2821              	.LFE84:
 2823              		.section	.text.u8g2_m_17_8_2,"ax",%progbits
 2824              		.align	1
 2825              		.global	u8g2_m_17_8_2
 2826              		.syntax unified
 2827              		.thumb
 2828              		.thumb_func
 2830              	u8g2_m_17_8_2:
 2831              	.LVL170:
 2832              	.LFB85:
 516:BSP/u8g2/u8g2_d_memory.c **** uint8_t *u8g2_m_17_8_2(uint8_t *page_cnt)
 517:BSP/u8g2/u8g2_d_memory.c **** {
 2833              		.loc 1 517 1 is_stmt 1 view -0
 2834              		.cfi_startproc
 2835              		@ args = 0, pretend = 0, frame = 0
 2836              		@ frame_needed = 0, uses_anonymous_args = 0
 2837              		@ link register save eliminated.
 518:BSP/u8g2/u8g2_d_memory.c ****   static uint8_t buf[272];
 2838              		.loc 1 518 3 view .LVU596
 519:BSP/u8g2/u8g2_d_memory.c ****   *page_cnt = 2;
 2839              		.loc 1 519 3 view .LVU597
 2840              		.loc 1 519 13 is_stmt 0 view .LVU598
 2841 0000 0223     		movs	r3, #2
 2842 0002 0370     		strb	r3, [r0]
 520:BSP/u8g2/u8g2_d_memory.c ****   return buf;
 2843              		.loc 1 520 3 is_stmt 1 view .LVU599
ARM GAS  /tmp/ccynqwCP.s 			page 57


 521:BSP/u8g2/u8g2_d_memory.c **** }
 2844              		.loc 1 521 1 is_stmt 0 view .LVU600
 2845 0004 0048     		ldr	r0, .L257
 2846              	.LVL171:
 2847              		.loc 1 521 1 view .LVU601
 2848 0006 7047     		bx	lr
 2849              	.L258:
 2850              		.align	2
 2851              	.L257:
 2852 0008 00000000 		.word	buf.43
 2853              		.cfi_endproc
 2854              	.LFE85:
 2856              		.section	.text.u8g2_m_17_8_f,"ax",%progbits
 2857              		.align	1
 2858              		.global	u8g2_m_17_8_f
 2859              		.syntax unified
 2860              		.thumb
 2861              		.thumb_func
 2863              	u8g2_m_17_8_f:
 2864              	.LVL172:
 2865              	.LFB86:
 522:BSP/u8g2/u8g2_d_memory.c **** uint8_t *u8g2_m_17_8_f(uint8_t *page_cnt)
 523:BSP/u8g2/u8g2_d_memory.c **** {
 2866              		.loc 1 523 1 is_stmt 1 view -0
 2867              		.cfi_startproc
 2868              		@ args = 0, pretend = 0, frame = 0
 2869              		@ frame_needed = 0, uses_anonymous_args = 0
 2870              		@ link register save eliminated.
 524:BSP/u8g2/u8g2_d_memory.c ****   static uint8_t buf[1088];
 2871              		.loc 1 524 3 view .LVU603
 525:BSP/u8g2/u8g2_d_memory.c ****   *page_cnt = 8;
 2872              		.loc 1 525 3 view .LVU604
 2873              		.loc 1 525 13 is_stmt 0 view .LVU605
 2874 0000 0823     		movs	r3, #8
 2875 0002 0370     		strb	r3, [r0]
 526:BSP/u8g2/u8g2_d_memory.c ****   return buf;
 2876              		.loc 1 526 3 is_stmt 1 view .LVU606
 527:BSP/u8g2/u8g2_d_memory.c **** }
 2877              		.loc 1 527 1 is_stmt 0 view .LVU607
 2878 0004 0048     		ldr	r0, .L260
 2879              	.LVL173:
 2880              		.loc 1 527 1 view .LVU608
 2881 0006 7047     		bx	lr
 2882              	.L261:
 2883              		.align	2
 2884              	.L260:
 2885 0008 00000000 		.word	buf.42
 2886              		.cfi_endproc
 2887              	.LFE86:
 2889              		.section	.text.u8g2_m_48_17_1,"ax",%progbits
 2890              		.align	1
 2891              		.global	u8g2_m_48_17_1
 2892              		.syntax unified
 2893              		.thumb
 2894              		.thumb_func
 2896              	u8g2_m_48_17_1:
 2897              	.LVL174:
ARM GAS  /tmp/ccynqwCP.s 			page 58


 2898              	.LFB87:
 528:BSP/u8g2/u8g2_d_memory.c **** uint8_t *u8g2_m_48_17_1(uint8_t *page_cnt)
 529:BSP/u8g2/u8g2_d_memory.c **** {
 2899              		.loc 1 529 1 is_stmt 1 view -0
 2900              		.cfi_startproc
 2901              		@ args = 0, pretend = 0, frame = 0
 2902              		@ frame_needed = 0, uses_anonymous_args = 0
 2903              		@ link register save eliminated.
 530:BSP/u8g2/u8g2_d_memory.c ****   static uint8_t buf[384];
 2904              		.loc 1 530 3 view .LVU610
 531:BSP/u8g2/u8g2_d_memory.c ****   *page_cnt = 1;
 2905              		.loc 1 531 3 view .LVU611
 2906              		.loc 1 531 13 is_stmt 0 view .LVU612
 2907 0000 0123     		movs	r3, #1
 2908 0002 0370     		strb	r3, [r0]
 532:BSP/u8g2/u8g2_d_memory.c ****   return buf;
 2909              		.loc 1 532 3 is_stmt 1 view .LVU613
 533:BSP/u8g2/u8g2_d_memory.c **** }
 2910              		.loc 1 533 1 is_stmt 0 view .LVU614
 2911 0004 0048     		ldr	r0, .L263
 2912              	.LVL175:
 2913              		.loc 1 533 1 view .LVU615
 2914 0006 7047     		bx	lr
 2915              	.L264:
 2916              		.align	2
 2917              	.L263:
 2918 0008 00000000 		.word	buf.41
 2919              		.cfi_endproc
 2920              	.LFE87:
 2922              		.section	.text.u8g2_m_48_17_2,"ax",%progbits
 2923              		.align	1
 2924              		.global	u8g2_m_48_17_2
 2925              		.syntax unified
 2926              		.thumb
 2927              		.thumb_func
 2929              	u8g2_m_48_17_2:
 2930              	.LVL176:
 2931              	.LFB88:
 534:BSP/u8g2/u8g2_d_memory.c **** uint8_t *u8g2_m_48_17_2(uint8_t *page_cnt)
 535:BSP/u8g2/u8g2_d_memory.c **** {
 2932              		.loc 1 535 1 is_stmt 1 view -0
 2933              		.cfi_startproc
 2934              		@ args = 0, pretend = 0, frame = 0
 2935              		@ frame_needed = 0, uses_anonymous_args = 0
 2936              		@ link register save eliminated.
 536:BSP/u8g2/u8g2_d_memory.c ****   static uint8_t buf[768];
 2937              		.loc 1 536 3 view .LVU617
 537:BSP/u8g2/u8g2_d_memory.c ****   *page_cnt = 2;
 2938              		.loc 1 537 3 view .LVU618
 2939              		.loc 1 537 13 is_stmt 0 view .LVU619
 2940 0000 0223     		movs	r3, #2
 2941 0002 0370     		strb	r3, [r0]
 538:BSP/u8g2/u8g2_d_memory.c ****   return buf;
 2942              		.loc 1 538 3 is_stmt 1 view .LVU620
 539:BSP/u8g2/u8g2_d_memory.c **** }
 2943              		.loc 1 539 1 is_stmt 0 view .LVU621
 2944 0004 0048     		ldr	r0, .L266
ARM GAS  /tmp/ccynqwCP.s 			page 59


 2945              	.LVL177:
 2946              		.loc 1 539 1 view .LVU622
 2947 0006 7047     		bx	lr
 2948              	.L267:
 2949              		.align	2
 2950              	.L266:
 2951 0008 00000000 		.word	buf.40
 2952              		.cfi_endproc
 2953              	.LFE88:
 2955              		.section	.text.u8g2_m_48_17_f,"ax",%progbits
 2956              		.align	1
 2957              		.global	u8g2_m_48_17_f
 2958              		.syntax unified
 2959              		.thumb
 2960              		.thumb_func
 2962              	u8g2_m_48_17_f:
 2963              	.LVL178:
 2964              	.LFB89:
 540:BSP/u8g2/u8g2_d_memory.c **** uint8_t *u8g2_m_48_17_f(uint8_t *page_cnt)
 541:BSP/u8g2/u8g2_d_memory.c **** {
 2965              		.loc 1 541 1 is_stmt 1 view -0
 2966              		.cfi_startproc
 2967              		@ args = 0, pretend = 0, frame = 0
 2968              		@ frame_needed = 0, uses_anonymous_args = 0
 2969              		@ link register save eliminated.
 542:BSP/u8g2/u8g2_d_memory.c ****   static uint8_t buf[6528];
 2970              		.loc 1 542 3 view .LVU624
 543:BSP/u8g2/u8g2_d_memory.c ****   *page_cnt = 17;
 2971              		.loc 1 543 3 view .LVU625
 2972              		.loc 1 543 13 is_stmt 0 view .LVU626
 2973 0000 1123     		movs	r3, #17
 2974 0002 0370     		strb	r3, [r0]
 544:BSP/u8g2/u8g2_d_memory.c ****   return buf;
 2975              		.loc 1 544 3 is_stmt 1 view .LVU627
 545:BSP/u8g2/u8g2_d_memory.c **** }
 2976              		.loc 1 545 1 is_stmt 0 view .LVU628
 2977 0004 0048     		ldr	r0, .L269
 2978              	.LVL179:
 2979              		.loc 1 545 1 view .LVU629
 2980 0006 7047     		bx	lr
 2981              	.L270:
 2982              		.align	2
 2983              	.L269:
 2984 0008 00000000 		.word	buf.39
 2985              		.cfi_endproc
 2986              	.LFE89:
 2988              		.section	.text.u8g2_m_32_16_1,"ax",%progbits
 2989              		.align	1
 2990              		.global	u8g2_m_32_16_1
 2991              		.syntax unified
 2992              		.thumb
 2993              		.thumb_func
 2995              	u8g2_m_32_16_1:
 2996              	.LVL180:
 2997              	.LFB90:
 546:BSP/u8g2/u8g2_d_memory.c **** uint8_t *u8g2_m_32_16_1(uint8_t *page_cnt)
 547:BSP/u8g2/u8g2_d_memory.c **** {
ARM GAS  /tmp/ccynqwCP.s 			page 60


 2998              		.loc 1 547 1 is_stmt 1 view -0
 2999              		.cfi_startproc
 3000              		@ args = 0, pretend = 0, frame = 0
 3001              		@ frame_needed = 0, uses_anonymous_args = 0
 3002              		@ link register save eliminated.
 548:BSP/u8g2/u8g2_d_memory.c ****   static uint8_t buf[256];
 3003              		.loc 1 548 3 view .LVU631
 549:BSP/u8g2/u8g2_d_memory.c ****   *page_cnt = 1;
 3004              		.loc 1 549 3 view .LVU632
 3005              		.loc 1 549 13 is_stmt 0 view .LVU633
 3006 0000 0123     		movs	r3, #1
 3007 0002 0370     		strb	r3, [r0]
 550:BSP/u8g2/u8g2_d_memory.c ****   return buf;
 3008              		.loc 1 550 3 is_stmt 1 view .LVU634
 551:BSP/u8g2/u8g2_d_memory.c **** }
 3009              		.loc 1 551 1 is_stmt 0 view .LVU635
 3010 0004 0048     		ldr	r0, .L272
 3011              	.LVL181:
 3012              		.loc 1 551 1 view .LVU636
 3013 0006 7047     		bx	lr
 3014              	.L273:
 3015              		.align	2
 3016              	.L272:
 3017 0008 00000000 		.word	buf.38
 3018              		.cfi_endproc
 3019              	.LFE90:
 3021              		.section	.text.u8g2_m_32_16_2,"ax",%progbits
 3022              		.align	1
 3023              		.global	u8g2_m_32_16_2
 3024              		.syntax unified
 3025              		.thumb
 3026              		.thumb_func
 3028              	u8g2_m_32_16_2:
 3029              	.LVL182:
 3030              	.LFB91:
 552:BSP/u8g2/u8g2_d_memory.c **** uint8_t *u8g2_m_32_16_2(uint8_t *page_cnt)
 553:BSP/u8g2/u8g2_d_memory.c **** {
 3031              		.loc 1 553 1 is_stmt 1 view -0
 3032              		.cfi_startproc
 3033              		@ args = 0, pretend = 0, frame = 0
 3034              		@ frame_needed = 0, uses_anonymous_args = 0
 3035              		@ link register save eliminated.
 554:BSP/u8g2/u8g2_d_memory.c ****   static uint8_t buf[512];
 3036              		.loc 1 554 3 view .LVU638
 555:BSP/u8g2/u8g2_d_memory.c ****   *page_cnt = 2;
 3037              		.loc 1 555 3 view .LVU639
 3038              		.loc 1 555 13 is_stmt 0 view .LVU640
 3039 0000 0223     		movs	r3, #2
 3040 0002 0370     		strb	r3, [r0]
 556:BSP/u8g2/u8g2_d_memory.c ****   return buf;
 3041              		.loc 1 556 3 is_stmt 1 view .LVU641
 557:BSP/u8g2/u8g2_d_memory.c **** }
 3042              		.loc 1 557 1 is_stmt 0 view .LVU642
 3043 0004 0048     		ldr	r0, .L275
 3044              	.LVL183:
 3045              		.loc 1 557 1 view .LVU643
 3046 0006 7047     		bx	lr
ARM GAS  /tmp/ccynqwCP.s 			page 61


 3047              	.L276:
 3048              		.align	2
 3049              	.L275:
 3050 0008 00000000 		.word	buf.37
 3051              		.cfi_endproc
 3052              	.LFE91:
 3054              		.section	.text.u8g2_m_32_16_f,"ax",%progbits
 3055              		.align	1
 3056              		.global	u8g2_m_32_16_f
 3057              		.syntax unified
 3058              		.thumb
 3059              		.thumb_func
 3061              	u8g2_m_32_16_f:
 3062              	.LVL184:
 3063              	.LFB92:
 558:BSP/u8g2/u8g2_d_memory.c **** uint8_t *u8g2_m_32_16_f(uint8_t *page_cnt)
 559:BSP/u8g2/u8g2_d_memory.c **** {
 3064              		.loc 1 559 1 is_stmt 1 view -0
 3065              		.cfi_startproc
 3066              		@ args = 0, pretend = 0, frame = 0
 3067              		@ frame_needed = 0, uses_anonymous_args = 0
 3068              		@ link register save eliminated.
 560:BSP/u8g2/u8g2_d_memory.c ****   static uint8_t buf[4096];
 3069              		.loc 1 560 3 view .LVU645
 561:BSP/u8g2/u8g2_d_memory.c ****   *page_cnt = 16;
 3070              		.loc 1 561 3 view .LVU646
 3071              		.loc 1 561 13 is_stmt 0 view .LVU647
 3072 0000 1023     		movs	r3, #16
 3073 0002 0370     		strb	r3, [r0]
 562:BSP/u8g2/u8g2_d_memory.c ****   return buf;
 3074              		.loc 1 562 3 is_stmt 1 view .LVU648
 563:BSP/u8g2/u8g2_d_memory.c **** }
 3075              		.loc 1 563 1 is_stmt 0 view .LVU649
 3076 0004 0048     		ldr	r0, .L278
 3077              	.LVL185:
 3078              		.loc 1 563 1 view .LVU650
 3079 0006 7047     		bx	lr
 3080              	.L279:
 3081              		.align	2
 3082              	.L278:
 3083 0008 00000000 		.word	buf.36
 3084              		.cfi_endproc
 3085              	.LFE92:
 3087              		.section	.text.u8g2_m_32_20_1,"ax",%progbits
 3088              		.align	1
 3089              		.global	u8g2_m_32_20_1
 3090              		.syntax unified
 3091              		.thumb
 3092              		.thumb_func
 3094              	u8g2_m_32_20_1:
 3095              	.LVL186:
 3096              	.LFB93:
 564:BSP/u8g2/u8g2_d_memory.c **** uint8_t *u8g2_m_32_20_1(uint8_t *page_cnt)
 565:BSP/u8g2/u8g2_d_memory.c **** {
 3097              		.loc 1 565 1 is_stmt 1 view -0
 3098              		.cfi_startproc
 3099              		@ args = 0, pretend = 0, frame = 0
ARM GAS  /tmp/ccynqwCP.s 			page 62


 3100              		@ frame_needed = 0, uses_anonymous_args = 0
 3101              		@ link register save eliminated.
 566:BSP/u8g2/u8g2_d_memory.c ****   static uint8_t buf[256];
 3102              		.loc 1 566 3 view .LVU652
 567:BSP/u8g2/u8g2_d_memory.c ****   *page_cnt = 1;
 3103              		.loc 1 567 3 view .LVU653
 3104              		.loc 1 567 13 is_stmt 0 view .LVU654
 3105 0000 0123     		movs	r3, #1
 3106 0002 0370     		strb	r3, [r0]
 568:BSP/u8g2/u8g2_d_memory.c ****   return buf;
 3107              		.loc 1 568 3 is_stmt 1 view .LVU655
 569:BSP/u8g2/u8g2_d_memory.c **** }
 3108              		.loc 1 569 1 is_stmt 0 view .LVU656
 3109 0004 0048     		ldr	r0, .L281
 3110              	.LVL187:
 3111              		.loc 1 569 1 view .LVU657
 3112 0006 7047     		bx	lr
 3113              	.L282:
 3114              		.align	2
 3115              	.L281:
 3116 0008 00000000 		.word	buf.35
 3117              		.cfi_endproc
 3118              	.LFE93:
 3120              		.section	.text.u8g2_m_32_20_2,"ax",%progbits
 3121              		.align	1
 3122              		.global	u8g2_m_32_20_2
 3123              		.syntax unified
 3124              		.thumb
 3125              		.thumb_func
 3127              	u8g2_m_32_20_2:
 3128              	.LVL188:
 3129              	.LFB94:
 570:BSP/u8g2/u8g2_d_memory.c **** uint8_t *u8g2_m_32_20_2(uint8_t *page_cnt)
 571:BSP/u8g2/u8g2_d_memory.c **** {
 3130              		.loc 1 571 1 is_stmt 1 view -0
 3131              		.cfi_startproc
 3132              		@ args = 0, pretend = 0, frame = 0
 3133              		@ frame_needed = 0, uses_anonymous_args = 0
 3134              		@ link register save eliminated.
 572:BSP/u8g2/u8g2_d_memory.c ****   static uint8_t buf[512];
 3135              		.loc 1 572 3 view .LVU659
 573:BSP/u8g2/u8g2_d_memory.c ****   *page_cnt = 2;
 3136              		.loc 1 573 3 view .LVU660
 3137              		.loc 1 573 13 is_stmt 0 view .LVU661
 3138 0000 0223     		movs	r3, #2
 3139 0002 0370     		strb	r3, [r0]
 574:BSP/u8g2/u8g2_d_memory.c ****   return buf;
 3140              		.loc 1 574 3 is_stmt 1 view .LVU662
 575:BSP/u8g2/u8g2_d_memory.c **** }
 3141              		.loc 1 575 1 is_stmt 0 view .LVU663
 3142 0004 0048     		ldr	r0, .L284
 3143              	.LVL189:
 3144              		.loc 1 575 1 view .LVU664
 3145 0006 7047     		bx	lr
 3146              	.L285:
 3147              		.align	2
 3148              	.L284:
ARM GAS  /tmp/ccynqwCP.s 			page 63


 3149 0008 00000000 		.word	buf.34
 3150              		.cfi_endproc
 3151              	.LFE94:
 3153              		.section	.text.u8g2_m_32_20_f,"ax",%progbits
 3154              		.align	1
 3155              		.global	u8g2_m_32_20_f
 3156              		.syntax unified
 3157              		.thumb
 3158              		.thumb_func
 3160              	u8g2_m_32_20_f:
 3161              	.LVL190:
 3162              	.LFB95:
 576:BSP/u8g2/u8g2_d_memory.c **** uint8_t *u8g2_m_32_20_f(uint8_t *page_cnt)
 577:BSP/u8g2/u8g2_d_memory.c **** {
 3163              		.loc 1 577 1 is_stmt 1 view -0
 3164              		.cfi_startproc
 3165              		@ args = 0, pretend = 0, frame = 0
 3166              		@ frame_needed = 0, uses_anonymous_args = 0
 3167              		@ link register save eliminated.
 578:BSP/u8g2/u8g2_d_memory.c ****   static uint8_t buf[5120];
 3168              		.loc 1 578 3 view .LVU666
 579:BSP/u8g2/u8g2_d_memory.c ****   *page_cnt = 20;
 3169              		.loc 1 579 3 view .LVU667
 3170              		.loc 1 579 13 is_stmt 0 view .LVU668
 3171 0000 1423     		movs	r3, #20
 3172 0002 0370     		strb	r3, [r0]
 580:BSP/u8g2/u8g2_d_memory.c ****   return buf;
 3173              		.loc 1 580 3 is_stmt 1 view .LVU669
 581:BSP/u8g2/u8g2_d_memory.c **** }
 3174              		.loc 1 581 1 is_stmt 0 view .LVU670
 3175 0004 0048     		ldr	r0, .L287
 3176              	.LVL191:
 3177              		.loc 1 581 1 view .LVU671
 3178 0006 7047     		bx	lr
 3179              	.L288:
 3180              		.align	2
 3181              	.L287:
 3182 0008 00000000 		.word	buf.33
 3183              		.cfi_endproc
 3184              	.LFE95:
 3186              		.section	.text.u8g2_m_22_13_1,"ax",%progbits
 3187              		.align	1
 3188              		.global	u8g2_m_22_13_1
 3189              		.syntax unified
 3190              		.thumb
 3191              		.thumb_func
 3193              	u8g2_m_22_13_1:
 3194              	.LVL192:
 3195              	.LFB96:
 582:BSP/u8g2/u8g2_d_memory.c **** uint8_t *u8g2_m_22_13_1(uint8_t *page_cnt)
 583:BSP/u8g2/u8g2_d_memory.c **** {
 3196              		.loc 1 583 1 is_stmt 1 view -0
 3197              		.cfi_startproc
 3198              		@ args = 0, pretend = 0, frame = 0
 3199              		@ frame_needed = 0, uses_anonymous_args = 0
 3200              		@ link register save eliminated.
 584:BSP/u8g2/u8g2_d_memory.c ****   static uint8_t buf[176];
ARM GAS  /tmp/ccynqwCP.s 			page 64


 3201              		.loc 1 584 3 view .LVU673
 585:BSP/u8g2/u8g2_d_memory.c ****   *page_cnt = 1;
 3202              		.loc 1 585 3 view .LVU674
 3203              		.loc 1 585 13 is_stmt 0 view .LVU675
 3204 0000 0123     		movs	r3, #1
 3205 0002 0370     		strb	r3, [r0]
 586:BSP/u8g2/u8g2_d_memory.c ****   return buf;
 3206              		.loc 1 586 3 is_stmt 1 view .LVU676
 587:BSP/u8g2/u8g2_d_memory.c **** }
 3207              		.loc 1 587 1 is_stmt 0 view .LVU677
 3208 0004 0048     		ldr	r0, .L290
 3209              	.LVL193:
 3210              		.loc 1 587 1 view .LVU678
 3211 0006 7047     		bx	lr
 3212              	.L291:
 3213              		.align	2
 3214              	.L290:
 3215 0008 00000000 		.word	buf.32
 3216              		.cfi_endproc
 3217              	.LFE96:
 3219              		.section	.text.u8g2_m_22_13_2,"ax",%progbits
 3220              		.align	1
 3221              		.global	u8g2_m_22_13_2
 3222              		.syntax unified
 3223              		.thumb
 3224              		.thumb_func
 3226              	u8g2_m_22_13_2:
 3227              	.LVL194:
 3228              	.LFB97:
 588:BSP/u8g2/u8g2_d_memory.c **** uint8_t *u8g2_m_22_13_2(uint8_t *page_cnt)
 589:BSP/u8g2/u8g2_d_memory.c **** {
 3229              		.loc 1 589 1 is_stmt 1 view -0
 3230              		.cfi_startproc
 3231              		@ args = 0, pretend = 0, frame = 0
 3232              		@ frame_needed = 0, uses_anonymous_args = 0
 3233              		@ link register save eliminated.
 590:BSP/u8g2/u8g2_d_memory.c ****   static uint8_t buf[352];
 3234              		.loc 1 590 3 view .LVU680
 591:BSP/u8g2/u8g2_d_memory.c ****   *page_cnt = 2;
 3235              		.loc 1 591 3 view .LVU681
 3236              		.loc 1 591 13 is_stmt 0 view .LVU682
 3237 0000 0223     		movs	r3, #2
 3238 0002 0370     		strb	r3, [r0]
 592:BSP/u8g2/u8g2_d_memory.c ****   return buf;
 3239              		.loc 1 592 3 is_stmt 1 view .LVU683
 593:BSP/u8g2/u8g2_d_memory.c **** }
 3240              		.loc 1 593 1 is_stmt 0 view .LVU684
 3241 0004 0048     		ldr	r0, .L293
 3242              	.LVL195:
 3243              		.loc 1 593 1 view .LVU685
 3244 0006 7047     		bx	lr
 3245              	.L294:
 3246              		.align	2
 3247              	.L293:
 3248 0008 00000000 		.word	buf.31
 3249              		.cfi_endproc
 3250              	.LFE97:
ARM GAS  /tmp/ccynqwCP.s 			page 65


 3252              		.section	.text.u8g2_m_22_13_f,"ax",%progbits
 3253              		.align	1
 3254              		.global	u8g2_m_22_13_f
 3255              		.syntax unified
 3256              		.thumb
 3257              		.thumb_func
 3259              	u8g2_m_22_13_f:
 3260              	.LVL196:
 3261              	.LFB98:
 594:BSP/u8g2/u8g2_d_memory.c **** uint8_t *u8g2_m_22_13_f(uint8_t *page_cnt)
 595:BSP/u8g2/u8g2_d_memory.c **** {
 3262              		.loc 1 595 1 is_stmt 1 view -0
 3263              		.cfi_startproc
 3264              		@ args = 0, pretend = 0, frame = 0
 3265              		@ frame_needed = 0, uses_anonymous_args = 0
 3266              		@ link register save eliminated.
 596:BSP/u8g2/u8g2_d_memory.c ****   static uint8_t buf[2288];
 3267              		.loc 1 596 3 view .LVU687
 597:BSP/u8g2/u8g2_d_memory.c ****   *page_cnt = 13;
 3268              		.loc 1 597 3 view .LVU688
 3269              		.loc 1 597 13 is_stmt 0 view .LVU689
 3270 0000 0D23     		movs	r3, #13
 3271 0002 0370     		strb	r3, [r0]
 598:BSP/u8g2/u8g2_d_memory.c ****   return buf;
 3272              		.loc 1 598 3 is_stmt 1 view .LVU690
 599:BSP/u8g2/u8g2_d_memory.c **** }
 3273              		.loc 1 599 1 is_stmt 0 view .LVU691
 3274 0004 0048     		ldr	r0, .L296
 3275              	.LVL197:
 3276              		.loc 1 599 1 view .LVU692
 3277 0006 7047     		bx	lr
 3278              	.L297:
 3279              		.align	2
 3280              	.L296:
 3281 0008 00000000 		.word	buf.30
 3282              		.cfi_endproc
 3283              	.LFE98:
 3285              		.section	.text.u8g2_m_24_12_1,"ax",%progbits
 3286              		.align	1
 3287              		.global	u8g2_m_24_12_1
 3288              		.syntax unified
 3289              		.thumb
 3290              		.thumb_func
 3292              	u8g2_m_24_12_1:
 3293              	.LVL198:
 3294              	.LFB99:
 600:BSP/u8g2/u8g2_d_memory.c **** uint8_t *u8g2_m_24_12_1(uint8_t *page_cnt)
 601:BSP/u8g2/u8g2_d_memory.c **** {
 3295              		.loc 1 601 1 is_stmt 1 view -0
 3296              		.cfi_startproc
 3297              		@ args = 0, pretend = 0, frame = 0
 3298              		@ frame_needed = 0, uses_anonymous_args = 0
 3299              		@ link register save eliminated.
 602:BSP/u8g2/u8g2_d_memory.c ****   static uint8_t buf[192];
 3300              		.loc 1 602 3 view .LVU694
 603:BSP/u8g2/u8g2_d_memory.c ****   *page_cnt = 1;
 3301              		.loc 1 603 3 view .LVU695
ARM GAS  /tmp/ccynqwCP.s 			page 66


 3302              		.loc 1 603 13 is_stmt 0 view .LVU696
 3303 0000 0123     		movs	r3, #1
 3304 0002 0370     		strb	r3, [r0]
 604:BSP/u8g2/u8g2_d_memory.c ****   return buf;
 3305              		.loc 1 604 3 is_stmt 1 view .LVU697
 605:BSP/u8g2/u8g2_d_memory.c **** }
 3306              		.loc 1 605 1 is_stmt 0 view .LVU698
 3307 0004 0048     		ldr	r0, .L299
 3308              	.LVL199:
 3309              		.loc 1 605 1 view .LVU699
 3310 0006 7047     		bx	lr
 3311              	.L300:
 3312              		.align	2
 3313              	.L299:
 3314 0008 00000000 		.word	buf.29
 3315              		.cfi_endproc
 3316              	.LFE99:
 3318              		.section	.text.u8g2_m_24_12_2,"ax",%progbits
 3319              		.align	1
 3320              		.global	u8g2_m_24_12_2
 3321              		.syntax unified
 3322              		.thumb
 3323              		.thumb_func
 3325              	u8g2_m_24_12_2:
 3326              	.LVL200:
 3327              	.LFB100:
 606:BSP/u8g2/u8g2_d_memory.c **** uint8_t *u8g2_m_24_12_2(uint8_t *page_cnt)
 607:BSP/u8g2/u8g2_d_memory.c **** {
 3328              		.loc 1 607 1 is_stmt 1 view -0
 3329              		.cfi_startproc
 3330              		@ args = 0, pretend = 0, frame = 0
 3331              		@ frame_needed = 0, uses_anonymous_args = 0
 3332              		@ link register save eliminated.
 608:BSP/u8g2/u8g2_d_memory.c ****   static uint8_t buf[384];
 3333              		.loc 1 608 3 view .LVU701
 609:BSP/u8g2/u8g2_d_memory.c ****   *page_cnt = 2;
 3334              		.loc 1 609 3 view .LVU702
 3335              		.loc 1 609 13 is_stmt 0 view .LVU703
 3336 0000 0223     		movs	r3, #2
 3337 0002 0370     		strb	r3, [r0]
 610:BSP/u8g2/u8g2_d_memory.c ****   return buf;
 3338              		.loc 1 610 3 is_stmt 1 view .LVU704
 611:BSP/u8g2/u8g2_d_memory.c **** }
 3339              		.loc 1 611 1 is_stmt 0 view .LVU705
 3340 0004 0048     		ldr	r0, .L302
 3341              	.LVL201:
 3342              		.loc 1 611 1 view .LVU706
 3343 0006 7047     		bx	lr
 3344              	.L303:
 3345              		.align	2
 3346              	.L302:
 3347 0008 00000000 		.word	buf.28
 3348              		.cfi_endproc
 3349              	.LFE100:
 3351              		.section	.text.u8g2_m_24_12_f,"ax",%progbits
 3352              		.align	1
 3353              		.global	u8g2_m_24_12_f
ARM GAS  /tmp/ccynqwCP.s 			page 67


 3354              		.syntax unified
 3355              		.thumb
 3356              		.thumb_func
 3358              	u8g2_m_24_12_f:
 3359              	.LVL202:
 3360              	.LFB101:
 612:BSP/u8g2/u8g2_d_memory.c **** uint8_t *u8g2_m_24_12_f(uint8_t *page_cnt)
 613:BSP/u8g2/u8g2_d_memory.c **** {
 3361              		.loc 1 613 1 is_stmt 1 view -0
 3362              		.cfi_startproc
 3363              		@ args = 0, pretend = 0, frame = 0
 3364              		@ frame_needed = 0, uses_anonymous_args = 0
 3365              		@ link register save eliminated.
 614:BSP/u8g2/u8g2_d_memory.c ****   static uint8_t buf[2304];
 3366              		.loc 1 614 3 view .LVU708
 615:BSP/u8g2/u8g2_d_memory.c ****   *page_cnt = 12;
 3367              		.loc 1 615 3 view .LVU709
 3368              		.loc 1 615 13 is_stmt 0 view .LVU710
 3369 0000 0C23     		movs	r3, #12
 3370 0002 0370     		strb	r3, [r0]
 616:BSP/u8g2/u8g2_d_memory.c ****   return buf;
 3371              		.loc 1 616 3 is_stmt 1 view .LVU711
 617:BSP/u8g2/u8g2_d_memory.c **** }
 3372              		.loc 1 617 1 is_stmt 0 view .LVU712
 3373 0004 0048     		ldr	r0, .L305
 3374              	.LVL203:
 3375              		.loc 1 617 1 view .LVU713
 3376 0006 7047     		bx	lr
 3377              	.L306:
 3378              		.align	2
 3379              	.L305:
 3380 0008 00000000 		.word	buf.27
 3381              		.cfi_endproc
 3382              	.LFE101:
 3384              		.section	.text.u8g2_m_20_10_1,"ax",%progbits
 3385              		.align	1
 3386              		.global	u8g2_m_20_10_1
 3387              		.syntax unified
 3388              		.thumb
 3389              		.thumb_func
 3391              	u8g2_m_20_10_1:
 3392              	.LVL204:
 3393              	.LFB102:
 618:BSP/u8g2/u8g2_d_memory.c **** uint8_t *u8g2_m_20_10_1(uint8_t *page_cnt)
 619:BSP/u8g2/u8g2_d_memory.c **** {
 3394              		.loc 1 619 1 is_stmt 1 view -0
 3395              		.cfi_startproc
 3396              		@ args = 0, pretend = 0, frame = 0
 3397              		@ frame_needed = 0, uses_anonymous_args = 0
 3398              		@ link register save eliminated.
 620:BSP/u8g2/u8g2_d_memory.c ****   static uint8_t buf[160];
 3399              		.loc 1 620 3 view .LVU715
 621:BSP/u8g2/u8g2_d_memory.c ****   *page_cnt = 1;
 3400              		.loc 1 621 3 view .LVU716
 3401              		.loc 1 621 13 is_stmt 0 view .LVU717
 3402 0000 0123     		movs	r3, #1
 3403 0002 0370     		strb	r3, [r0]
ARM GAS  /tmp/ccynqwCP.s 			page 68


 622:BSP/u8g2/u8g2_d_memory.c ****   return buf;
 3404              		.loc 1 622 3 is_stmt 1 view .LVU718
 623:BSP/u8g2/u8g2_d_memory.c **** }
 3405              		.loc 1 623 1 is_stmt 0 view .LVU719
 3406 0004 0048     		ldr	r0, .L308
 3407              	.LVL205:
 3408              		.loc 1 623 1 view .LVU720
 3409 0006 7047     		bx	lr
 3410              	.L309:
 3411              		.align	2
 3412              	.L308:
 3413 0008 00000000 		.word	buf.26
 3414              		.cfi_endproc
 3415              	.LFE102:
 3417              		.section	.text.u8g2_m_20_10_2,"ax",%progbits
 3418              		.align	1
 3419              		.global	u8g2_m_20_10_2
 3420              		.syntax unified
 3421              		.thumb
 3422              		.thumb_func
 3424              	u8g2_m_20_10_2:
 3425              	.LVL206:
 3426              	.LFB103:
 624:BSP/u8g2/u8g2_d_memory.c **** uint8_t *u8g2_m_20_10_2(uint8_t *page_cnt)
 625:BSP/u8g2/u8g2_d_memory.c **** {
 3427              		.loc 1 625 1 is_stmt 1 view -0
 3428              		.cfi_startproc
 3429              		@ args = 0, pretend = 0, frame = 0
 3430              		@ frame_needed = 0, uses_anonymous_args = 0
 3431              		@ link register save eliminated.
 626:BSP/u8g2/u8g2_d_memory.c ****   static uint8_t buf[320];
 3432              		.loc 1 626 3 view .LVU722
 627:BSP/u8g2/u8g2_d_memory.c ****   *page_cnt = 2;
 3433              		.loc 1 627 3 view .LVU723
 3434              		.loc 1 627 13 is_stmt 0 view .LVU724
 3435 0000 0223     		movs	r3, #2
 3436 0002 0370     		strb	r3, [r0]
 628:BSP/u8g2/u8g2_d_memory.c ****   return buf;
 3437              		.loc 1 628 3 is_stmt 1 view .LVU725
 629:BSP/u8g2/u8g2_d_memory.c **** }
 3438              		.loc 1 629 1 is_stmt 0 view .LVU726
 3439 0004 0048     		ldr	r0, .L311
 3440              	.LVL207:
 3441              		.loc 1 629 1 view .LVU727
 3442 0006 7047     		bx	lr
 3443              	.L312:
 3444              		.align	2
 3445              	.L311:
 3446 0008 00000000 		.word	buf.25
 3447              		.cfi_endproc
 3448              	.LFE103:
 3450              		.section	.text.u8g2_m_20_10_f,"ax",%progbits
 3451              		.align	1
 3452              		.global	u8g2_m_20_10_f
 3453              		.syntax unified
 3454              		.thumb
 3455              		.thumb_func
ARM GAS  /tmp/ccynqwCP.s 			page 69


 3457              	u8g2_m_20_10_f:
 3458              	.LVL208:
 3459              	.LFB104:
 630:BSP/u8g2/u8g2_d_memory.c **** uint8_t *u8g2_m_20_10_f(uint8_t *page_cnt)
 631:BSP/u8g2/u8g2_d_memory.c **** {
 3460              		.loc 1 631 1 is_stmt 1 view -0
 3461              		.cfi_startproc
 3462              		@ args = 0, pretend = 0, frame = 0
 3463              		@ frame_needed = 0, uses_anonymous_args = 0
 3464              		@ link register save eliminated.
 632:BSP/u8g2/u8g2_d_memory.c ****   static uint8_t buf[1600];
 3465              		.loc 1 632 3 view .LVU729
 633:BSP/u8g2/u8g2_d_memory.c ****   *page_cnt = 10;
 3466              		.loc 1 633 3 view .LVU730
 3467              		.loc 1 633 13 is_stmt 0 view .LVU731
 3468 0000 0A23     		movs	r3, #10
 3469 0002 0370     		strb	r3, [r0]
 634:BSP/u8g2/u8g2_d_memory.c ****   return buf;
 3470              		.loc 1 634 3 is_stmt 1 view .LVU732
 635:BSP/u8g2/u8g2_d_memory.c **** }
 3471              		.loc 1 635 1 is_stmt 0 view .LVU733
 3472 0004 0048     		ldr	r0, .L314
 3473              	.LVL209:
 3474              		.loc 1 635 1 view .LVU734
 3475 0006 7047     		bx	lr
 3476              	.L315:
 3477              		.align	2
 3478              	.L314:
 3479 0008 00000000 		.word	buf.24
 3480              		.cfi_endproc
 3481              	.LFE104:
 3483              		.section	.text.u8g2_m_22_9_1,"ax",%progbits
 3484              		.align	1
 3485              		.global	u8g2_m_22_9_1
 3486              		.syntax unified
 3487              		.thumb
 3488              		.thumb_func
 3490              	u8g2_m_22_9_1:
 3491              	.LVL210:
 3492              	.LFB105:
 636:BSP/u8g2/u8g2_d_memory.c **** uint8_t *u8g2_m_22_9_1(uint8_t *page_cnt)
 637:BSP/u8g2/u8g2_d_memory.c **** {
 3493              		.loc 1 637 1 is_stmt 1 view -0
 3494              		.cfi_startproc
 3495              		@ args = 0, pretend = 0, frame = 0
 3496              		@ frame_needed = 0, uses_anonymous_args = 0
 3497              		@ link register save eliminated.
 638:BSP/u8g2/u8g2_d_memory.c ****   static uint8_t buf[176];
 3498              		.loc 1 638 3 view .LVU736
 639:BSP/u8g2/u8g2_d_memory.c ****   *page_cnt = 1;
 3499              		.loc 1 639 3 view .LVU737
 3500              		.loc 1 639 13 is_stmt 0 view .LVU738
 3501 0000 0123     		movs	r3, #1
 3502 0002 0370     		strb	r3, [r0]
 640:BSP/u8g2/u8g2_d_memory.c ****   return buf;
 3503              		.loc 1 640 3 is_stmt 1 view .LVU739
 641:BSP/u8g2/u8g2_d_memory.c **** }
ARM GAS  /tmp/ccynqwCP.s 			page 70


 3504              		.loc 1 641 1 is_stmt 0 view .LVU740
 3505 0004 0048     		ldr	r0, .L317
 3506              	.LVL211:
 3507              		.loc 1 641 1 view .LVU741
 3508 0006 7047     		bx	lr
 3509              	.L318:
 3510              		.align	2
 3511              	.L317:
 3512 0008 00000000 		.word	buf.23
 3513              		.cfi_endproc
 3514              	.LFE105:
 3516              		.section	.text.u8g2_m_22_9_2,"ax",%progbits
 3517              		.align	1
 3518              		.global	u8g2_m_22_9_2
 3519              		.syntax unified
 3520              		.thumb
 3521              		.thumb_func
 3523              	u8g2_m_22_9_2:
 3524              	.LVL212:
 3525              	.LFB106:
 642:BSP/u8g2/u8g2_d_memory.c **** uint8_t *u8g2_m_22_9_2(uint8_t *page_cnt)
 643:BSP/u8g2/u8g2_d_memory.c **** {
 3526              		.loc 1 643 1 is_stmt 1 view -0
 3527              		.cfi_startproc
 3528              		@ args = 0, pretend = 0, frame = 0
 3529              		@ frame_needed = 0, uses_anonymous_args = 0
 3530              		@ link register save eliminated.
 644:BSP/u8g2/u8g2_d_memory.c ****   static uint8_t buf[352];
 3531              		.loc 1 644 3 view .LVU743
 645:BSP/u8g2/u8g2_d_memory.c ****   *page_cnt = 2;
 3532              		.loc 1 645 3 view .LVU744
 3533              		.loc 1 645 13 is_stmt 0 view .LVU745
 3534 0000 0223     		movs	r3, #2
 3535 0002 0370     		strb	r3, [r0]
 646:BSP/u8g2/u8g2_d_memory.c ****   return buf;
 3536              		.loc 1 646 3 is_stmt 1 view .LVU746
 647:BSP/u8g2/u8g2_d_memory.c **** }
 3537              		.loc 1 647 1 is_stmt 0 view .LVU747
 3538 0004 0048     		ldr	r0, .L320
 3539              	.LVL213:
 3540              		.loc 1 647 1 view .LVU748
 3541 0006 7047     		bx	lr
 3542              	.L321:
 3543              		.align	2
 3544              	.L320:
 3545 0008 00000000 		.word	buf.22
 3546              		.cfi_endproc
 3547              	.LFE106:
 3549              		.section	.text.u8g2_m_22_9_f,"ax",%progbits
 3550              		.align	1
 3551              		.global	u8g2_m_22_9_f
 3552              		.syntax unified
 3553              		.thumb
 3554              		.thumb_func
 3556              	u8g2_m_22_9_f:
 3557              	.LVL214:
 3558              	.LFB107:
ARM GAS  /tmp/ccynqwCP.s 			page 71


 648:BSP/u8g2/u8g2_d_memory.c **** uint8_t *u8g2_m_22_9_f(uint8_t *page_cnt)
 649:BSP/u8g2/u8g2_d_memory.c **** {
 3559              		.loc 1 649 1 is_stmt 1 view -0
 3560              		.cfi_startproc
 3561              		@ args = 0, pretend = 0, frame = 0
 3562              		@ frame_needed = 0, uses_anonymous_args = 0
 3563              		@ link register save eliminated.
 650:BSP/u8g2/u8g2_d_memory.c ****   static uint8_t buf[1584];
 3564              		.loc 1 650 3 view .LVU750
 651:BSP/u8g2/u8g2_d_memory.c ****   *page_cnt = 9;
 3565              		.loc 1 651 3 view .LVU751
 3566              		.loc 1 651 13 is_stmt 0 view .LVU752
 3567 0000 0923     		movs	r3, #9
 3568 0002 0370     		strb	r3, [r0]
 652:BSP/u8g2/u8g2_d_memory.c ****   return buf;
 3569              		.loc 1 652 3 is_stmt 1 view .LVU753
 653:BSP/u8g2/u8g2_d_memory.c **** }
 3570              		.loc 1 653 1 is_stmt 0 view .LVU754
 3571 0004 0048     		ldr	r0, .L323
 3572              	.LVL215:
 3573              		.loc 1 653 1 view .LVU755
 3574 0006 7047     		bx	lr
 3575              	.L324:
 3576              		.align	2
 3577              	.L323:
 3578 0008 00000000 		.word	buf.21
 3579              		.cfi_endproc
 3580              	.LFE107:
 3582              		.section	.text.u8g2_m_25_25_1,"ax",%progbits
 3583              		.align	1
 3584              		.global	u8g2_m_25_25_1
 3585              		.syntax unified
 3586              		.thumb
 3587              		.thumb_func
 3589              	u8g2_m_25_25_1:
 3590              	.LVL216:
 3591              	.LFB108:
 654:BSP/u8g2/u8g2_d_memory.c **** uint8_t *u8g2_m_25_25_1(uint8_t *page_cnt)
 655:BSP/u8g2/u8g2_d_memory.c **** {
 3592              		.loc 1 655 1 is_stmt 1 view -0
 3593              		.cfi_startproc
 3594              		@ args = 0, pretend = 0, frame = 0
 3595              		@ frame_needed = 0, uses_anonymous_args = 0
 3596              		@ link register save eliminated.
 656:BSP/u8g2/u8g2_d_memory.c ****   static uint8_t buf[200];
 3597              		.loc 1 656 3 view .LVU757
 657:BSP/u8g2/u8g2_d_memory.c ****   *page_cnt = 1;
 3598              		.loc 1 657 3 view .LVU758
 3599              		.loc 1 657 13 is_stmt 0 view .LVU759
 3600 0000 0123     		movs	r3, #1
 3601 0002 0370     		strb	r3, [r0]
 658:BSP/u8g2/u8g2_d_memory.c ****   return buf;
 3602              		.loc 1 658 3 is_stmt 1 view .LVU760
 659:BSP/u8g2/u8g2_d_memory.c **** }
 3603              		.loc 1 659 1 is_stmt 0 view .LVU761
 3604 0004 0048     		ldr	r0, .L326
 3605              	.LVL217:
ARM GAS  /tmp/ccynqwCP.s 			page 72


 3606              		.loc 1 659 1 view .LVU762
 3607 0006 7047     		bx	lr
 3608              	.L327:
 3609              		.align	2
 3610              	.L326:
 3611 0008 00000000 		.word	buf.20
 3612              		.cfi_endproc
 3613              	.LFE108:
 3615              		.section	.text.u8g2_m_25_25_2,"ax",%progbits
 3616              		.align	1
 3617              		.global	u8g2_m_25_25_2
 3618              		.syntax unified
 3619              		.thumb
 3620              		.thumb_func
 3622              	u8g2_m_25_25_2:
 3623              	.LVL218:
 3624              	.LFB109:
 660:BSP/u8g2/u8g2_d_memory.c **** uint8_t *u8g2_m_25_25_2(uint8_t *page_cnt)
 661:BSP/u8g2/u8g2_d_memory.c **** {
 3625              		.loc 1 661 1 is_stmt 1 view -0
 3626              		.cfi_startproc
 3627              		@ args = 0, pretend = 0, frame = 0
 3628              		@ frame_needed = 0, uses_anonymous_args = 0
 3629              		@ link register save eliminated.
 662:BSP/u8g2/u8g2_d_memory.c ****   static uint8_t buf[400];
 3630              		.loc 1 662 3 view .LVU764
 663:BSP/u8g2/u8g2_d_memory.c ****   *page_cnt = 2;
 3631              		.loc 1 663 3 view .LVU765
 3632              		.loc 1 663 13 is_stmt 0 view .LVU766
 3633 0000 0223     		movs	r3, #2
 3634 0002 0370     		strb	r3, [r0]
 664:BSP/u8g2/u8g2_d_memory.c ****   return buf;
 3635              		.loc 1 664 3 is_stmt 1 view .LVU767
 665:BSP/u8g2/u8g2_d_memory.c **** }
 3636              		.loc 1 665 1 is_stmt 0 view .LVU768
 3637 0004 0048     		ldr	r0, .L329
 3638              	.LVL219:
 3639              		.loc 1 665 1 view .LVU769
 3640 0006 7047     		bx	lr
 3641              	.L330:
 3642              		.align	2
 3643              	.L329:
 3644 0008 00000000 		.word	buf.19
 3645              		.cfi_endproc
 3646              	.LFE109:
 3648              		.section	.text.u8g2_m_25_25_f,"ax",%progbits
 3649              		.align	1
 3650              		.global	u8g2_m_25_25_f
 3651              		.syntax unified
 3652              		.thumb
 3653              		.thumb_func
 3655              	u8g2_m_25_25_f:
 3656              	.LVL220:
 3657              	.LFB110:
 666:BSP/u8g2/u8g2_d_memory.c **** uint8_t *u8g2_m_25_25_f(uint8_t *page_cnt)
 667:BSP/u8g2/u8g2_d_memory.c **** {
 3658              		.loc 1 667 1 is_stmt 1 view -0
ARM GAS  /tmp/ccynqwCP.s 			page 73


 3659              		.cfi_startproc
 3660              		@ args = 0, pretend = 0, frame = 0
 3661              		@ frame_needed = 0, uses_anonymous_args = 0
 3662              		@ link register save eliminated.
 668:BSP/u8g2/u8g2_d_memory.c ****   static uint8_t buf[5000];
 3663              		.loc 1 668 3 view .LVU771
 669:BSP/u8g2/u8g2_d_memory.c ****   *page_cnt = 25;
 3664              		.loc 1 669 3 view .LVU772
 3665              		.loc 1 669 13 is_stmt 0 view .LVU773
 3666 0000 1923     		movs	r3, #25
 3667 0002 0370     		strb	r3, [r0]
 670:BSP/u8g2/u8g2_d_memory.c ****   return buf;
 3668              		.loc 1 670 3 is_stmt 1 view .LVU774
 671:BSP/u8g2/u8g2_d_memory.c **** }
 3669              		.loc 1 671 1 is_stmt 0 view .LVU775
 3670 0004 0048     		ldr	r0, .L332
 3671              	.LVL221:
 3672              		.loc 1 671 1 view .LVU776
 3673 0006 7047     		bx	lr
 3674              	.L333:
 3675              		.align	2
 3676              	.L332:
 3677 0008 00000000 		.word	buf.18
 3678              		.cfi_endproc
 3679              	.LFE110:
 3681              		.section	.text.u8g2_m_37_16_1,"ax",%progbits
 3682              		.align	1
 3683              		.global	u8g2_m_37_16_1
 3684              		.syntax unified
 3685              		.thumb
 3686              		.thumb_func
 3688              	u8g2_m_37_16_1:
 3689              	.LVL222:
 3690              	.LFB111:
 672:BSP/u8g2/u8g2_d_memory.c **** uint8_t *u8g2_m_37_16_1(uint8_t *page_cnt)
 673:BSP/u8g2/u8g2_d_memory.c **** {
 3691              		.loc 1 673 1 is_stmt 1 view -0
 3692              		.cfi_startproc
 3693              		@ args = 0, pretend = 0, frame = 0
 3694              		@ frame_needed = 0, uses_anonymous_args = 0
 3695              		@ link register save eliminated.
 674:BSP/u8g2/u8g2_d_memory.c ****   static uint8_t buf[296];
 3696              		.loc 1 674 3 view .LVU778
 675:BSP/u8g2/u8g2_d_memory.c ****   *page_cnt = 1;
 3697              		.loc 1 675 3 view .LVU779
 3698              		.loc 1 675 13 is_stmt 0 view .LVU780
 3699 0000 0123     		movs	r3, #1
 3700 0002 0370     		strb	r3, [r0]
 676:BSP/u8g2/u8g2_d_memory.c ****   return buf;
 3701              		.loc 1 676 3 is_stmt 1 view .LVU781
 677:BSP/u8g2/u8g2_d_memory.c **** }
 3702              		.loc 1 677 1 is_stmt 0 view .LVU782
 3703 0004 0048     		ldr	r0, .L335
 3704              	.LVL223:
 3705              		.loc 1 677 1 view .LVU783
 3706 0006 7047     		bx	lr
 3707              	.L336:
ARM GAS  /tmp/ccynqwCP.s 			page 74


 3708              		.align	2
 3709              	.L335:
 3710 0008 00000000 		.word	buf.17
 3711              		.cfi_endproc
 3712              	.LFE111:
 3714              		.section	.text.u8g2_m_37_16_2,"ax",%progbits
 3715              		.align	1
 3716              		.global	u8g2_m_37_16_2
 3717              		.syntax unified
 3718              		.thumb
 3719              		.thumb_func
 3721              	u8g2_m_37_16_2:
 3722              	.LVL224:
 3723              	.LFB112:
 678:BSP/u8g2/u8g2_d_memory.c **** uint8_t *u8g2_m_37_16_2(uint8_t *page_cnt)
 679:BSP/u8g2/u8g2_d_memory.c **** {
 3724              		.loc 1 679 1 is_stmt 1 view -0
 3725              		.cfi_startproc
 3726              		@ args = 0, pretend = 0, frame = 0
 3727              		@ frame_needed = 0, uses_anonymous_args = 0
 3728              		@ link register save eliminated.
 680:BSP/u8g2/u8g2_d_memory.c ****   static uint8_t buf[592];
 3729              		.loc 1 680 3 view .LVU785
 681:BSP/u8g2/u8g2_d_memory.c ****   *page_cnt = 2;
 3730              		.loc 1 681 3 view .LVU786
 3731              		.loc 1 681 13 is_stmt 0 view .LVU787
 3732 0000 0223     		movs	r3, #2
 3733 0002 0370     		strb	r3, [r0]
 682:BSP/u8g2/u8g2_d_memory.c ****   return buf;
 3734              		.loc 1 682 3 is_stmt 1 view .LVU788
 683:BSP/u8g2/u8g2_d_memory.c **** }
 3735              		.loc 1 683 1 is_stmt 0 view .LVU789
 3736 0004 0048     		ldr	r0, .L338
 3737              	.LVL225:
 3738              		.loc 1 683 1 view .LVU790
 3739 0006 7047     		bx	lr
 3740              	.L339:
 3741              		.align	2
 3742              	.L338:
 3743 0008 00000000 		.word	buf.16
 3744              		.cfi_endproc
 3745              	.LFE112:
 3747              		.section	.text.u8g2_m_37_16_f,"ax",%progbits
 3748              		.align	1
 3749              		.global	u8g2_m_37_16_f
 3750              		.syntax unified
 3751              		.thumb
 3752              		.thumb_func
 3754              	u8g2_m_37_16_f:
 3755              	.LVL226:
 3756              	.LFB113:
 684:BSP/u8g2/u8g2_d_memory.c **** uint8_t *u8g2_m_37_16_f(uint8_t *page_cnt)
 685:BSP/u8g2/u8g2_d_memory.c **** {
 3757              		.loc 1 685 1 is_stmt 1 view -0
 3758              		.cfi_startproc
 3759              		@ args = 0, pretend = 0, frame = 0
 3760              		@ frame_needed = 0, uses_anonymous_args = 0
ARM GAS  /tmp/ccynqwCP.s 			page 75


 3761              		@ link register save eliminated.
 686:BSP/u8g2/u8g2_d_memory.c ****   static uint8_t buf[4736];
 3762              		.loc 1 686 3 view .LVU792
 687:BSP/u8g2/u8g2_d_memory.c ****   *page_cnt = 16;
 3763              		.loc 1 687 3 view .LVU793
 3764              		.loc 1 687 13 is_stmt 0 view .LVU794
 3765 0000 1023     		movs	r3, #16
 3766 0002 0370     		strb	r3, [r0]
 688:BSP/u8g2/u8g2_d_memory.c ****   return buf;
 3767              		.loc 1 688 3 is_stmt 1 view .LVU795
 689:BSP/u8g2/u8g2_d_memory.c **** }
 3768              		.loc 1 689 1 is_stmt 0 view .LVU796
 3769 0004 0048     		ldr	r0, .L341
 3770              	.LVL227:
 3771              		.loc 1 689 1 view .LVU797
 3772 0006 7047     		bx	lr
 3773              	.L342:
 3774              		.align	2
 3775              	.L341:
 3776 0008 00000000 		.word	buf.15
 3777              		.cfi_endproc
 3778              	.LFE113:
 3780              		.section	.text.u8g2_m_40_30_1,"ax",%progbits
 3781              		.align	1
 3782              		.global	u8g2_m_40_30_1
 3783              		.syntax unified
 3784              		.thumb
 3785              		.thumb_func
 3787              	u8g2_m_40_30_1:
 3788              	.LVL228:
 3789              	.LFB114:
 690:BSP/u8g2/u8g2_d_memory.c **** uint8_t *u8g2_m_40_30_1(uint8_t *page_cnt)
 691:BSP/u8g2/u8g2_d_memory.c **** {
 3790              		.loc 1 691 1 is_stmt 1 view -0
 3791              		.cfi_startproc
 3792              		@ args = 0, pretend = 0, frame = 0
 3793              		@ frame_needed = 0, uses_anonymous_args = 0
 3794              		@ link register save eliminated.
 692:BSP/u8g2/u8g2_d_memory.c ****   static uint8_t buf[320];
 3795              		.loc 1 692 3 view .LVU799
 693:BSP/u8g2/u8g2_d_memory.c ****   *page_cnt = 1;
 3796              		.loc 1 693 3 view .LVU800
 3797              		.loc 1 693 13 is_stmt 0 view .LVU801
 3798 0000 0123     		movs	r3, #1
 3799 0002 0370     		strb	r3, [r0]
 694:BSP/u8g2/u8g2_d_memory.c ****   return buf;
 3800              		.loc 1 694 3 is_stmt 1 view .LVU802
 695:BSP/u8g2/u8g2_d_memory.c **** }
 3801              		.loc 1 695 1 is_stmt 0 view .LVU803
 3802 0004 0048     		ldr	r0, .L344
 3803              	.LVL229:
 3804              		.loc 1 695 1 view .LVU804
 3805 0006 7047     		bx	lr
 3806              	.L345:
 3807              		.align	2
 3808              	.L344:
 3809 0008 00000000 		.word	buf.14
ARM GAS  /tmp/ccynqwCP.s 			page 76


 3810              		.cfi_endproc
 3811              	.LFE114:
 3813              		.section	.text.u8g2_m_40_30_2,"ax",%progbits
 3814              		.align	1
 3815              		.global	u8g2_m_40_30_2
 3816              		.syntax unified
 3817              		.thumb
 3818              		.thumb_func
 3820              	u8g2_m_40_30_2:
 3821              	.LVL230:
 3822              	.LFB115:
 696:BSP/u8g2/u8g2_d_memory.c **** uint8_t *u8g2_m_40_30_2(uint8_t *page_cnt)
 697:BSP/u8g2/u8g2_d_memory.c **** {
 3823              		.loc 1 697 1 is_stmt 1 view -0
 3824              		.cfi_startproc
 3825              		@ args = 0, pretend = 0, frame = 0
 3826              		@ frame_needed = 0, uses_anonymous_args = 0
 3827              		@ link register save eliminated.
 698:BSP/u8g2/u8g2_d_memory.c ****   static uint8_t buf[640];
 3828              		.loc 1 698 3 view .LVU806
 699:BSP/u8g2/u8g2_d_memory.c ****   *page_cnt = 2;
 3829              		.loc 1 699 3 view .LVU807
 3830              		.loc 1 699 13 is_stmt 0 view .LVU808
 3831 0000 0223     		movs	r3, #2
 3832 0002 0370     		strb	r3, [r0]
 700:BSP/u8g2/u8g2_d_memory.c ****   return buf;
 3833              		.loc 1 700 3 is_stmt 1 view .LVU809
 701:BSP/u8g2/u8g2_d_memory.c **** }
 3834              		.loc 1 701 1 is_stmt 0 view .LVU810
 3835 0004 0048     		ldr	r0, .L347
 3836              	.LVL231:
 3837              		.loc 1 701 1 view .LVU811
 3838 0006 7047     		bx	lr
 3839              	.L348:
 3840              		.align	2
 3841              	.L347:
 3842 0008 00000000 		.word	buf.13
 3843              		.cfi_endproc
 3844              	.LFE115:
 3846              		.section	.text.u8g2_m_40_30_f,"ax",%progbits
 3847              		.align	1
 3848              		.global	u8g2_m_40_30_f
 3849              		.syntax unified
 3850              		.thumb
 3851              		.thumb_func
 3853              	u8g2_m_40_30_f:
 3854              	.LVL232:
 3855              	.LFB116:
 702:BSP/u8g2/u8g2_d_memory.c **** uint8_t *u8g2_m_40_30_f(uint8_t *page_cnt)
 703:BSP/u8g2/u8g2_d_memory.c **** {
 3856              		.loc 1 703 1 is_stmt 1 view -0
 3857              		.cfi_startproc
 3858              		@ args = 0, pretend = 0, frame = 0
 3859              		@ frame_needed = 0, uses_anonymous_args = 0
 3860              		@ link register save eliminated.
 704:BSP/u8g2/u8g2_d_memory.c ****   static uint8_t buf[9600];
 3861              		.loc 1 704 3 view .LVU813
ARM GAS  /tmp/ccynqwCP.s 			page 77


 705:BSP/u8g2/u8g2_d_memory.c ****   *page_cnt = 30;
 3862              		.loc 1 705 3 view .LVU814
 3863              		.loc 1 705 13 is_stmt 0 view .LVU815
 3864 0000 1E23     		movs	r3, #30
 3865 0002 0370     		strb	r3, [r0]
 706:BSP/u8g2/u8g2_d_memory.c ****   return buf;
 3866              		.loc 1 706 3 is_stmt 1 view .LVU816
 707:BSP/u8g2/u8g2_d_memory.c **** }
 3867              		.loc 1 707 1 is_stmt 0 view .LVU817
 3868 0004 0048     		ldr	r0, .L350
 3869              	.LVL233:
 3870              		.loc 1 707 1 view .LVU818
 3871 0006 7047     		bx	lr
 3872              	.L351:
 3873              		.align	2
 3874              	.L350:
 3875 0008 00000000 		.word	buf.12
 3876              		.cfi_endproc
 3877              	.LFE116:
 3879              		.section	.text.u8g2_m_8_1_1,"ax",%progbits
 3880              		.align	1
 3881              		.global	u8g2_m_8_1_1
 3882              		.syntax unified
 3883              		.thumb
 3884              		.thumb_func
 3886              	u8g2_m_8_1_1:
 3887              	.LVL234:
 3888              	.LFB117:
 708:BSP/u8g2/u8g2_d_memory.c **** uint8_t *u8g2_m_8_1_1(uint8_t *page_cnt)
 709:BSP/u8g2/u8g2_d_memory.c **** {
 3889              		.loc 1 709 1 is_stmt 1 view -0
 3890              		.cfi_startproc
 3891              		@ args = 0, pretend = 0, frame = 0
 3892              		@ frame_needed = 0, uses_anonymous_args = 0
 3893              		@ link register save eliminated.
 710:BSP/u8g2/u8g2_d_memory.c ****   static uint8_t buf[64];
 3894              		.loc 1 710 3 view .LVU820
 711:BSP/u8g2/u8g2_d_memory.c ****   *page_cnt = 1;
 3895              		.loc 1 711 3 view .LVU821
 3896              		.loc 1 711 13 is_stmt 0 view .LVU822
 3897 0000 0123     		movs	r3, #1
 3898 0002 0370     		strb	r3, [r0]
 712:BSP/u8g2/u8g2_d_memory.c ****   return buf;
 3899              		.loc 1 712 3 is_stmt 1 view .LVU823
 713:BSP/u8g2/u8g2_d_memory.c **** }
 3900              		.loc 1 713 1 is_stmt 0 view .LVU824
 3901 0004 0048     		ldr	r0, .L353
 3902              	.LVL235:
 3903              		.loc 1 713 1 view .LVU825
 3904 0006 7047     		bx	lr
 3905              	.L354:
 3906              		.align	2
 3907              	.L353:
 3908 0008 00000000 		.word	buf.11
 3909              		.cfi_endproc
 3910              	.LFE117:
 3912              		.section	.text.u8g2_m_8_1_2,"ax",%progbits
ARM GAS  /tmp/ccynqwCP.s 			page 78


 3913              		.align	1
 3914              		.global	u8g2_m_8_1_2
 3915              		.syntax unified
 3916              		.thumb
 3917              		.thumb_func
 3919              	u8g2_m_8_1_2:
 3920              	.LVL236:
 3921              	.LFB118:
 714:BSP/u8g2/u8g2_d_memory.c **** uint8_t *u8g2_m_8_1_2(uint8_t *page_cnt)
 715:BSP/u8g2/u8g2_d_memory.c **** {
 3922              		.loc 1 715 1 is_stmt 1 view -0
 3923              		.cfi_startproc
 3924              		@ args = 0, pretend = 0, frame = 0
 3925              		@ frame_needed = 0, uses_anonymous_args = 0
 3926              		@ link register save eliminated.
 716:BSP/u8g2/u8g2_d_memory.c ****   static uint8_t buf[128];
 3927              		.loc 1 716 3 view .LVU827
 717:BSP/u8g2/u8g2_d_memory.c ****   *page_cnt = 2;
 3928              		.loc 1 717 3 view .LVU828
 3929              		.loc 1 717 13 is_stmt 0 view .LVU829
 3930 0000 0223     		movs	r3, #2
 3931 0002 0370     		strb	r3, [r0]
 718:BSP/u8g2/u8g2_d_memory.c ****   return buf;
 3932              		.loc 1 718 3 is_stmt 1 view .LVU830
 719:BSP/u8g2/u8g2_d_memory.c **** }
 3933              		.loc 1 719 1 is_stmt 0 view .LVU831
 3934 0004 0048     		ldr	r0, .L356
 3935              	.LVL237:
 3936              		.loc 1 719 1 view .LVU832
 3937 0006 7047     		bx	lr
 3938              	.L357:
 3939              		.align	2
 3940              	.L356:
 3941 0008 00000000 		.word	buf.10
 3942              		.cfi_endproc
 3943              	.LFE118:
 3945              		.section	.text.u8g2_m_8_1_f,"ax",%progbits
 3946              		.align	1
 3947              		.global	u8g2_m_8_1_f
 3948              		.syntax unified
 3949              		.thumb
 3950              		.thumb_func
 3952              	u8g2_m_8_1_f:
 3953              	.LVL238:
 3954              	.LFB119:
 720:BSP/u8g2/u8g2_d_memory.c **** uint8_t *u8g2_m_8_1_f(uint8_t *page_cnt)
 721:BSP/u8g2/u8g2_d_memory.c **** {
 3955              		.loc 1 721 1 is_stmt 1 view -0
 3956              		.cfi_startproc
 3957              		@ args = 0, pretend = 0, frame = 0
 3958              		@ frame_needed = 0, uses_anonymous_args = 0
 3959              		@ link register save eliminated.
 722:BSP/u8g2/u8g2_d_memory.c ****   static uint8_t buf[64];
 3960              		.loc 1 722 3 view .LVU834
 723:BSP/u8g2/u8g2_d_memory.c ****   *page_cnt = 1;
 3961              		.loc 1 723 3 view .LVU835
 3962              		.loc 1 723 13 is_stmt 0 view .LVU836
ARM GAS  /tmp/ccynqwCP.s 			page 79


 3963 0000 0123     		movs	r3, #1
 3964 0002 0370     		strb	r3, [r0]
 724:BSP/u8g2/u8g2_d_memory.c ****   return buf;
 3965              		.loc 1 724 3 is_stmt 1 view .LVU837
 725:BSP/u8g2/u8g2_d_memory.c **** }
 3966              		.loc 1 725 1 is_stmt 0 view .LVU838
 3967 0004 0048     		ldr	r0, .L359
 3968              	.LVL239:
 3969              		.loc 1 725 1 view .LVU839
 3970 0006 7047     		bx	lr
 3971              	.L360:
 3972              		.align	2
 3973              	.L359:
 3974 0008 00000000 		.word	buf.9
 3975              		.cfi_endproc
 3976              	.LFE119:
 3978              		.section	.text.u8g2_m_4_1_1,"ax",%progbits
 3979              		.align	1
 3980              		.global	u8g2_m_4_1_1
 3981              		.syntax unified
 3982              		.thumb
 3983              		.thumb_func
 3985              	u8g2_m_4_1_1:
 3986              	.LVL240:
 3987              	.LFB120:
 726:BSP/u8g2/u8g2_d_memory.c **** uint8_t *u8g2_m_4_1_1(uint8_t *page_cnt)
 727:BSP/u8g2/u8g2_d_memory.c **** {
 3988              		.loc 1 727 1 is_stmt 1 view -0
 3989              		.cfi_startproc
 3990              		@ args = 0, pretend = 0, frame = 0
 3991              		@ frame_needed = 0, uses_anonymous_args = 0
 3992              		@ link register save eliminated.
 728:BSP/u8g2/u8g2_d_memory.c ****   static uint8_t buf[32];
 3993              		.loc 1 728 3 view .LVU841
 729:BSP/u8g2/u8g2_d_memory.c ****   *page_cnt = 1;
 3994              		.loc 1 729 3 view .LVU842
 3995              		.loc 1 729 13 is_stmt 0 view .LVU843
 3996 0000 0123     		movs	r3, #1
 3997 0002 0370     		strb	r3, [r0]
 730:BSP/u8g2/u8g2_d_memory.c ****   return buf;
 3998              		.loc 1 730 3 is_stmt 1 view .LVU844
 731:BSP/u8g2/u8g2_d_memory.c **** }
 3999              		.loc 1 731 1 is_stmt 0 view .LVU845
 4000 0004 0048     		ldr	r0, .L362
 4001              	.LVL241:
 4002              		.loc 1 731 1 view .LVU846
 4003 0006 7047     		bx	lr
 4004              	.L363:
 4005              		.align	2
 4006              	.L362:
 4007 0008 00000000 		.word	buf.8
 4008              		.cfi_endproc
 4009              	.LFE120:
 4011              		.section	.text.u8g2_m_4_1_2,"ax",%progbits
 4012              		.align	1
 4013              		.global	u8g2_m_4_1_2
 4014              		.syntax unified
ARM GAS  /tmp/ccynqwCP.s 			page 80


 4015              		.thumb
 4016              		.thumb_func
 4018              	u8g2_m_4_1_2:
 4019              	.LVL242:
 4020              	.LFB121:
 732:BSP/u8g2/u8g2_d_memory.c **** uint8_t *u8g2_m_4_1_2(uint8_t *page_cnt)
 733:BSP/u8g2/u8g2_d_memory.c **** {
 4021              		.loc 1 733 1 is_stmt 1 view -0
 4022              		.cfi_startproc
 4023              		@ args = 0, pretend = 0, frame = 0
 4024              		@ frame_needed = 0, uses_anonymous_args = 0
 4025              		@ link register save eliminated.
 734:BSP/u8g2/u8g2_d_memory.c ****   static uint8_t buf[64];
 4026              		.loc 1 734 3 view .LVU848
 735:BSP/u8g2/u8g2_d_memory.c ****   *page_cnt = 2;
 4027              		.loc 1 735 3 view .LVU849
 4028              		.loc 1 735 13 is_stmt 0 view .LVU850
 4029 0000 0223     		movs	r3, #2
 4030 0002 0370     		strb	r3, [r0]
 736:BSP/u8g2/u8g2_d_memory.c ****   return buf;
 4031              		.loc 1 736 3 is_stmt 1 view .LVU851
 737:BSP/u8g2/u8g2_d_memory.c **** }
 4032              		.loc 1 737 1 is_stmt 0 view .LVU852
 4033 0004 0048     		ldr	r0, .L365
 4034              	.LVL243:
 4035              		.loc 1 737 1 view .LVU853
 4036 0006 7047     		bx	lr
 4037              	.L366:
 4038              		.align	2
 4039              	.L365:
 4040 0008 00000000 		.word	buf.7
 4041              		.cfi_endproc
 4042              	.LFE121:
 4044              		.section	.text.u8g2_m_4_1_f,"ax",%progbits
 4045              		.align	1
 4046              		.global	u8g2_m_4_1_f
 4047              		.syntax unified
 4048              		.thumb
 4049              		.thumb_func
 4051              	u8g2_m_4_1_f:
 4052              	.LVL244:
 4053              	.LFB122:
 738:BSP/u8g2/u8g2_d_memory.c **** uint8_t *u8g2_m_4_1_f(uint8_t *page_cnt)
 739:BSP/u8g2/u8g2_d_memory.c **** {
 4054              		.loc 1 739 1 is_stmt 1 view -0
 4055              		.cfi_startproc
 4056              		@ args = 0, pretend = 0, frame = 0
 4057              		@ frame_needed = 0, uses_anonymous_args = 0
 4058              		@ link register save eliminated.
 740:BSP/u8g2/u8g2_d_memory.c ****   static uint8_t buf[32];
 4059              		.loc 1 740 3 view .LVU855
 741:BSP/u8g2/u8g2_d_memory.c ****   *page_cnt = 1;
 4060              		.loc 1 741 3 view .LVU856
 4061              		.loc 1 741 13 is_stmt 0 view .LVU857
 4062 0000 0123     		movs	r3, #1
 4063 0002 0370     		strb	r3, [r0]
 742:BSP/u8g2/u8g2_d_memory.c ****   return buf;
ARM GAS  /tmp/ccynqwCP.s 			page 81


 4064              		.loc 1 742 3 is_stmt 1 view .LVU858
 743:BSP/u8g2/u8g2_d_memory.c **** }
 4065              		.loc 1 743 1 is_stmt 0 view .LVU859
 4066 0004 0048     		ldr	r0, .L368
 4067              	.LVL245:
 4068              		.loc 1 743 1 view .LVU860
 4069 0006 7047     		bx	lr
 4070              	.L369:
 4071              		.align	2
 4072              	.L368:
 4073 0008 00000000 		.word	buf.6
 4074              		.cfi_endproc
 4075              	.LFE122:
 4077              		.section	.text.u8g2_m_1_1_1,"ax",%progbits
 4078              		.align	1
 4079              		.global	u8g2_m_1_1_1
 4080              		.syntax unified
 4081              		.thumb
 4082              		.thumb_func
 4084              	u8g2_m_1_1_1:
 4085              	.LVL246:
 4086              	.LFB123:
 744:BSP/u8g2/u8g2_d_memory.c **** uint8_t *u8g2_m_1_1_1(uint8_t *page_cnt)
 745:BSP/u8g2/u8g2_d_memory.c **** {
 4087              		.loc 1 745 1 is_stmt 1 view -0
 4088              		.cfi_startproc
 4089              		@ args = 0, pretend = 0, frame = 0
 4090              		@ frame_needed = 0, uses_anonymous_args = 0
 4091              		@ link register save eliminated.
 746:BSP/u8g2/u8g2_d_memory.c ****   static uint8_t buf[8];
 4092              		.loc 1 746 3 view .LVU862
 747:BSP/u8g2/u8g2_d_memory.c ****   *page_cnt = 1;
 4093              		.loc 1 747 3 view .LVU863
 4094              		.loc 1 747 13 is_stmt 0 view .LVU864
 4095 0000 0123     		movs	r3, #1
 4096 0002 0370     		strb	r3, [r0]
 748:BSP/u8g2/u8g2_d_memory.c ****   return buf;
 4097              		.loc 1 748 3 is_stmt 1 view .LVU865
 749:BSP/u8g2/u8g2_d_memory.c **** }
 4098              		.loc 1 749 1 is_stmt 0 view .LVU866
 4099 0004 0048     		ldr	r0, .L371
 4100              	.LVL247:
 4101              		.loc 1 749 1 view .LVU867
 4102 0006 7047     		bx	lr
 4103              	.L372:
 4104              		.align	2
 4105              	.L371:
 4106 0008 00000000 		.word	buf.5
 4107              		.cfi_endproc
 4108              	.LFE123:
 4110              		.section	.text.u8g2_m_1_1_2,"ax",%progbits
 4111              		.align	1
 4112              		.global	u8g2_m_1_1_2
 4113              		.syntax unified
 4114              		.thumb
 4115              		.thumb_func
 4117              	u8g2_m_1_1_2:
ARM GAS  /tmp/ccynqwCP.s 			page 82


 4118              	.LVL248:
 4119              	.LFB124:
 750:BSP/u8g2/u8g2_d_memory.c **** uint8_t *u8g2_m_1_1_2(uint8_t *page_cnt)
 751:BSP/u8g2/u8g2_d_memory.c **** {
 4120              		.loc 1 751 1 is_stmt 1 view -0
 4121              		.cfi_startproc
 4122              		@ args = 0, pretend = 0, frame = 0
 4123              		@ frame_needed = 0, uses_anonymous_args = 0
 4124              		@ link register save eliminated.
 752:BSP/u8g2/u8g2_d_memory.c ****   static uint8_t buf[16];
 4125              		.loc 1 752 3 view .LVU869
 753:BSP/u8g2/u8g2_d_memory.c ****   *page_cnt = 2;
 4126              		.loc 1 753 3 view .LVU870
 4127              		.loc 1 753 13 is_stmt 0 view .LVU871
 4128 0000 0223     		movs	r3, #2
 4129 0002 0370     		strb	r3, [r0]
 754:BSP/u8g2/u8g2_d_memory.c ****   return buf;
 4130              		.loc 1 754 3 is_stmt 1 view .LVU872
 755:BSP/u8g2/u8g2_d_memory.c **** }
 4131              		.loc 1 755 1 is_stmt 0 view .LVU873
 4132 0004 0048     		ldr	r0, .L374
 4133              	.LVL249:
 4134              		.loc 1 755 1 view .LVU874
 4135 0006 7047     		bx	lr
 4136              	.L375:
 4137              		.align	2
 4138              	.L374:
 4139 0008 00000000 		.word	buf.4
 4140              		.cfi_endproc
 4141              	.LFE124:
 4143              		.section	.text.u8g2_m_1_1_f,"ax",%progbits
 4144              		.align	1
 4145              		.global	u8g2_m_1_1_f
 4146              		.syntax unified
 4147              		.thumb
 4148              		.thumb_func
 4150              	u8g2_m_1_1_f:
 4151              	.LVL250:
 4152              	.LFB125:
 756:BSP/u8g2/u8g2_d_memory.c **** uint8_t *u8g2_m_1_1_f(uint8_t *page_cnt)
 757:BSP/u8g2/u8g2_d_memory.c **** {
 4153              		.loc 1 757 1 is_stmt 1 view -0
 4154              		.cfi_startproc
 4155              		@ args = 0, pretend = 0, frame = 0
 4156              		@ frame_needed = 0, uses_anonymous_args = 0
 4157              		@ link register save eliminated.
 758:BSP/u8g2/u8g2_d_memory.c ****   static uint8_t buf[8];
 4158              		.loc 1 758 3 view .LVU876
 759:BSP/u8g2/u8g2_d_memory.c ****   *page_cnt = 1;
 4159              		.loc 1 759 3 view .LVU877
 4160              		.loc 1 759 13 is_stmt 0 view .LVU878
 4161 0000 0123     		movs	r3, #1
 4162 0002 0370     		strb	r3, [r0]
 760:BSP/u8g2/u8g2_d_memory.c ****   return buf;
 4163              		.loc 1 760 3 is_stmt 1 view .LVU879
 761:BSP/u8g2/u8g2_d_memory.c **** }
 4164              		.loc 1 761 1 is_stmt 0 view .LVU880
ARM GAS  /tmp/ccynqwCP.s 			page 83


 4165 0004 0048     		ldr	r0, .L377
 4166              	.LVL251:
 4167              		.loc 1 761 1 view .LVU881
 4168 0006 7047     		bx	lr
 4169              	.L378:
 4170              		.align	2
 4171              	.L377:
 4172 0008 00000000 		.word	buf.3
 4173              		.cfi_endproc
 4174              	.LFE125:
 4176              		.section	.text.u8g2_m_48_30_1,"ax",%progbits
 4177              		.align	1
 4178              		.global	u8g2_m_48_30_1
 4179              		.syntax unified
 4180              		.thumb
 4181              		.thumb_func
 4183              	u8g2_m_48_30_1:
 4184              	.LVL252:
 4185              	.LFB126:
 762:BSP/u8g2/u8g2_d_memory.c **** uint8_t *u8g2_m_48_30_1(uint8_t *page_cnt)
 763:BSP/u8g2/u8g2_d_memory.c **** {
 4186              		.loc 1 763 1 is_stmt 1 view -0
 4187              		.cfi_startproc
 4188              		@ args = 0, pretend = 0, frame = 0
 4189              		@ frame_needed = 0, uses_anonymous_args = 0
 4190              		@ link register save eliminated.
 764:BSP/u8g2/u8g2_d_memory.c ****   static uint8_t buf[384];
 4191              		.loc 1 764 3 view .LVU883
 765:BSP/u8g2/u8g2_d_memory.c ****   *page_cnt = 1;
 4192              		.loc 1 765 3 view .LVU884
 4193              		.loc 1 765 13 is_stmt 0 view .LVU885
 4194 0000 0123     		movs	r3, #1
 4195 0002 0370     		strb	r3, [r0]
 766:BSP/u8g2/u8g2_d_memory.c ****   return buf;
 4196              		.loc 1 766 3 is_stmt 1 view .LVU886
 767:BSP/u8g2/u8g2_d_memory.c **** }
 4197              		.loc 1 767 1 is_stmt 0 view .LVU887
 4198 0004 0048     		ldr	r0, .L380
 4199              	.LVL253:
 4200              		.loc 1 767 1 view .LVU888
 4201 0006 7047     		bx	lr
 4202              	.L381:
 4203              		.align	2
 4204              	.L380:
 4205 0008 00000000 		.word	buf.2
 4206              		.cfi_endproc
 4207              	.LFE126:
 4209              		.section	.text.u8g2_m_48_30_2,"ax",%progbits
 4210              		.align	1
 4211              		.global	u8g2_m_48_30_2
 4212              		.syntax unified
 4213              		.thumb
 4214              		.thumb_func
 4216              	u8g2_m_48_30_2:
 4217              	.LVL254:
 4218              	.LFB127:
 768:BSP/u8g2/u8g2_d_memory.c **** uint8_t *u8g2_m_48_30_2(uint8_t *page_cnt)
ARM GAS  /tmp/ccynqwCP.s 			page 84


 769:BSP/u8g2/u8g2_d_memory.c **** {
 4219              		.loc 1 769 1 is_stmt 1 view -0
 4220              		.cfi_startproc
 4221              		@ args = 0, pretend = 0, frame = 0
 4222              		@ frame_needed = 0, uses_anonymous_args = 0
 4223              		@ link register save eliminated.
 770:BSP/u8g2/u8g2_d_memory.c ****   static uint8_t buf[768];
 4224              		.loc 1 770 3 view .LVU890
 771:BSP/u8g2/u8g2_d_memory.c ****   *page_cnt = 2;
 4225              		.loc 1 771 3 view .LVU891
 4226              		.loc 1 771 13 is_stmt 0 view .LVU892
 4227 0000 0223     		movs	r3, #2
 4228 0002 0370     		strb	r3, [r0]
 772:BSP/u8g2/u8g2_d_memory.c ****   return buf;
 4229              		.loc 1 772 3 is_stmt 1 view .LVU893
 773:BSP/u8g2/u8g2_d_memory.c **** }
 4230              		.loc 1 773 1 is_stmt 0 view .LVU894
 4231 0004 0048     		ldr	r0, .L383
 4232              	.LVL255:
 4233              		.loc 1 773 1 view .LVU895
 4234 0006 7047     		bx	lr
 4235              	.L384:
 4236              		.align	2
 4237              	.L383:
 4238 0008 00000000 		.word	buf.1
 4239              		.cfi_endproc
 4240              	.LFE127:
 4242              		.section	.text.u8g2_m_48_30_f,"ax",%progbits
 4243              		.align	1
 4244              		.global	u8g2_m_48_30_f
 4245              		.syntax unified
 4246              		.thumb
 4247              		.thumb_func
 4249              	u8g2_m_48_30_f:
 4250              	.LVL256:
 4251              	.LFB128:
 774:BSP/u8g2/u8g2_d_memory.c **** uint8_t *u8g2_m_48_30_f(uint8_t *page_cnt)
 775:BSP/u8g2/u8g2_d_memory.c **** {
 4252              		.loc 1 775 1 is_stmt 1 view -0
 4253              		.cfi_startproc
 4254              		@ args = 0, pretend = 0, frame = 0
 4255              		@ frame_needed = 0, uses_anonymous_args = 0
 4256              		@ link register save eliminated.
 776:BSP/u8g2/u8g2_d_memory.c ****   static uint8_t buf[11520];
 4257              		.loc 1 776 3 view .LVU897
 777:BSP/u8g2/u8g2_d_memory.c ****   *page_cnt = 30;
 4258              		.loc 1 777 3 view .LVU898
 4259              		.loc 1 777 13 is_stmt 0 view .LVU899
 4260 0000 1E23     		movs	r3, #30
 4261 0002 0370     		strb	r3, [r0]
 778:BSP/u8g2/u8g2_d_memory.c ****   return buf;
 4262              		.loc 1 778 3 is_stmt 1 view .LVU900
 779:BSP/u8g2/u8g2_d_memory.c **** }
 4263              		.loc 1 779 1 is_stmt 0 view .LVU901
 4264 0004 0048     		ldr	r0, .L386
 4265              	.LVL257:
 4266              		.loc 1 779 1 view .LVU902
ARM GAS  /tmp/ccynqwCP.s 			page 85


 4267 0006 7047     		bx	lr
 4268              	.L387:
 4269              		.align	2
 4270              	.L386:
 4271 0008 00000000 		.word	buf.0
 4272              		.cfi_endproc
 4273              	.LFE128:
 4275              		.section	.bss.buf.0,"aw",%nobits
 4276              		.align	2
 4279              	buf.0:
 4280 0000 00000000 		.space	11520
 4280      00000000 
 4280      00000000 
 4280      00000000 
 4280      00000000 
 4281              		.section	.bss.buf.1,"aw",%nobits
 4282              		.align	2
 4285              	buf.1:
 4286 0000 00000000 		.space	768
 4286      00000000 
 4286      00000000 
 4286      00000000 
 4286      00000000 
 4287              		.section	.bss.buf.2,"aw",%nobits
 4288              		.align	2
 4291              	buf.2:
 4292 0000 00000000 		.space	384
 4292      00000000 
 4292      00000000 
 4292      00000000 
 4292      00000000 
 4293              		.section	.bss.buf.3,"aw",%nobits
 4294              		.align	2
 4297              	buf.3:
 4298 0000 00000000 		.space	8
 4298      00000000 
 4299              		.section	.bss.buf.4,"aw",%nobits
 4300              		.align	2
 4303              	buf.4:
 4304 0000 00000000 		.space	16
 4304      00000000 
 4304      00000000 
 4304      00000000 
 4305              		.section	.bss.buf.5,"aw",%nobits
 4306              		.align	2
 4309              	buf.5:
 4310 0000 00000000 		.space	8
 4310      00000000 
 4311              		.section	.bss.buf.6,"aw",%nobits
 4312              		.align	2
 4315              	buf.6:
 4316 0000 00000000 		.space	32
 4316      00000000 
 4316      00000000 
 4316      00000000 
 4316      00000000 
 4317              		.section	.bss.buf.7,"aw",%nobits
ARM GAS  /tmp/ccynqwCP.s 			page 86


 4318              		.align	2
 4321              	buf.7:
 4322 0000 00000000 		.space	64
 4322      00000000 
 4322      00000000 
 4322      00000000 
 4322      00000000 
 4323              		.section	.bss.buf.8,"aw",%nobits
 4324              		.align	2
 4327              	buf.8:
 4328 0000 00000000 		.space	32
 4328      00000000 
 4328      00000000 
 4328      00000000 
 4328      00000000 
 4329              		.section	.bss.buf.9,"aw",%nobits
 4330              		.align	2
 4333              	buf.9:
 4334 0000 00000000 		.space	64
 4334      00000000 
 4334      00000000 
 4334      00000000 
 4334      00000000 
 4335              		.section	.bss.buf.10,"aw",%nobits
 4336              		.align	2
 4339              	buf.10:
 4340 0000 00000000 		.space	128
 4340      00000000 
 4340      00000000 
 4340      00000000 
 4340      00000000 
 4341              		.section	.bss.buf.11,"aw",%nobits
 4342              		.align	2
 4345              	buf.11:
 4346 0000 00000000 		.space	64
 4346      00000000 
 4346      00000000 
 4346      00000000 
 4346      00000000 
 4347              		.section	.bss.buf.12,"aw",%nobits
 4348              		.align	2
 4351              	buf.12:
 4352 0000 00000000 		.space	9600
 4352      00000000 
 4352      00000000 
 4352      00000000 
 4352      00000000 
 4353              		.section	.bss.buf.13,"aw",%nobits
 4354              		.align	2
 4357              	buf.13:
 4358 0000 00000000 		.space	640
 4358      00000000 
 4358      00000000 
 4358      00000000 
 4358      00000000 
 4359              		.section	.bss.buf.14,"aw",%nobits
 4360              		.align	2
ARM GAS  /tmp/ccynqwCP.s 			page 87


 4363              	buf.14:
 4364 0000 00000000 		.space	320
 4364      00000000 
 4364      00000000 
 4364      00000000 
 4364      00000000 
 4365              		.section	.bss.buf.15,"aw",%nobits
 4366              		.align	2
 4369              	buf.15:
 4370 0000 00000000 		.space	4736
 4370      00000000 
 4370      00000000 
 4370      00000000 
 4370      00000000 
 4371              		.section	.bss.buf.16,"aw",%nobits
 4372              		.align	2
 4375              	buf.16:
 4376 0000 00000000 		.space	592
 4376      00000000 
 4376      00000000 
 4376      00000000 
 4376      00000000 
 4377              		.section	.bss.buf.17,"aw",%nobits
 4378              		.align	2
 4381              	buf.17:
 4382 0000 00000000 		.space	296
 4382      00000000 
 4382      00000000 
 4382      00000000 
 4382      00000000 
 4383              		.section	.bss.buf.18,"aw",%nobits
 4384              		.align	2
 4387              	buf.18:
 4388 0000 00000000 		.space	5000
 4388      00000000 
 4388      00000000 
 4388      00000000 
 4388      00000000 
 4389              		.section	.bss.buf.19,"aw",%nobits
 4390              		.align	2
 4393              	buf.19:
 4394 0000 00000000 		.space	400
 4394      00000000 
 4394      00000000 
 4394      00000000 
 4394      00000000 
 4395              		.section	.bss.buf.20,"aw",%nobits
 4396              		.align	2
 4399              	buf.20:
 4400 0000 00000000 		.space	200
 4400      00000000 
 4400      00000000 
 4400      00000000 
 4400      00000000 
 4401              		.section	.bss.buf.21,"aw",%nobits
 4402              		.align	2
 4405              	buf.21:
ARM GAS  /tmp/ccynqwCP.s 			page 88


 4406 0000 00000000 		.space	1584
 4406      00000000 
 4406      00000000 
 4406      00000000 
 4406      00000000 
 4407              		.section	.bss.buf.22,"aw",%nobits
 4408              		.align	2
 4411              	buf.22:
 4412 0000 00000000 		.space	352
 4412      00000000 
 4412      00000000 
 4412      00000000 
 4412      00000000 
 4413              		.section	.bss.buf.23,"aw",%nobits
 4414              		.align	2
 4417              	buf.23:
 4418 0000 00000000 		.space	176
 4418      00000000 
 4418      00000000 
 4418      00000000 
 4418      00000000 
 4419              		.section	.bss.buf.24,"aw",%nobits
 4420              		.align	2
 4423              	buf.24:
 4424 0000 00000000 		.space	1600
 4424      00000000 
 4424      00000000 
 4424      00000000 
 4424      00000000 
 4425              		.section	.bss.buf.25,"aw",%nobits
 4426              		.align	2
 4429              	buf.25:
 4430 0000 00000000 		.space	320
 4430      00000000 
 4430      00000000 
 4430      00000000 
 4430      00000000 
 4431              		.section	.bss.buf.26,"aw",%nobits
 4432              		.align	2
 4435              	buf.26:
 4436 0000 00000000 		.space	160
 4436      00000000 
 4436      00000000 
 4436      00000000 
 4436      00000000 
 4437              		.section	.bss.buf.27,"aw",%nobits
 4438              		.align	2
 4441              	buf.27:
 4442 0000 00000000 		.space	2304
 4442      00000000 
 4442      00000000 
 4442      00000000 
 4442      00000000 
 4443              		.section	.bss.buf.28,"aw",%nobits
 4444              		.align	2
 4447              	buf.28:
 4448 0000 00000000 		.space	384
ARM GAS  /tmp/ccynqwCP.s 			page 89


 4448      00000000 
 4448      00000000 
 4448      00000000 
 4448      00000000 
 4449              		.section	.bss.buf.29,"aw",%nobits
 4450              		.align	2
 4453              	buf.29:
 4454 0000 00000000 		.space	192
 4454      00000000 
 4454      00000000 
 4454      00000000 
 4454      00000000 
 4455              		.section	.bss.buf.30,"aw",%nobits
 4456              		.align	2
 4459              	buf.30:
 4460 0000 00000000 		.space	2288
 4460      00000000 
 4460      00000000 
 4460      00000000 
 4460      00000000 
 4461              		.section	.bss.buf.31,"aw",%nobits
 4462              		.align	2
 4465              	buf.31:
 4466 0000 00000000 		.space	352
 4466      00000000 
 4466      00000000 
 4466      00000000 
 4466      00000000 
 4467              		.section	.bss.buf.32,"aw",%nobits
 4468              		.align	2
 4471              	buf.32:
 4472 0000 00000000 		.space	176
 4472      00000000 
 4472      00000000 
 4472      00000000 
 4472      00000000 
 4473              		.section	.bss.buf.33,"aw",%nobits
 4474              		.align	2
 4477              	buf.33:
 4478 0000 00000000 		.space	5120
 4478      00000000 
 4478      00000000 
 4478      00000000 
 4478      00000000 
 4479              		.section	.bss.buf.34,"aw",%nobits
 4480              		.align	2
 4483              	buf.34:
 4484 0000 00000000 		.space	512
 4484      00000000 
 4484      00000000 
 4484      00000000 
 4484      00000000 
 4485              		.section	.bss.buf.35,"aw",%nobits
 4486              		.align	2
 4489              	buf.35:
 4490 0000 00000000 		.space	256
 4490      00000000 
ARM GAS  /tmp/ccynqwCP.s 			page 90


 4490      00000000 
 4490      00000000 
 4490      00000000 
 4491              		.section	.bss.buf.36,"aw",%nobits
 4492              		.align	2
 4495              	buf.36:
 4496 0000 00000000 		.space	4096
 4496      00000000 
 4496      00000000 
 4496      00000000 
 4496      00000000 
 4497              		.section	.bss.buf.37,"aw",%nobits
 4498              		.align	2
 4501              	buf.37:
 4502 0000 00000000 		.space	512
 4502      00000000 
 4502      00000000 
 4502      00000000 
 4502      00000000 
 4503              		.section	.bss.buf.38,"aw",%nobits
 4504              		.align	2
 4507              	buf.38:
 4508 0000 00000000 		.space	256
 4508      00000000 
 4508      00000000 
 4508      00000000 
 4508      00000000 
 4509              		.section	.bss.buf.39,"aw",%nobits
 4510              		.align	2
 4513              	buf.39:
 4514 0000 00000000 		.space	6528
 4514      00000000 
 4514      00000000 
 4514      00000000 
 4514      00000000 
 4515              		.section	.bss.buf.40,"aw",%nobits
 4516              		.align	2
 4519              	buf.40:
 4520 0000 00000000 		.space	768
 4520      00000000 
 4520      00000000 
 4520      00000000 
 4520      00000000 
 4521              		.section	.bss.buf.41,"aw",%nobits
 4522              		.align	2
 4525              	buf.41:
 4526 0000 00000000 		.space	384
 4526      00000000 
 4526      00000000 
 4526      00000000 
 4526      00000000 
 4527              		.section	.bss.buf.42,"aw",%nobits
 4528              		.align	2
 4531              	buf.42:
 4532 0000 00000000 		.space	1088
 4532      00000000 
 4532      00000000 
ARM GAS  /tmp/ccynqwCP.s 			page 91


 4532      00000000 
 4532      00000000 
 4533              		.section	.bss.buf.43,"aw",%nobits
 4534              		.align	2
 4537              	buf.43:
 4538 0000 00000000 		.space	272
 4538      00000000 
 4538      00000000 
 4538      00000000 
 4538      00000000 
 4539              		.section	.bss.buf.44,"aw",%nobits
 4540              		.align	2
 4543              	buf.44:
 4544 0000 00000000 		.space	136
 4544      00000000 
 4544      00000000 
 4544      00000000 
 4544      00000000 
 4545              		.section	.bss.buf.45,"aw",%nobits
 4546              		.align	2
 4549              	buf.45:
 4550 0000 00000000 		.space	544
 4550      00000000 
 4550      00000000 
 4550      00000000 
 4550      00000000 
 4551              		.section	.bss.buf.46,"aw",%nobits
 4552              		.align	2
 4555              	buf.46:
 4556 0000 00000000 		.space	272
 4556      00000000 
 4556      00000000 
 4556      00000000 
 4556      00000000 
 4557              		.section	.bss.buf.47,"aw",%nobits
 4558              		.align	2
 4561              	buf.47:
 4562 0000 00000000 		.space	136
 4562      00000000 
 4562      00000000 
 4562      00000000 
 4562      00000000 
 4563              		.section	.bss.buf.48,"aw",%nobits
 4564              		.align	2
 4567              	buf.48:
 4568 0000 00000000 		.space	4800
 4568      00000000 
 4568      00000000 
 4568      00000000 
 4568      00000000 
 4569              		.section	.bss.buf.49,"aw",%nobits
 4570              		.align	2
 4573              	buf.49:
 4574 0000 00000000 		.space	480
 4574      00000000 
 4574      00000000 
 4574      00000000 
ARM GAS  /tmp/ccynqwCP.s 			page 92


 4574      00000000 
 4575              		.section	.bss.buf.50,"aw",%nobits
 4576              		.align	2
 4579              	buf.50:
 4580 0000 00000000 		.space	240
 4580      00000000 
 4580      00000000 
 4580      00000000 
 4580      00000000 
 4581              		.section	.bss.buf.51,"aw",%nobits
 4582              		.align	2
 4585              	buf.51:
 4586 0000 00000000 		.space	2080
 4586      00000000 
 4586      00000000 
 4586      00000000 
 4586      00000000 
 4587              		.section	.bss.buf.52,"aw",%nobits
 4588              		.align	2
 4591              	buf.52:
 4592 0000 00000000 		.space	320
 4592      00000000 
 4592      00000000 
 4592      00000000 
 4592      00000000 
 4593              		.section	.bss.buf.53,"aw",%nobits
 4594              		.align	2
 4597              	buf.53:
 4598 0000 00000000 		.space	160
 4598      00000000 
 4598      00000000 
 4598      00000000 
 4598      00000000 
 4599              		.section	.bss.buf.54,"aw",%nobits
 4600              		.align	2
 4603              	buf.54:
 4604 0000 00000000 		.space	2560
 4604      00000000 
 4604      00000000 
 4604      00000000 
 4604      00000000 
 4605              		.section	.bss.buf.55,"aw",%nobits
 4606              		.align	2
 4609              	buf.55:
 4610 0000 00000000 		.space	320
 4610      00000000 
 4610      00000000 
 4610      00000000 
 4610      00000000 
 4611              		.section	.bss.buf.56,"aw",%nobits
 4612              		.align	2
 4615              	buf.56:
 4616 0000 00000000 		.space	160
 4616      00000000 
 4616      00000000 
 4616      00000000 
 4616      00000000 
ARM GAS  /tmp/ccynqwCP.s 			page 93


 4617              		.section	.bss.buf.57,"aw",%nobits
 4618              		.align	2
 4621              	buf.57:
 4622 0000 00000000 		.space	3840
 4622      00000000 
 4622      00000000 
 4622      00000000 
 4622      00000000 
 4623              		.section	.bss.buf.58,"aw",%nobits
 4624              		.align	2
 4627              	buf.58:
 4628 0000 00000000 		.space	480
 4628      00000000 
 4628      00000000 
 4628      00000000 
 4628      00000000 
 4629              		.section	.bss.buf.59,"aw",%nobits
 4630              		.align	2
 4633              	buf.59:
 4634 0000 00000000 		.space	240
 4634      00000000 
 4634      00000000 
 4634      00000000 
 4634      00000000 
 4635              		.section	.bss.buf.60,"aw",%nobits
 4636              		.align	2
 4639              	buf.60:
 4640 0000 00000000 		.space	3600
 4640      00000000 
 4640      00000000 
 4640      00000000 
 4640      00000000 
 4641              		.section	.bss.buf.61,"aw",%nobits
 4642              		.align	2
 4645              	buf.61:
 4646 0000 00000000 		.space	480
 4646      00000000 
 4646      00000000 
 4646      00000000 
 4646      00000000 
 4647              		.section	.bss.buf.62,"aw",%nobits
 4648              		.align	2
 4651              	buf.62:
 4652 0000 00000000 		.space	240
 4652      00000000 
 4652      00000000 
 4652      00000000 
 4652      00000000 
 4653              		.section	.bss.buf.63,"aw",%nobits
 4654              		.align	2
 4657              	buf.63:
 4658 0000 00000000 		.space	1920
 4658      00000000 
 4658      00000000 
 4658      00000000 
 4658      00000000 
 4659              		.section	.bss.buf.64,"aw",%nobits
ARM GAS  /tmp/ccynqwCP.s 			page 94


 4660              		.align	2
 4663              	buf.64:
 4664 0000 00000000 		.space	480
 4664      00000000 
 4664      00000000 
 4664      00000000 
 4664      00000000 
 4665              		.section	.bss.buf.65,"aw",%nobits
 4666              		.align	2
 4669              	buf.65:
 4670 0000 00000000 		.space	240
 4670      00000000 
 4670      00000000 
 4670      00000000 
 4670      00000000 
 4671              		.section	.bss.buf.66,"aw",%nobits
 4672              		.align	2
 4675              	buf.66:
 4676 0000 00000000 		.space	1536
 4676      00000000 
 4676      00000000 
 4676      00000000 
 4676      00000000 
 4677              		.section	.bss.buf.67,"aw",%nobits
 4678              		.align	2
 4681              	buf.67:
 4682 0000 00000000 		.space	384
 4682      00000000 
 4682      00000000 
 4682      00000000 
 4682      00000000 
 4683              		.section	.bss.buf.68,"aw",%nobits
 4684              		.align	2
 4687              	buf.68:
 4688 0000 00000000 		.space	192
 4688      00000000 
 4688      00000000 
 4688      00000000 
 4688      00000000 
 4689              		.section	.bss.buf.69,"aw",%nobits
 4690              		.align	2
 4693              	buf.69:
 4694 0000 00000000 		.space	864
 4694      00000000 
 4694      00000000 
 4694      00000000 
 4694      00000000 
 4695              		.section	.bss.buf.70,"aw",%nobits
 4696              		.align	2
 4699              	buf.70:
 4700 0000 00000000 		.space	192
 4700      00000000 
 4700      00000000 
 4700      00000000 
 4700      00000000 
 4701              		.section	.bss.buf.71,"aw",%nobits
 4702              		.align	2
ARM GAS  /tmp/ccynqwCP.s 			page 95


 4705              	buf.71:
 4706 0000 00000000 		.space	96
 4706      00000000 
 4706      00000000 
 4706      00000000 
 4706      00000000 
 4707              		.section	.bss.buf.72,"aw",%nobits
 4708              		.align	2
 4711              	buf.72:
 4712 0000 00000000 		.space	528
 4712      00000000 
 4712      00000000 
 4712      00000000 
 4712      00000000 
 4713              		.section	.bss.buf.73,"aw",%nobits
 4714              		.align	2
 4717              	buf.73:
 4718 0000 00000000 		.space	176
 4718      00000000 
 4718      00000000 
 4718      00000000 
 4718      00000000 
 4719              		.section	.bss.buf.74,"aw",%nobits
 4720              		.align	2
 4723              	buf.74:
 4724 0000 00000000 		.space	88
 4724      00000000 
 4724      00000000 
 4724      00000000 
 4724      00000000 
 4725              		.section	.bss.buf.75,"aw",%nobits
 4726              		.align	2
 4729              	buf.75:
 4730 0000 00000000 		.space	832
 4730      00000000 
 4730      00000000 
 4730      00000000 
 4730      00000000 
 4731              		.section	.bss.buf.76,"aw",%nobits
 4732              		.align	2
 4735              	buf.76:
 4736 0000 00000000 		.space	208
 4736      00000000 
 4736      00000000 
 4736      00000000 
 4736      00000000 
 4737              		.section	.bss.buf.77,"aw",%nobits
 4738              		.align	2
 4741              	buf.77:
 4742 0000 00000000 		.space	104
 4742      00000000 
 4742      00000000 
 4742      00000000 
 4742      00000000 
 4743              		.section	.bss.buf.78,"aw",%nobits
 4744              		.align	2
 4747              	buf.78:
ARM GAS  /tmp/ccynqwCP.s 			page 96


 4748 0000 00000000 		.space	3024
 4748      00000000 
 4748      00000000 
 4748      00000000 
 4748      00000000 
 4749              		.section	.bss.buf.79,"aw",%nobits
 4750              		.align	2
 4753              	buf.79:
 4754 0000 00000000 		.space	288
 4754      00000000 
 4754      00000000 
 4754      00000000 
 4754      00000000 
 4755              		.section	.bss.buf.80,"aw",%nobits
 4756              		.align	2
 4759              	buf.80:
 4760 0000 00000000 		.space	144
 4760      00000000 
 4760      00000000 
 4760      00000000 
 4760      00000000 
 4761              		.section	.bss.buf.81,"aw",%nobits
 4762              		.align	2
 4765              	buf.81:
 4766 0000 00000000 		.space	12000
 4766      00000000 
 4766      00000000 
 4766      00000000 
 4766      00000000 
 4767              		.section	.bss.buf.82,"aw",%nobits
 4768              		.align	2
 4771              	buf.82:
 4772 0000 00000000 		.space	800
 4772      00000000 
 4772      00000000 
 4772      00000000 
 4772      00000000 
 4773              		.section	.bss.buf.83,"aw",%nobits
 4774              		.align	2
 4777              	buf.83:
 4778 0000 00000000 		.space	400
 4778      00000000 
 4778      00000000 
 4778      00000000 
 4778      00000000 
 4779              		.section	.bss.buf.84,"aw",%nobits
 4780              		.align	2
 4783              	buf.84:
 4784 0000 00000000 		.space	768
 4784      00000000 
 4784      00000000 
 4784      00000000 
 4784      00000000 
 4785              		.section	.bss.buf.85,"aw",%nobits
 4786              		.align	2
 4789              	buf.85:
 4790 0000 00000000 		.space	384
ARM GAS  /tmp/ccynqwCP.s 			page 97


 4790      00000000 
 4790      00000000 
 4790      00000000 
 4790      00000000 
 4791              		.section	.bss.buf.86,"aw",%nobits
 4792              		.align	2
 4795              	buf.86:
 4796 0000 00000000 		.space	192
 4796      00000000 
 4796      00000000 
 4796      00000000 
 4796      00000000 
 4797              		.section	.bss.buf.87,"aw",%nobits
 4798              		.align	2
 4801              	buf.87:
 4802 0000 00000000 		.space	1024
 4802      00000000 
 4802      00000000 
 4802      00000000 
 4802      00000000 
 4803              		.section	.bss.buf.88,"aw",%nobits
 4804              		.align	2
 4807              	buf.88:
 4808 0000 00000000 		.space	512
 4808      00000000 
 4808      00000000 
 4808      00000000 
 4808      00000000 
 4809              		.section	.bss.buf.89,"aw",%nobits
 4810              		.align	2
 4813              	buf.89:
 4814 0000 00000000 		.space	256
 4814      00000000 
 4814      00000000 
 4814      00000000 
 4814      00000000 
 4815              		.section	.bss.buf.90,"aw",%nobits
 4816              		.align	2
 4819              	buf.90:
 4820 0000 00000000 		.space	1536
 4820      00000000 
 4820      00000000 
 4820      00000000 
 4820      00000000 
 4821              		.section	.bss.buf.91,"aw",%nobits
 4822              		.align	2
 4825              	buf.91:
 4826 0000 00000000 		.space	256
 4826      00000000 
 4826      00000000 
 4826      00000000 
 4826      00000000 
 4827              		.section	.bss.buf.92,"aw",%nobits
 4828              		.align	2
 4831              	buf.92:
 4832 0000 00000000 		.space	128
 4832      00000000 
ARM GAS  /tmp/ccynqwCP.s 			page 98


 4832      00000000 
 4832      00000000 
 4832      00000000 
 4833              		.section	.bss.buf.93,"aw",%nobits
 4834              		.align	2
 4837              	buf.93:
 4838 0000 00000000 		.space	192
 4838      00000000 
 4838      00000000 
 4838      00000000 
 4838      00000000 
 4839              		.section	.bss.buf.94,"aw",%nobits
 4840              		.align	2
 4843              	buf.94:
 4844 0000 00000000 		.space	192
 4844      00000000 
 4844      00000000 
 4844      00000000 
 4844      00000000 
 4845              		.section	.bss.buf.95,"aw",%nobits
 4846              		.align	2
 4849              	buf.95:
 4850 0000 00000000 		.space	96
 4850      00000000 
 4850      00000000 
 4850      00000000 
 4850      00000000 
 4851              		.section	.bss.buf.96,"aw",%nobits
 4852              		.align	2
 4855              	buf.96:
 4856 0000 00000000 		.space	384
 4856      00000000 
 4856      00000000 
 4856      00000000 
 4856      00000000 
 4857              		.section	.bss.buf.97,"aw",%nobits
 4858              		.align	2
 4861              	buf.97:
 4862 0000 00000000 		.space	96
 4862      00000000 
 4862      00000000 
 4862      00000000 
 4862      00000000 
 4863              		.section	.bss.buf.98,"aw",%nobits
 4864              		.align	2
 4867              	buf.98:
 4868 0000 00000000 		.space	48
 4868      00000000 
 4868      00000000 
 4868      00000000 
 4868      00000000 
 4869              		.section	.bss.buf.99,"aw",%nobits
 4870              		.align	2
 4873              	buf.99:
 4874 0000 00000000 		.space	384
 4874      00000000 
 4874      00000000 
ARM GAS  /tmp/ccynqwCP.s 			page 99


 4874      00000000 
 4874      00000000 
 4875              		.section	.bss.buf.100,"aw",%nobits
 4876              		.align	2
 4879              	buf.100:
 4880 0000 00000000 		.space	128
 4880      00000000 
 4880      00000000 
 4880      00000000 
 4880      00000000 
 4881              		.section	.bss.buf.101,"aw",%nobits
 4882              		.align	2
 4885              	buf.101:
 4886 0000 00000000 		.space	64
 4886      00000000 
 4886      00000000 
 4886      00000000 
 4886      00000000 
 4887              		.section	.bss.buf.102,"aw",%nobits
 4888              		.align	2
 4891              	buf.102:
 4892 0000 00000000 		.space	2048
 4892      00000000 
 4892      00000000 
 4892      00000000 
 4892      00000000 
 4893              		.section	.bss.buf.103,"aw",%nobits
 4894              		.align	2
 4897              	buf.103:
 4898 0000 00000000 		.space	512
 4898      00000000 
 4898      00000000 
 4898      00000000 
 4898      00000000 
 4899              		.section	.bss.buf.104,"aw",%nobits
 4900              		.align	2
 4903              	buf.104:
 4904 0000 00000000 		.space	256
 4904      00000000 
 4904      00000000 
 4904      00000000 
 4904      00000000 
 4905              		.section	.bss.buf.105,"aw",%nobits
 4906              		.align	2
 4909              	buf.105:
 4910 0000 00000000 		.space	3200
 4910      00000000 
 4910      00000000 
 4910      00000000 
 4910      00000000 
 4911              		.section	.bss.buf.106,"aw",%nobits
 4912              		.align	2
 4915              	buf.106:
 4916 0000 00000000 		.space	320
 4916      00000000 
 4916      00000000 
 4916      00000000 
ARM GAS  /tmp/ccynqwCP.s 			page 100


 4916      00000000 
 4917              		.section	.bss.buf.107,"aw",%nobits
 4918              		.align	2
 4921              	buf.107:
 4922 0000 00000000 		.space	160
 4922      00000000 
 4922      00000000 
 4922      00000000 
 4922      00000000 
 4923              		.section	.bss.buf.108,"aw",%nobits
 4924              		.align	2
 4927              	buf.108:
 4928 0000 00000000 		.space	2048
 4928      00000000 
 4928      00000000 
 4928      00000000 
 4928      00000000 
 4929              		.section	.bss.buf.109,"aw",%nobits
 4930              		.align	2
 4933              	buf.109:
 4934 0000 00000000 		.space	256
 4934      00000000 
 4934      00000000 
 4934      00000000 
 4934      00000000 
 4935              		.section	.bss.buf.110,"aw",%nobits
 4936              		.align	2
 4939              	buf.110:
 4940 0000 00000000 		.space	128
 4940      00000000 
 4940      00000000 
 4940      00000000 
 4940      00000000 
 4941              		.section	.bss.buf.111,"aw",%nobits
 4942              		.align	2
 4945              	buf.111:
 4946 0000 00000000 		.space	1152
 4946      00000000 
 4946      00000000 
 4946      00000000 
 4946      00000000 
 4947              		.section	.bss.buf.112,"aw",%nobits
 4948              		.align	2
 4951              	buf.112:
 4952 0000 00000000 		.space	192
 4952      00000000 
 4952      00000000 
 4952      00000000 
 4952      00000000 
 4953              		.section	.bss.buf.113,"aw",%nobits
 4954              		.align	2
 4957              	buf.113:
 4958 0000 00000000 		.space	96
 4958      00000000 
 4958      00000000 
 4958      00000000 
 4958      00000000 
ARM GAS  /tmp/ccynqwCP.s 			page 101


 4959              		.section	.bss.buf.114,"aw",%nobits
 4960              		.align	2
 4963              	buf.114:
 4964 0000 00000000 		.space	1024
 4964      00000000 
 4964      00000000 
 4964      00000000 
 4964      00000000 
 4965              		.section	.bss.buf.115,"aw",%nobits
 4966              		.align	2
 4969              	buf.115:
 4970 0000 00000000 		.space	128
 4970      00000000 
 4970      00000000 
 4970      00000000 
 4970      00000000 
 4971              		.section	.bss.buf.116,"aw",%nobits
 4972              		.align	2
 4975              	buf.116:
 4976 0000 00000000 		.space	64
 4976      00000000 
 4976      00000000 
 4976      00000000 
 4976      00000000 
 4977              		.section	.bss.buf.117,"aw",%nobits
 4978              		.align	2
 4981              	buf.117:
 4982 0000 00000000 		.space	256
 4982      00000000 
 4982      00000000 
 4982      00000000 
 4982      00000000 
 4983              		.section	.bss.buf.118,"aw",%nobits
 4984              		.align	2
 4987              	buf.118:
 4988 0000 00000000 		.space	128
 4988      00000000 
 4988      00000000 
 4988      00000000 
 4988      00000000 
 4989              		.section	.bss.buf.119,"aw",%nobits
 4990              		.align	2
 4993              	buf.119:
 4994 0000 00000000 		.space	64
 4994      00000000 
 4994      00000000 
 4994      00000000 
 4994      00000000 
 4995              		.section	.bss.buf.120,"aw",%nobits
 4996              		.align	2
 4999              	buf.120:
 5000 0000 00000000 		.space	360
 5000      00000000 
 5000      00000000 
 5000      00000000 
 5000      00000000 
 5001              		.section	.bss.buf.121,"aw",%nobits
ARM GAS  /tmp/ccynqwCP.s 			page 102


 5002              		.align	2
 5005              	buf.121:
 5006 0000 00000000 		.space	144
 5006      00000000 
 5006      00000000 
 5006      00000000 
 5006      00000000 
 5007              		.section	.bss.buf.122,"aw",%nobits
 5008              		.align	2
 5011              	buf.122:
 5012 0000 00000000 		.space	72
 5012      00000000 
 5012      00000000 
 5012      00000000 
 5012      00000000 
 5013              		.section	.bss.buf.123,"aw",%nobits
 5014              		.align	2
 5017              	buf.123:
 5018 0000 00000000 		.space	1024
 5018      00000000 
 5018      00000000 
 5018      00000000 
 5018      00000000 
 5019              		.section	.bss.buf.124,"aw",%nobits
 5020              		.align	2
 5023              	buf.124:
 5024 0000 00000000 		.space	256
 5024      00000000 
 5024      00000000 
 5024      00000000 
 5024      00000000 
 5025              		.section	.bss.buf.125,"aw",%nobits
 5026              		.align	2
 5029              	buf.125:
 5030 0000 00000000 		.space	128
 5030      00000000 
 5030      00000000 
 5030      00000000 
 5030      00000000 
 5031              		.section	.bss.buf.126,"aw",%nobits
 5032              		.align	2
 5035              	buf.126:
 5036 0000 00000000 		.space	512
 5036      00000000 
 5036      00000000 
 5036      00000000 
 5036      00000000 
 5037              		.section	.bss.buf.127,"aw",%nobits
 5038              		.align	2
 5041              	buf.127:
 5042 0000 00000000 		.space	256
 5042      00000000 
 5042      00000000 
 5042      00000000 
 5042      00000000 
 5043              		.section	.bss.buf.128,"aw",%nobits
 5044              		.align	2
ARM GAS  /tmp/ccynqwCP.s 			page 103


 5047              	buf.128:
 5048 0000 00000000 		.space	128
 5048      00000000 
 5048      00000000 
 5048      00000000 
 5048      00000000 
 5049              		.text
 5050              	.Letext0:
 5051              		.file 2 "/usr/lib/gcc/arm-none-eabi/13.2.1/include/stdint.h"
ARM GAS  /tmp/ccynqwCP.s 			page 104


DEFINED SYMBOLS
                            *ABS*:00000000 u8g2_d_memory.c
     /tmp/ccynqwCP.s:19     .text.u8g2_m_16_4_1:00000000 $t
     /tmp/ccynqwCP.s:25     .text.u8g2_m_16_4_1:00000000 u8g2_m_16_4_1
     /tmp/ccynqwCP.s:47     .text.u8g2_m_16_4_1:00000008 $d
     /tmp/ccynqwCP.s:5047   .bss.buf.128:00000000 buf.128
     /tmp/ccynqwCP.s:52     .text.u8g2_m_16_4_2:00000000 $t
     /tmp/ccynqwCP.s:58     .text.u8g2_m_16_4_2:00000000 u8g2_m_16_4_2
     /tmp/ccynqwCP.s:80     .text.u8g2_m_16_4_2:00000008 $d
     /tmp/ccynqwCP.s:5041   .bss.buf.127:00000000 buf.127
     /tmp/ccynqwCP.s:85     .text.u8g2_m_16_4_f:00000000 $t
     /tmp/ccynqwCP.s:91     .text.u8g2_m_16_4_f:00000000 u8g2_m_16_4_f
     /tmp/ccynqwCP.s:113    .text.u8g2_m_16_4_f:00000008 $d
     /tmp/ccynqwCP.s:5035   .bss.buf.126:00000000 buf.126
     /tmp/ccynqwCP.s:118    .text.u8g2_m_16_8_1:00000000 $t
     /tmp/ccynqwCP.s:124    .text.u8g2_m_16_8_1:00000000 u8g2_m_16_8_1
     /tmp/ccynqwCP.s:146    .text.u8g2_m_16_8_1:00000008 $d
     /tmp/ccynqwCP.s:5029   .bss.buf.125:00000000 buf.125
     /tmp/ccynqwCP.s:151    .text.u8g2_m_16_8_2:00000000 $t
     /tmp/ccynqwCP.s:157    .text.u8g2_m_16_8_2:00000000 u8g2_m_16_8_2
     /tmp/ccynqwCP.s:179    .text.u8g2_m_16_8_2:00000008 $d
     /tmp/ccynqwCP.s:5023   .bss.buf.124:00000000 buf.124
     /tmp/ccynqwCP.s:184    .text.u8g2_m_16_8_f:00000000 $t
     /tmp/ccynqwCP.s:190    .text.u8g2_m_16_8_f:00000000 u8g2_m_16_8_f
     /tmp/ccynqwCP.s:212    .text.u8g2_m_16_8_f:00000008 $d
     /tmp/ccynqwCP.s:5017   .bss.buf.123:00000000 buf.123
     /tmp/ccynqwCP.s:217    .text.u8g2_m_9_5_1:00000000 $t
     /tmp/ccynqwCP.s:223    .text.u8g2_m_9_5_1:00000000 u8g2_m_9_5_1
     /tmp/ccynqwCP.s:245    .text.u8g2_m_9_5_1:00000008 $d
     /tmp/ccynqwCP.s:5011   .bss.buf.122:00000000 buf.122
     /tmp/ccynqwCP.s:250    .text.u8g2_m_9_5_2:00000000 $t
     /tmp/ccynqwCP.s:256    .text.u8g2_m_9_5_2:00000000 u8g2_m_9_5_2
     /tmp/ccynqwCP.s:278    .text.u8g2_m_9_5_2:00000008 $d
     /tmp/ccynqwCP.s:5005   .bss.buf.121:00000000 buf.121
     /tmp/ccynqwCP.s:283    .text.u8g2_m_9_5_f:00000000 $t
     /tmp/ccynqwCP.s:289    .text.u8g2_m_9_5_f:00000000 u8g2_m_9_5_f
     /tmp/ccynqwCP.s:311    .text.u8g2_m_9_5_f:00000008 $d
     /tmp/ccynqwCP.s:4999   .bss.buf.120:00000000 buf.120
     /tmp/ccynqwCP.s:316    .text.u8g2_m_8_4_1:00000000 $t
     /tmp/ccynqwCP.s:322    .text.u8g2_m_8_4_1:00000000 u8g2_m_8_4_1
     /tmp/ccynqwCP.s:344    .text.u8g2_m_8_4_1:00000008 $d
     /tmp/ccynqwCP.s:4993   .bss.buf.119:00000000 buf.119
     /tmp/ccynqwCP.s:349    .text.u8g2_m_8_4_2:00000000 $t
     /tmp/ccynqwCP.s:355    .text.u8g2_m_8_4_2:00000000 u8g2_m_8_4_2
     /tmp/ccynqwCP.s:377    .text.u8g2_m_8_4_2:00000008 $d
     /tmp/ccynqwCP.s:4987   .bss.buf.118:00000000 buf.118
     /tmp/ccynqwCP.s:382    .text.u8g2_m_8_4_f:00000000 $t
     /tmp/ccynqwCP.s:388    .text.u8g2_m_8_4_f:00000000 u8g2_m_8_4_f
     /tmp/ccynqwCP.s:410    .text.u8g2_m_8_4_f:00000008 $d
     /tmp/ccynqwCP.s:4981   .bss.buf.117:00000000 buf.117
     /tmp/ccynqwCP.s:415    .text.u8g2_m_8_16_1:00000000 $t
     /tmp/ccynqwCP.s:421    .text.u8g2_m_8_16_1:00000000 u8g2_m_8_16_1
     /tmp/ccynqwCP.s:443    .text.u8g2_m_8_16_1:00000008 $d
     /tmp/ccynqwCP.s:4975   .bss.buf.116:00000000 buf.116
     /tmp/ccynqwCP.s:448    .text.u8g2_m_8_16_2:00000000 $t
     /tmp/ccynqwCP.s:454    .text.u8g2_m_8_16_2:00000000 u8g2_m_8_16_2
     /tmp/ccynqwCP.s:476    .text.u8g2_m_8_16_2:00000008 $d
ARM GAS  /tmp/ccynqwCP.s 			page 105


     /tmp/ccynqwCP.s:4969   .bss.buf.115:00000000 buf.115
     /tmp/ccynqwCP.s:481    .text.u8g2_m_8_16_f:00000000 $t
     /tmp/ccynqwCP.s:487    .text.u8g2_m_8_16_f:00000000 u8g2_m_8_16_f
     /tmp/ccynqwCP.s:509    .text.u8g2_m_8_16_f:00000008 $d
     /tmp/ccynqwCP.s:4963   .bss.buf.114:00000000 buf.114
     /tmp/ccynqwCP.s:514    .text.u8g2_m_12_12_1:00000000 $t
     /tmp/ccynqwCP.s:520    .text.u8g2_m_12_12_1:00000000 u8g2_m_12_12_1
     /tmp/ccynqwCP.s:542    .text.u8g2_m_12_12_1:00000008 $d
     /tmp/ccynqwCP.s:4957   .bss.buf.113:00000000 buf.113
     /tmp/ccynqwCP.s:547    .text.u8g2_m_12_12_2:00000000 $t
     /tmp/ccynqwCP.s:553    .text.u8g2_m_12_12_2:00000000 u8g2_m_12_12_2
     /tmp/ccynqwCP.s:575    .text.u8g2_m_12_12_2:00000008 $d
     /tmp/ccynqwCP.s:4951   .bss.buf.112:00000000 buf.112
     /tmp/ccynqwCP.s:580    .text.u8g2_m_12_12_f:00000000 $t
     /tmp/ccynqwCP.s:586    .text.u8g2_m_12_12_f:00000000 u8g2_m_12_12_f
     /tmp/ccynqwCP.s:608    .text.u8g2_m_12_12_f:00000008 $d
     /tmp/ccynqwCP.s:4945   .bss.buf.111:00000000 buf.111
     /tmp/ccynqwCP.s:613    .text.u8g2_m_16_16_1:00000000 $t
     /tmp/ccynqwCP.s:619    .text.u8g2_m_16_16_1:00000000 u8g2_m_16_16_1
     /tmp/ccynqwCP.s:641    .text.u8g2_m_16_16_1:00000008 $d
     /tmp/ccynqwCP.s:4939   .bss.buf.110:00000000 buf.110
     /tmp/ccynqwCP.s:646    .text.u8g2_m_16_16_2:00000000 $t
     /tmp/ccynqwCP.s:652    .text.u8g2_m_16_16_2:00000000 u8g2_m_16_16_2
     /tmp/ccynqwCP.s:674    .text.u8g2_m_16_16_2:00000008 $d
     /tmp/ccynqwCP.s:4933   .bss.buf.109:00000000 buf.109
     /tmp/ccynqwCP.s:679    .text.u8g2_m_16_16_f:00000000 $t
     /tmp/ccynqwCP.s:685    .text.u8g2_m_16_16_f:00000000 u8g2_m_16_16_f
     /tmp/ccynqwCP.s:707    .text.u8g2_m_16_16_f:00000008 $d
     /tmp/ccynqwCP.s:4927   .bss.buf.108:00000000 buf.108
     /tmp/ccynqwCP.s:712    .text.u8g2_m_20_20_1:00000000 $t
     /tmp/ccynqwCP.s:718    .text.u8g2_m_20_20_1:00000000 u8g2_m_20_20_1
     /tmp/ccynqwCP.s:740    .text.u8g2_m_20_20_1:00000008 $d
     /tmp/ccynqwCP.s:4921   .bss.buf.107:00000000 buf.107
     /tmp/ccynqwCP.s:745    .text.u8g2_m_20_20_2:00000000 $t
     /tmp/ccynqwCP.s:751    .text.u8g2_m_20_20_2:00000000 u8g2_m_20_20_2
     /tmp/ccynqwCP.s:773    .text.u8g2_m_20_20_2:00000008 $d
     /tmp/ccynqwCP.s:4915   .bss.buf.106:00000000 buf.106
     /tmp/ccynqwCP.s:778    .text.u8g2_m_20_20_f:00000000 $t
     /tmp/ccynqwCP.s:784    .text.u8g2_m_20_20_f:00000000 u8g2_m_20_20_f
     /tmp/ccynqwCP.s:806    .text.u8g2_m_20_20_f:00000008 $d
     /tmp/ccynqwCP.s:4909   .bss.buf.105:00000000 buf.105
     /tmp/ccynqwCP.s:811    .text.u8g2_m_32_8_1:00000000 $t
     /tmp/ccynqwCP.s:817    .text.u8g2_m_32_8_1:00000000 u8g2_m_32_8_1
     /tmp/ccynqwCP.s:839    .text.u8g2_m_32_8_1:00000008 $d
     /tmp/ccynqwCP.s:4903   .bss.buf.104:00000000 buf.104
     /tmp/ccynqwCP.s:844    .text.u8g2_m_32_8_2:00000000 $t
     /tmp/ccynqwCP.s:850    .text.u8g2_m_32_8_2:00000000 u8g2_m_32_8_2
     /tmp/ccynqwCP.s:872    .text.u8g2_m_32_8_2:00000008 $d
     /tmp/ccynqwCP.s:4897   .bss.buf.103:00000000 buf.103
     /tmp/ccynqwCP.s:877    .text.u8g2_m_32_8_f:00000000 $t
     /tmp/ccynqwCP.s:883    .text.u8g2_m_32_8_f:00000000 u8g2_m_32_8_f
     /tmp/ccynqwCP.s:905    .text.u8g2_m_32_8_f:00000008 $d
     /tmp/ccynqwCP.s:4891   .bss.buf.102:00000000 buf.102
     /tmp/ccynqwCP.s:910    .text.u8g2_m_8_6_1:00000000 $t
     /tmp/ccynqwCP.s:916    .text.u8g2_m_8_6_1:00000000 u8g2_m_8_6_1
     /tmp/ccynqwCP.s:938    .text.u8g2_m_8_6_1:00000008 $d
     /tmp/ccynqwCP.s:4885   .bss.buf.101:00000000 buf.101
ARM GAS  /tmp/ccynqwCP.s 			page 106


     /tmp/ccynqwCP.s:943    .text.u8g2_m_8_6_2:00000000 $t
     /tmp/ccynqwCP.s:949    .text.u8g2_m_8_6_2:00000000 u8g2_m_8_6_2
     /tmp/ccynqwCP.s:971    .text.u8g2_m_8_6_2:00000008 $d
     /tmp/ccynqwCP.s:4879   .bss.buf.100:00000000 buf.100
     /tmp/ccynqwCP.s:976    .text.u8g2_m_8_6_f:00000000 $t
     /tmp/ccynqwCP.s:982    .text.u8g2_m_8_6_f:00000000 u8g2_m_8_6_f
     /tmp/ccynqwCP.s:1004   .text.u8g2_m_8_6_f:00000008 $d
     /tmp/ccynqwCP.s:4873   .bss.buf.99:00000000 buf.99
     /tmp/ccynqwCP.s:1009   .text.u8g2_m_6_8_1:00000000 $t
     /tmp/ccynqwCP.s:1015   .text.u8g2_m_6_8_1:00000000 u8g2_m_6_8_1
     /tmp/ccynqwCP.s:1037   .text.u8g2_m_6_8_1:00000008 $d
     /tmp/ccynqwCP.s:4867   .bss.buf.98:00000000 buf.98
     /tmp/ccynqwCP.s:1042   .text.u8g2_m_6_8_2:00000000 $t
     /tmp/ccynqwCP.s:1048   .text.u8g2_m_6_8_2:00000000 u8g2_m_6_8_2
     /tmp/ccynqwCP.s:1070   .text.u8g2_m_6_8_2:00000008 $d
     /tmp/ccynqwCP.s:4861   .bss.buf.97:00000000 buf.97
     /tmp/ccynqwCP.s:1075   .text.u8g2_m_6_8_f:00000000 $t
     /tmp/ccynqwCP.s:1081   .text.u8g2_m_6_8_f:00000000 u8g2_m_6_8_f
     /tmp/ccynqwCP.s:1103   .text.u8g2_m_6_8_f:00000008 $d
     /tmp/ccynqwCP.s:4855   .bss.buf.96:00000000 buf.96
     /tmp/ccynqwCP.s:1108   .text.u8g2_m_12_2_1:00000000 $t
     /tmp/ccynqwCP.s:1114   .text.u8g2_m_12_2_1:00000000 u8g2_m_12_2_1
     /tmp/ccynqwCP.s:1136   .text.u8g2_m_12_2_1:00000008 $d
     /tmp/ccynqwCP.s:4849   .bss.buf.95:00000000 buf.95
     /tmp/ccynqwCP.s:1141   .text.u8g2_m_12_2_2:00000000 $t
     /tmp/ccynqwCP.s:1147   .text.u8g2_m_12_2_2:00000000 u8g2_m_12_2_2
     /tmp/ccynqwCP.s:1169   .text.u8g2_m_12_2_2:00000008 $d
     /tmp/ccynqwCP.s:4843   .bss.buf.94:00000000 buf.94
     /tmp/ccynqwCP.s:1174   .text.u8g2_m_12_2_f:00000000 $t
     /tmp/ccynqwCP.s:1180   .text.u8g2_m_12_2_f:00000000 u8g2_m_12_2_f
     /tmp/ccynqwCP.s:1202   .text.u8g2_m_12_2_f:00000008 $d
     /tmp/ccynqwCP.s:4837   .bss.buf.93:00000000 buf.93
     /tmp/ccynqwCP.s:1207   .text.u8g2_m_16_12_1:00000000 $t
     /tmp/ccynqwCP.s:1213   .text.u8g2_m_16_12_1:00000000 u8g2_m_16_12_1
     /tmp/ccynqwCP.s:1235   .text.u8g2_m_16_12_1:00000008 $d
     /tmp/ccynqwCP.s:4831   .bss.buf.92:00000000 buf.92
     /tmp/ccynqwCP.s:1240   .text.u8g2_m_16_12_2:00000000 $t
     /tmp/ccynqwCP.s:1246   .text.u8g2_m_16_12_2:00000000 u8g2_m_16_12_2
     /tmp/ccynqwCP.s:1268   .text.u8g2_m_16_12_2:00000008 $d
     /tmp/ccynqwCP.s:4825   .bss.buf.91:00000000 buf.91
     /tmp/ccynqwCP.s:1273   .text.u8g2_m_16_12_f:00000000 $t
     /tmp/ccynqwCP.s:1279   .text.u8g2_m_16_12_f:00000000 u8g2_m_16_12_f
     /tmp/ccynqwCP.s:1301   .text.u8g2_m_16_12_f:00000008 $d
     /tmp/ccynqwCP.s:4819   .bss.buf.90:00000000 buf.90
     /tmp/ccynqwCP.s:1306   .text.u8g2_m_32_4_1:00000000 $t
     /tmp/ccynqwCP.s:1312   .text.u8g2_m_32_4_1:00000000 u8g2_m_32_4_1
     /tmp/ccynqwCP.s:1334   .text.u8g2_m_32_4_1:00000008 $d
     /tmp/ccynqwCP.s:4813   .bss.buf.89:00000000 buf.89
     /tmp/ccynqwCP.s:1339   .text.u8g2_m_32_4_2:00000000 $t
     /tmp/ccynqwCP.s:1345   .text.u8g2_m_32_4_2:00000000 u8g2_m_32_4_2
     /tmp/ccynqwCP.s:1367   .text.u8g2_m_32_4_2:00000008 $d
     /tmp/ccynqwCP.s:4807   .bss.buf.88:00000000 buf.88
     /tmp/ccynqwCP.s:1372   .text.u8g2_m_32_4_f:00000000 $t
     /tmp/ccynqwCP.s:1378   .text.u8g2_m_32_4_f:00000000 u8g2_m_32_4_f
     /tmp/ccynqwCP.s:1400   .text.u8g2_m_32_4_f:00000008 $d
     /tmp/ccynqwCP.s:4801   .bss.buf.87:00000000 buf.87
     /tmp/ccynqwCP.s:1405   .text.u8g2_m_24_4_1:00000000 $t
ARM GAS  /tmp/ccynqwCP.s 			page 107


     /tmp/ccynqwCP.s:1411   .text.u8g2_m_24_4_1:00000000 u8g2_m_24_4_1
     /tmp/ccynqwCP.s:1433   .text.u8g2_m_24_4_1:00000008 $d
     /tmp/ccynqwCP.s:4795   .bss.buf.86:00000000 buf.86
     /tmp/ccynqwCP.s:1438   .text.u8g2_m_24_4_2:00000000 $t
     /tmp/ccynqwCP.s:1444   .text.u8g2_m_24_4_2:00000000 u8g2_m_24_4_2
     /tmp/ccynqwCP.s:1466   .text.u8g2_m_24_4_2:00000008 $d
     /tmp/ccynqwCP.s:4789   .bss.buf.85:00000000 buf.85
     /tmp/ccynqwCP.s:1471   .text.u8g2_m_24_4_f:00000000 $t
     /tmp/ccynqwCP.s:1477   .text.u8g2_m_24_4_f:00000000 u8g2_m_24_4_f
     /tmp/ccynqwCP.s:1499   .text.u8g2_m_24_4_f:00000008 $d
     /tmp/ccynqwCP.s:4783   .bss.buf.84:00000000 buf.84
     /tmp/ccynqwCP.s:1504   .text.u8g2_m_50_30_1:00000000 $t
     /tmp/ccynqwCP.s:1510   .text.u8g2_m_50_30_1:00000000 u8g2_m_50_30_1
     /tmp/ccynqwCP.s:1532   .text.u8g2_m_50_30_1:00000008 $d
     /tmp/ccynqwCP.s:4777   .bss.buf.83:00000000 buf.83
     /tmp/ccynqwCP.s:1537   .text.u8g2_m_50_30_2:00000000 $t
     /tmp/ccynqwCP.s:1543   .text.u8g2_m_50_30_2:00000000 u8g2_m_50_30_2
     /tmp/ccynqwCP.s:1565   .text.u8g2_m_50_30_2:00000008 $d
     /tmp/ccynqwCP.s:4771   .bss.buf.82:00000000 buf.82
     /tmp/ccynqwCP.s:1570   .text.u8g2_m_50_30_f:00000000 $t
     /tmp/ccynqwCP.s:1576   .text.u8g2_m_50_30_f:00000000 u8g2_m_50_30_f
     /tmp/ccynqwCP.s:1598   .text.u8g2_m_50_30_f:00000008 $d
     /tmp/ccynqwCP.s:4765   .bss.buf.81:00000000 buf.81
     /tmp/ccynqwCP.s:1603   .text.u8g2_m_18_21_1:00000000 $t
     /tmp/ccynqwCP.s:1609   .text.u8g2_m_18_21_1:00000000 u8g2_m_18_21_1
     /tmp/ccynqwCP.s:1631   .text.u8g2_m_18_21_1:00000008 $d
     /tmp/ccynqwCP.s:4759   .bss.buf.80:00000000 buf.80
     /tmp/ccynqwCP.s:1636   .text.u8g2_m_18_21_2:00000000 $t
     /tmp/ccynqwCP.s:1642   .text.u8g2_m_18_21_2:00000000 u8g2_m_18_21_2
     /tmp/ccynqwCP.s:1664   .text.u8g2_m_18_21_2:00000008 $d
     /tmp/ccynqwCP.s:4753   .bss.buf.79:00000000 buf.79
     /tmp/ccynqwCP.s:1669   .text.u8g2_m_18_21_f:00000000 $t
     /tmp/ccynqwCP.s:1675   .text.u8g2_m_18_21_f:00000000 u8g2_m_18_21_f
     /tmp/ccynqwCP.s:1697   .text.u8g2_m_18_21_f:00000008 $d
     /tmp/ccynqwCP.s:4747   .bss.buf.78:00000000 buf.78
     /tmp/ccynqwCP.s:1702   .text.u8g2_m_13_8_1:00000000 $t
     /tmp/ccynqwCP.s:1708   .text.u8g2_m_13_8_1:00000000 u8g2_m_13_8_1
     /tmp/ccynqwCP.s:1730   .text.u8g2_m_13_8_1:00000008 $d
     /tmp/ccynqwCP.s:4741   .bss.buf.77:00000000 buf.77
     /tmp/ccynqwCP.s:1735   .text.u8g2_m_13_8_2:00000000 $t
     /tmp/ccynqwCP.s:1741   .text.u8g2_m_13_8_2:00000000 u8g2_m_13_8_2
     /tmp/ccynqwCP.s:1763   .text.u8g2_m_13_8_2:00000008 $d
     /tmp/ccynqwCP.s:4735   .bss.buf.76:00000000 buf.76
     /tmp/ccynqwCP.s:1768   .text.u8g2_m_13_8_f:00000000 $t
     /tmp/ccynqwCP.s:1774   .text.u8g2_m_13_8_f:00000000 u8g2_m_13_8_f
     /tmp/ccynqwCP.s:1796   .text.u8g2_m_13_8_f:00000008 $d
     /tmp/ccynqwCP.s:4729   .bss.buf.75:00000000 buf.75
     /tmp/ccynqwCP.s:1801   .text.u8g2_m_11_6_1:00000000 $t
     /tmp/ccynqwCP.s:1807   .text.u8g2_m_11_6_1:00000000 u8g2_m_11_6_1
     /tmp/ccynqwCP.s:1829   .text.u8g2_m_11_6_1:00000008 $d
     /tmp/ccynqwCP.s:4723   .bss.buf.74:00000000 buf.74
     /tmp/ccynqwCP.s:1834   .text.u8g2_m_11_6_2:00000000 $t
     /tmp/ccynqwCP.s:1840   .text.u8g2_m_11_6_2:00000000 u8g2_m_11_6_2
     /tmp/ccynqwCP.s:1862   .text.u8g2_m_11_6_2:00000008 $d
     /tmp/ccynqwCP.s:4717   .bss.buf.73:00000000 buf.73
     /tmp/ccynqwCP.s:1867   .text.u8g2_m_11_6_f:00000000 $t
     /tmp/ccynqwCP.s:1873   .text.u8g2_m_11_6_f:00000000 u8g2_m_11_6_f
ARM GAS  /tmp/ccynqwCP.s 			page 108


     /tmp/ccynqwCP.s:1895   .text.u8g2_m_11_6_f:00000008 $d
     /tmp/ccynqwCP.s:4711   .bss.buf.72:00000000 buf.72
     /tmp/ccynqwCP.s:1900   .text.u8g2_m_12_9_1:00000000 $t
     /tmp/ccynqwCP.s:1906   .text.u8g2_m_12_9_1:00000000 u8g2_m_12_9_1
     /tmp/ccynqwCP.s:1928   .text.u8g2_m_12_9_1:00000008 $d
     /tmp/ccynqwCP.s:4705   .bss.buf.71:00000000 buf.71
     /tmp/ccynqwCP.s:1933   .text.u8g2_m_12_9_2:00000000 $t
     /tmp/ccynqwCP.s:1939   .text.u8g2_m_12_9_2:00000000 u8g2_m_12_9_2
     /tmp/ccynqwCP.s:1961   .text.u8g2_m_12_9_2:00000008 $d
     /tmp/ccynqwCP.s:4699   .bss.buf.70:00000000 buf.70
     /tmp/ccynqwCP.s:1966   .text.u8g2_m_12_9_f:00000000 $t
     /tmp/ccynqwCP.s:1972   .text.u8g2_m_12_9_f:00000000 u8g2_m_12_9_f
     /tmp/ccynqwCP.s:1994   .text.u8g2_m_12_9_f:00000008 $d
     /tmp/ccynqwCP.s:4693   .bss.buf.69:00000000 buf.69
     /tmp/ccynqwCP.s:1999   .text.u8g2_m_24_8_1:00000000 $t
     /tmp/ccynqwCP.s:2005   .text.u8g2_m_24_8_1:00000000 u8g2_m_24_8_1
     /tmp/ccynqwCP.s:2027   .text.u8g2_m_24_8_1:00000008 $d
     /tmp/ccynqwCP.s:4687   .bss.buf.68:00000000 buf.68
     /tmp/ccynqwCP.s:2032   .text.u8g2_m_24_8_2:00000000 $t
     /tmp/ccynqwCP.s:2038   .text.u8g2_m_24_8_2:00000000 u8g2_m_24_8_2
     /tmp/ccynqwCP.s:2060   .text.u8g2_m_24_8_2:00000008 $d
     /tmp/ccynqwCP.s:4681   .bss.buf.67:00000000 buf.67
     /tmp/ccynqwCP.s:2065   .text.u8g2_m_24_8_f:00000000 $t
     /tmp/ccynqwCP.s:2071   .text.u8g2_m_24_8_f:00000000 u8g2_m_24_8_f
     /tmp/ccynqwCP.s:2093   .text.u8g2_m_24_8_f:00000008 $d
     /tmp/ccynqwCP.s:4675   .bss.buf.66:00000000 buf.66
     /tmp/ccynqwCP.s:2098   .text.u8g2_m_30_8_1:00000000 $t
     /tmp/ccynqwCP.s:2104   .text.u8g2_m_30_8_1:00000000 u8g2_m_30_8_1
     /tmp/ccynqwCP.s:2126   .text.u8g2_m_30_8_1:00000008 $d
     /tmp/ccynqwCP.s:4669   .bss.buf.65:00000000 buf.65
     /tmp/ccynqwCP.s:2131   .text.u8g2_m_30_8_2:00000000 $t
     /tmp/ccynqwCP.s:2137   .text.u8g2_m_30_8_2:00000000 u8g2_m_30_8_2
     /tmp/ccynqwCP.s:2159   .text.u8g2_m_30_8_2:00000008 $d
     /tmp/ccynqwCP.s:4663   .bss.buf.64:00000000 buf.64
     /tmp/ccynqwCP.s:2164   .text.u8g2_m_30_8_f:00000000 $t
     /tmp/ccynqwCP.s:2170   .text.u8g2_m_30_8_f:00000000 u8g2_m_30_8_f
     /tmp/ccynqwCP.s:2192   .text.u8g2_m_30_8_f:00000008 $d
     /tmp/ccynqwCP.s:4657   .bss.buf.63:00000000 buf.63
     /tmp/ccynqwCP.s:2197   .text.u8g2_m_30_15_1:00000000 $t
     /tmp/ccynqwCP.s:2203   .text.u8g2_m_30_15_1:00000000 u8g2_m_30_15_1
     /tmp/ccynqwCP.s:2225   .text.u8g2_m_30_15_1:00000008 $d
     /tmp/ccynqwCP.s:4651   .bss.buf.62:00000000 buf.62
     /tmp/ccynqwCP.s:2230   .text.u8g2_m_30_15_2:00000000 $t
     /tmp/ccynqwCP.s:2236   .text.u8g2_m_30_15_2:00000000 u8g2_m_30_15_2
     /tmp/ccynqwCP.s:2258   .text.u8g2_m_30_15_2:00000008 $d
     /tmp/ccynqwCP.s:4645   .bss.buf.61:00000000 buf.61
     /tmp/ccynqwCP.s:2263   .text.u8g2_m_30_15_f:00000000 $t
     /tmp/ccynqwCP.s:2269   .text.u8g2_m_30_15_f:00000000 u8g2_m_30_15_f
     /tmp/ccynqwCP.s:2291   .text.u8g2_m_30_15_f:00000008 $d
     /tmp/ccynqwCP.s:4639   .bss.buf.60:00000000 buf.60
     /tmp/ccynqwCP.s:2296   .text.u8g2_m_30_16_1:00000000 $t
     /tmp/ccynqwCP.s:2302   .text.u8g2_m_30_16_1:00000000 u8g2_m_30_16_1
     /tmp/ccynqwCP.s:2324   .text.u8g2_m_30_16_1:00000008 $d
     /tmp/ccynqwCP.s:4633   .bss.buf.59:00000000 buf.59
     /tmp/ccynqwCP.s:2329   .text.u8g2_m_30_16_2:00000000 $t
     /tmp/ccynqwCP.s:2335   .text.u8g2_m_30_16_2:00000000 u8g2_m_30_16_2
     /tmp/ccynqwCP.s:2357   .text.u8g2_m_30_16_2:00000008 $d
ARM GAS  /tmp/ccynqwCP.s 			page 109


     /tmp/ccynqwCP.s:4627   .bss.buf.58:00000000 buf.58
     /tmp/ccynqwCP.s:2362   .text.u8g2_m_30_16_f:00000000 $t
     /tmp/ccynqwCP.s:2368   .text.u8g2_m_30_16_f:00000000 u8g2_m_30_16_f
     /tmp/ccynqwCP.s:2390   .text.u8g2_m_30_16_f:00000008 $d
     /tmp/ccynqwCP.s:4621   .bss.buf.57:00000000 buf.57
     /tmp/ccynqwCP.s:2395   .text.u8g2_m_20_16_1:00000000 $t
     /tmp/ccynqwCP.s:2401   .text.u8g2_m_20_16_1:00000000 u8g2_m_20_16_1
     /tmp/ccynqwCP.s:2423   .text.u8g2_m_20_16_1:00000008 $d
     /tmp/ccynqwCP.s:4615   .bss.buf.56:00000000 buf.56
     /tmp/ccynqwCP.s:2428   .text.u8g2_m_20_16_2:00000000 $t
     /tmp/ccynqwCP.s:2434   .text.u8g2_m_20_16_2:00000000 u8g2_m_20_16_2
     /tmp/ccynqwCP.s:2456   .text.u8g2_m_20_16_2:00000008 $d
     /tmp/ccynqwCP.s:4609   .bss.buf.55:00000000 buf.55
     /tmp/ccynqwCP.s:2461   .text.u8g2_m_20_16_f:00000000 $t
     /tmp/ccynqwCP.s:2467   .text.u8g2_m_20_16_f:00000000 u8g2_m_20_16_f
     /tmp/ccynqwCP.s:2489   .text.u8g2_m_20_16_f:00000008 $d
     /tmp/ccynqwCP.s:4603   .bss.buf.54:00000000 buf.54
     /tmp/ccynqwCP.s:2494   .text.u8g2_m_20_13_1:00000000 $t
     /tmp/ccynqwCP.s:2500   .text.u8g2_m_20_13_1:00000000 u8g2_m_20_13_1
     /tmp/ccynqwCP.s:2522   .text.u8g2_m_20_13_1:00000008 $d
     /tmp/ccynqwCP.s:4597   .bss.buf.53:00000000 buf.53
     /tmp/ccynqwCP.s:2527   .text.u8g2_m_20_13_2:00000000 $t
     /tmp/ccynqwCP.s:2533   .text.u8g2_m_20_13_2:00000000 u8g2_m_20_13_2
     /tmp/ccynqwCP.s:2555   .text.u8g2_m_20_13_2:00000008 $d
     /tmp/ccynqwCP.s:4591   .bss.buf.52:00000000 buf.52
     /tmp/ccynqwCP.s:2560   .text.u8g2_m_20_13_f:00000000 $t
     /tmp/ccynqwCP.s:2566   .text.u8g2_m_20_13_f:00000000 u8g2_m_20_13_f
     /tmp/ccynqwCP.s:2588   .text.u8g2_m_20_13_f:00000008 $d
     /tmp/ccynqwCP.s:4585   .bss.buf.51:00000000 buf.51
     /tmp/ccynqwCP.s:2593   .text.u8g2_m_30_20_1:00000000 $t
     /tmp/ccynqwCP.s:2599   .text.u8g2_m_30_20_1:00000000 u8g2_m_30_20_1
     /tmp/ccynqwCP.s:2621   .text.u8g2_m_30_20_1:00000008 $d
     /tmp/ccynqwCP.s:4579   .bss.buf.50:00000000 buf.50
     /tmp/ccynqwCP.s:2626   .text.u8g2_m_30_20_2:00000000 $t
     /tmp/ccynqwCP.s:2632   .text.u8g2_m_30_20_2:00000000 u8g2_m_30_20_2
     /tmp/ccynqwCP.s:2654   .text.u8g2_m_30_20_2:00000008 $d
     /tmp/ccynqwCP.s:4573   .bss.buf.49:00000000 buf.49
     /tmp/ccynqwCP.s:2659   .text.u8g2_m_30_20_f:00000000 $t
     /tmp/ccynqwCP.s:2665   .text.u8g2_m_30_20_f:00000000 u8g2_m_30_20_f
     /tmp/ccynqwCP.s:2687   .text.u8g2_m_30_20_f:00000008 $d
     /tmp/ccynqwCP.s:4567   .bss.buf.48:00000000 buf.48
     /tmp/ccynqwCP.s:2692   .text.u8g2_m_17_4_1:00000000 $t
     /tmp/ccynqwCP.s:2698   .text.u8g2_m_17_4_1:00000000 u8g2_m_17_4_1
     /tmp/ccynqwCP.s:2720   .text.u8g2_m_17_4_1:00000008 $d
     /tmp/ccynqwCP.s:4561   .bss.buf.47:00000000 buf.47
     /tmp/ccynqwCP.s:2725   .text.u8g2_m_17_4_2:00000000 $t
     /tmp/ccynqwCP.s:2731   .text.u8g2_m_17_4_2:00000000 u8g2_m_17_4_2
     /tmp/ccynqwCP.s:2753   .text.u8g2_m_17_4_2:00000008 $d
     /tmp/ccynqwCP.s:4555   .bss.buf.46:00000000 buf.46
     /tmp/ccynqwCP.s:2758   .text.u8g2_m_17_4_f:00000000 $t
     /tmp/ccynqwCP.s:2764   .text.u8g2_m_17_4_f:00000000 u8g2_m_17_4_f
     /tmp/ccynqwCP.s:2786   .text.u8g2_m_17_4_f:00000008 $d
     /tmp/ccynqwCP.s:4549   .bss.buf.45:00000000 buf.45
     /tmp/ccynqwCP.s:2791   .text.u8g2_m_17_8_1:00000000 $t
     /tmp/ccynqwCP.s:2797   .text.u8g2_m_17_8_1:00000000 u8g2_m_17_8_1
     /tmp/ccynqwCP.s:2819   .text.u8g2_m_17_8_1:00000008 $d
     /tmp/ccynqwCP.s:4543   .bss.buf.44:00000000 buf.44
ARM GAS  /tmp/ccynqwCP.s 			page 110


     /tmp/ccynqwCP.s:2824   .text.u8g2_m_17_8_2:00000000 $t
     /tmp/ccynqwCP.s:2830   .text.u8g2_m_17_8_2:00000000 u8g2_m_17_8_2
     /tmp/ccynqwCP.s:2852   .text.u8g2_m_17_8_2:00000008 $d
     /tmp/ccynqwCP.s:4537   .bss.buf.43:00000000 buf.43
     /tmp/ccynqwCP.s:2857   .text.u8g2_m_17_8_f:00000000 $t
     /tmp/ccynqwCP.s:2863   .text.u8g2_m_17_8_f:00000000 u8g2_m_17_8_f
     /tmp/ccynqwCP.s:2885   .text.u8g2_m_17_8_f:00000008 $d
     /tmp/ccynqwCP.s:4531   .bss.buf.42:00000000 buf.42
     /tmp/ccynqwCP.s:2890   .text.u8g2_m_48_17_1:00000000 $t
     /tmp/ccynqwCP.s:2896   .text.u8g2_m_48_17_1:00000000 u8g2_m_48_17_1
     /tmp/ccynqwCP.s:2918   .text.u8g2_m_48_17_1:00000008 $d
     /tmp/ccynqwCP.s:4525   .bss.buf.41:00000000 buf.41
     /tmp/ccynqwCP.s:2923   .text.u8g2_m_48_17_2:00000000 $t
     /tmp/ccynqwCP.s:2929   .text.u8g2_m_48_17_2:00000000 u8g2_m_48_17_2
     /tmp/ccynqwCP.s:2951   .text.u8g2_m_48_17_2:00000008 $d
     /tmp/ccynqwCP.s:4519   .bss.buf.40:00000000 buf.40
     /tmp/ccynqwCP.s:2956   .text.u8g2_m_48_17_f:00000000 $t
     /tmp/ccynqwCP.s:2962   .text.u8g2_m_48_17_f:00000000 u8g2_m_48_17_f
     /tmp/ccynqwCP.s:2984   .text.u8g2_m_48_17_f:00000008 $d
     /tmp/ccynqwCP.s:4513   .bss.buf.39:00000000 buf.39
     /tmp/ccynqwCP.s:2989   .text.u8g2_m_32_16_1:00000000 $t
     /tmp/ccynqwCP.s:2995   .text.u8g2_m_32_16_1:00000000 u8g2_m_32_16_1
     /tmp/ccynqwCP.s:3017   .text.u8g2_m_32_16_1:00000008 $d
     /tmp/ccynqwCP.s:4507   .bss.buf.38:00000000 buf.38
     /tmp/ccynqwCP.s:3022   .text.u8g2_m_32_16_2:00000000 $t
     /tmp/ccynqwCP.s:3028   .text.u8g2_m_32_16_2:00000000 u8g2_m_32_16_2
     /tmp/ccynqwCP.s:3050   .text.u8g2_m_32_16_2:00000008 $d
     /tmp/ccynqwCP.s:4501   .bss.buf.37:00000000 buf.37
     /tmp/ccynqwCP.s:3055   .text.u8g2_m_32_16_f:00000000 $t
     /tmp/ccynqwCP.s:3061   .text.u8g2_m_32_16_f:00000000 u8g2_m_32_16_f
     /tmp/ccynqwCP.s:3083   .text.u8g2_m_32_16_f:00000008 $d
     /tmp/ccynqwCP.s:4495   .bss.buf.36:00000000 buf.36
     /tmp/ccynqwCP.s:3088   .text.u8g2_m_32_20_1:00000000 $t
     /tmp/ccynqwCP.s:3094   .text.u8g2_m_32_20_1:00000000 u8g2_m_32_20_1
     /tmp/ccynqwCP.s:3116   .text.u8g2_m_32_20_1:00000008 $d
     /tmp/ccynqwCP.s:4489   .bss.buf.35:00000000 buf.35
     /tmp/ccynqwCP.s:3121   .text.u8g2_m_32_20_2:00000000 $t
     /tmp/ccynqwCP.s:3127   .text.u8g2_m_32_20_2:00000000 u8g2_m_32_20_2
     /tmp/ccynqwCP.s:3149   .text.u8g2_m_32_20_2:00000008 $d
     /tmp/ccynqwCP.s:4483   .bss.buf.34:00000000 buf.34
     /tmp/ccynqwCP.s:3154   .text.u8g2_m_32_20_f:00000000 $t
     /tmp/ccynqwCP.s:3160   .text.u8g2_m_32_20_f:00000000 u8g2_m_32_20_f
     /tmp/ccynqwCP.s:3182   .text.u8g2_m_32_20_f:00000008 $d
     /tmp/ccynqwCP.s:4477   .bss.buf.33:00000000 buf.33
     /tmp/ccynqwCP.s:3187   .text.u8g2_m_22_13_1:00000000 $t
     /tmp/ccynqwCP.s:3193   .text.u8g2_m_22_13_1:00000000 u8g2_m_22_13_1
     /tmp/ccynqwCP.s:3215   .text.u8g2_m_22_13_1:00000008 $d
     /tmp/ccynqwCP.s:4471   .bss.buf.32:00000000 buf.32
     /tmp/ccynqwCP.s:3220   .text.u8g2_m_22_13_2:00000000 $t
     /tmp/ccynqwCP.s:3226   .text.u8g2_m_22_13_2:00000000 u8g2_m_22_13_2
     /tmp/ccynqwCP.s:3248   .text.u8g2_m_22_13_2:00000008 $d
     /tmp/ccynqwCP.s:4465   .bss.buf.31:00000000 buf.31
     /tmp/ccynqwCP.s:3253   .text.u8g2_m_22_13_f:00000000 $t
     /tmp/ccynqwCP.s:3259   .text.u8g2_m_22_13_f:00000000 u8g2_m_22_13_f
     /tmp/ccynqwCP.s:3281   .text.u8g2_m_22_13_f:00000008 $d
     /tmp/ccynqwCP.s:4459   .bss.buf.30:00000000 buf.30
     /tmp/ccynqwCP.s:3286   .text.u8g2_m_24_12_1:00000000 $t
ARM GAS  /tmp/ccynqwCP.s 			page 111


     /tmp/ccynqwCP.s:3292   .text.u8g2_m_24_12_1:00000000 u8g2_m_24_12_1
     /tmp/ccynqwCP.s:3314   .text.u8g2_m_24_12_1:00000008 $d
     /tmp/ccynqwCP.s:4453   .bss.buf.29:00000000 buf.29
     /tmp/ccynqwCP.s:3319   .text.u8g2_m_24_12_2:00000000 $t
     /tmp/ccynqwCP.s:3325   .text.u8g2_m_24_12_2:00000000 u8g2_m_24_12_2
     /tmp/ccynqwCP.s:3347   .text.u8g2_m_24_12_2:00000008 $d
     /tmp/ccynqwCP.s:4447   .bss.buf.28:00000000 buf.28
     /tmp/ccynqwCP.s:3352   .text.u8g2_m_24_12_f:00000000 $t
     /tmp/ccynqwCP.s:3358   .text.u8g2_m_24_12_f:00000000 u8g2_m_24_12_f
     /tmp/ccynqwCP.s:3380   .text.u8g2_m_24_12_f:00000008 $d
     /tmp/ccynqwCP.s:4441   .bss.buf.27:00000000 buf.27
     /tmp/ccynqwCP.s:3385   .text.u8g2_m_20_10_1:00000000 $t
     /tmp/ccynqwCP.s:3391   .text.u8g2_m_20_10_1:00000000 u8g2_m_20_10_1
     /tmp/ccynqwCP.s:3413   .text.u8g2_m_20_10_1:00000008 $d
     /tmp/ccynqwCP.s:4435   .bss.buf.26:00000000 buf.26
     /tmp/ccynqwCP.s:3418   .text.u8g2_m_20_10_2:00000000 $t
     /tmp/ccynqwCP.s:3424   .text.u8g2_m_20_10_2:00000000 u8g2_m_20_10_2
     /tmp/ccynqwCP.s:3446   .text.u8g2_m_20_10_2:00000008 $d
     /tmp/ccynqwCP.s:4429   .bss.buf.25:00000000 buf.25
     /tmp/ccynqwCP.s:3451   .text.u8g2_m_20_10_f:00000000 $t
     /tmp/ccynqwCP.s:3457   .text.u8g2_m_20_10_f:00000000 u8g2_m_20_10_f
     /tmp/ccynqwCP.s:3479   .text.u8g2_m_20_10_f:00000008 $d
     /tmp/ccynqwCP.s:4423   .bss.buf.24:00000000 buf.24
     /tmp/ccynqwCP.s:3484   .text.u8g2_m_22_9_1:00000000 $t
     /tmp/ccynqwCP.s:3490   .text.u8g2_m_22_9_1:00000000 u8g2_m_22_9_1
     /tmp/ccynqwCP.s:3512   .text.u8g2_m_22_9_1:00000008 $d
     /tmp/ccynqwCP.s:4417   .bss.buf.23:00000000 buf.23
     /tmp/ccynqwCP.s:3517   .text.u8g2_m_22_9_2:00000000 $t
     /tmp/ccynqwCP.s:3523   .text.u8g2_m_22_9_2:00000000 u8g2_m_22_9_2
     /tmp/ccynqwCP.s:3545   .text.u8g2_m_22_9_2:00000008 $d
     /tmp/ccynqwCP.s:4411   .bss.buf.22:00000000 buf.22
     /tmp/ccynqwCP.s:3550   .text.u8g2_m_22_9_f:00000000 $t
     /tmp/ccynqwCP.s:3556   .text.u8g2_m_22_9_f:00000000 u8g2_m_22_9_f
     /tmp/ccynqwCP.s:3578   .text.u8g2_m_22_9_f:00000008 $d
     /tmp/ccynqwCP.s:4405   .bss.buf.21:00000000 buf.21
     /tmp/ccynqwCP.s:3583   .text.u8g2_m_25_25_1:00000000 $t
     /tmp/ccynqwCP.s:3589   .text.u8g2_m_25_25_1:00000000 u8g2_m_25_25_1
     /tmp/ccynqwCP.s:3611   .text.u8g2_m_25_25_1:00000008 $d
     /tmp/ccynqwCP.s:4399   .bss.buf.20:00000000 buf.20
     /tmp/ccynqwCP.s:3616   .text.u8g2_m_25_25_2:00000000 $t
     /tmp/ccynqwCP.s:3622   .text.u8g2_m_25_25_2:00000000 u8g2_m_25_25_2
     /tmp/ccynqwCP.s:3644   .text.u8g2_m_25_25_2:00000008 $d
     /tmp/ccynqwCP.s:4393   .bss.buf.19:00000000 buf.19
     /tmp/ccynqwCP.s:3649   .text.u8g2_m_25_25_f:00000000 $t
     /tmp/ccynqwCP.s:3655   .text.u8g2_m_25_25_f:00000000 u8g2_m_25_25_f
     /tmp/ccynqwCP.s:3677   .text.u8g2_m_25_25_f:00000008 $d
     /tmp/ccynqwCP.s:4387   .bss.buf.18:00000000 buf.18
     /tmp/ccynqwCP.s:3682   .text.u8g2_m_37_16_1:00000000 $t
     /tmp/ccynqwCP.s:3688   .text.u8g2_m_37_16_1:00000000 u8g2_m_37_16_1
     /tmp/ccynqwCP.s:3710   .text.u8g2_m_37_16_1:00000008 $d
     /tmp/ccynqwCP.s:4381   .bss.buf.17:00000000 buf.17
     /tmp/ccynqwCP.s:3715   .text.u8g2_m_37_16_2:00000000 $t
     /tmp/ccynqwCP.s:3721   .text.u8g2_m_37_16_2:00000000 u8g2_m_37_16_2
     /tmp/ccynqwCP.s:3743   .text.u8g2_m_37_16_2:00000008 $d
     /tmp/ccynqwCP.s:4375   .bss.buf.16:00000000 buf.16
     /tmp/ccynqwCP.s:3748   .text.u8g2_m_37_16_f:00000000 $t
     /tmp/ccynqwCP.s:3754   .text.u8g2_m_37_16_f:00000000 u8g2_m_37_16_f
ARM GAS  /tmp/ccynqwCP.s 			page 112


     /tmp/ccynqwCP.s:3776   .text.u8g2_m_37_16_f:00000008 $d
     /tmp/ccynqwCP.s:4369   .bss.buf.15:00000000 buf.15
     /tmp/ccynqwCP.s:3781   .text.u8g2_m_40_30_1:00000000 $t
     /tmp/ccynqwCP.s:3787   .text.u8g2_m_40_30_1:00000000 u8g2_m_40_30_1
     /tmp/ccynqwCP.s:3809   .text.u8g2_m_40_30_1:00000008 $d
     /tmp/ccynqwCP.s:4363   .bss.buf.14:00000000 buf.14
     /tmp/ccynqwCP.s:3814   .text.u8g2_m_40_30_2:00000000 $t
     /tmp/ccynqwCP.s:3820   .text.u8g2_m_40_30_2:00000000 u8g2_m_40_30_2
     /tmp/ccynqwCP.s:3842   .text.u8g2_m_40_30_2:00000008 $d
     /tmp/ccynqwCP.s:4357   .bss.buf.13:00000000 buf.13
     /tmp/ccynqwCP.s:3847   .text.u8g2_m_40_30_f:00000000 $t
     /tmp/ccynqwCP.s:3853   .text.u8g2_m_40_30_f:00000000 u8g2_m_40_30_f
     /tmp/ccynqwCP.s:3875   .text.u8g2_m_40_30_f:00000008 $d
     /tmp/ccynqwCP.s:4351   .bss.buf.12:00000000 buf.12
     /tmp/ccynqwCP.s:3880   .text.u8g2_m_8_1_1:00000000 $t
     /tmp/ccynqwCP.s:3886   .text.u8g2_m_8_1_1:00000000 u8g2_m_8_1_1
     /tmp/ccynqwCP.s:3908   .text.u8g2_m_8_1_1:00000008 $d
     /tmp/ccynqwCP.s:4345   .bss.buf.11:00000000 buf.11
     /tmp/ccynqwCP.s:3913   .text.u8g2_m_8_1_2:00000000 $t
     /tmp/ccynqwCP.s:3919   .text.u8g2_m_8_1_2:00000000 u8g2_m_8_1_2
     /tmp/ccynqwCP.s:3941   .text.u8g2_m_8_1_2:00000008 $d
     /tmp/ccynqwCP.s:4339   .bss.buf.10:00000000 buf.10
     /tmp/ccynqwCP.s:3946   .text.u8g2_m_8_1_f:00000000 $t
     /tmp/ccynqwCP.s:3952   .text.u8g2_m_8_1_f:00000000 u8g2_m_8_1_f
     /tmp/ccynqwCP.s:3974   .text.u8g2_m_8_1_f:00000008 $d
     /tmp/ccynqwCP.s:4333   .bss.buf.9:00000000 buf.9
     /tmp/ccynqwCP.s:3979   .text.u8g2_m_4_1_1:00000000 $t
     /tmp/ccynqwCP.s:3985   .text.u8g2_m_4_1_1:00000000 u8g2_m_4_1_1
     /tmp/ccynqwCP.s:4007   .text.u8g2_m_4_1_1:00000008 $d
     /tmp/ccynqwCP.s:4327   .bss.buf.8:00000000 buf.8
     /tmp/ccynqwCP.s:4012   .text.u8g2_m_4_1_2:00000000 $t
     /tmp/ccynqwCP.s:4018   .text.u8g2_m_4_1_2:00000000 u8g2_m_4_1_2
     /tmp/ccynqwCP.s:4040   .text.u8g2_m_4_1_2:00000008 $d
     /tmp/ccynqwCP.s:4321   .bss.buf.7:00000000 buf.7
     /tmp/ccynqwCP.s:4045   .text.u8g2_m_4_1_f:00000000 $t
     /tmp/ccynqwCP.s:4051   .text.u8g2_m_4_1_f:00000000 u8g2_m_4_1_f
     /tmp/ccynqwCP.s:4073   .text.u8g2_m_4_1_f:00000008 $d
     /tmp/ccynqwCP.s:4315   .bss.buf.6:00000000 buf.6
     /tmp/ccynqwCP.s:4078   .text.u8g2_m_1_1_1:00000000 $t
     /tmp/ccynqwCP.s:4084   .text.u8g2_m_1_1_1:00000000 u8g2_m_1_1_1
     /tmp/ccynqwCP.s:4106   .text.u8g2_m_1_1_1:00000008 $d
     /tmp/ccynqwCP.s:4309   .bss.buf.5:00000000 buf.5
     /tmp/ccynqwCP.s:4111   .text.u8g2_m_1_1_2:00000000 $t
     /tmp/ccynqwCP.s:4117   .text.u8g2_m_1_1_2:00000000 u8g2_m_1_1_2
     /tmp/ccynqwCP.s:4139   .text.u8g2_m_1_1_2:00000008 $d
     /tmp/ccynqwCP.s:4303   .bss.buf.4:00000000 buf.4
     /tmp/ccynqwCP.s:4144   .text.u8g2_m_1_1_f:00000000 $t
     /tmp/ccynqwCP.s:4150   .text.u8g2_m_1_1_f:00000000 u8g2_m_1_1_f
     /tmp/ccynqwCP.s:4172   .text.u8g2_m_1_1_f:00000008 $d
     /tmp/ccynqwCP.s:4297   .bss.buf.3:00000000 buf.3
     /tmp/ccynqwCP.s:4177   .text.u8g2_m_48_30_1:00000000 $t
     /tmp/ccynqwCP.s:4183   .text.u8g2_m_48_30_1:00000000 u8g2_m_48_30_1
     /tmp/ccynqwCP.s:4205   .text.u8g2_m_48_30_1:00000008 $d
     /tmp/ccynqwCP.s:4291   .bss.buf.2:00000000 buf.2
     /tmp/ccynqwCP.s:4210   .text.u8g2_m_48_30_2:00000000 $t
     /tmp/ccynqwCP.s:4216   .text.u8g2_m_48_30_2:00000000 u8g2_m_48_30_2
     /tmp/ccynqwCP.s:4238   .text.u8g2_m_48_30_2:00000008 $d
ARM GAS  /tmp/ccynqwCP.s 			page 113


     /tmp/ccynqwCP.s:4285   .bss.buf.1:00000000 buf.1
     /tmp/ccynqwCP.s:4243   .text.u8g2_m_48_30_f:00000000 $t
     /tmp/ccynqwCP.s:4249   .text.u8g2_m_48_30_f:00000000 u8g2_m_48_30_f
     /tmp/ccynqwCP.s:4271   .text.u8g2_m_48_30_f:00000008 $d
     /tmp/ccynqwCP.s:4279   .bss.buf.0:00000000 buf.0
     /tmp/ccynqwCP.s:4276   .bss.buf.0:00000000 $d
     /tmp/ccynqwCP.s:4282   .bss.buf.1:00000000 $d
     /tmp/ccynqwCP.s:4288   .bss.buf.2:00000000 $d
     /tmp/ccynqwCP.s:4294   .bss.buf.3:00000000 $d
     /tmp/ccynqwCP.s:4300   .bss.buf.4:00000000 $d
     /tmp/ccynqwCP.s:4306   .bss.buf.5:00000000 $d
     /tmp/ccynqwCP.s:4312   .bss.buf.6:00000000 $d
     /tmp/ccynqwCP.s:4318   .bss.buf.7:00000000 $d
     /tmp/ccynqwCP.s:4324   .bss.buf.8:00000000 $d
     /tmp/ccynqwCP.s:4330   .bss.buf.9:00000000 $d
     /tmp/ccynqwCP.s:4336   .bss.buf.10:00000000 $d
     /tmp/ccynqwCP.s:4342   .bss.buf.11:00000000 $d
     /tmp/ccynqwCP.s:4348   .bss.buf.12:00000000 $d
     /tmp/ccynqwCP.s:4354   .bss.buf.13:00000000 $d
     /tmp/ccynqwCP.s:4360   .bss.buf.14:00000000 $d
     /tmp/ccynqwCP.s:4366   .bss.buf.15:00000000 $d
     /tmp/ccynqwCP.s:4372   .bss.buf.16:00000000 $d
     /tmp/ccynqwCP.s:4378   .bss.buf.17:00000000 $d
     /tmp/ccynqwCP.s:4384   .bss.buf.18:00000000 $d
     /tmp/ccynqwCP.s:4390   .bss.buf.19:00000000 $d
     /tmp/ccynqwCP.s:4396   .bss.buf.20:00000000 $d
     /tmp/ccynqwCP.s:4402   .bss.buf.21:00000000 $d
     /tmp/ccynqwCP.s:4408   .bss.buf.22:00000000 $d
     /tmp/ccynqwCP.s:4414   .bss.buf.23:00000000 $d
     /tmp/ccynqwCP.s:4420   .bss.buf.24:00000000 $d
     /tmp/ccynqwCP.s:4426   .bss.buf.25:00000000 $d
     /tmp/ccynqwCP.s:4432   .bss.buf.26:00000000 $d
     /tmp/ccynqwCP.s:4438   .bss.buf.27:00000000 $d
     /tmp/ccynqwCP.s:4444   .bss.buf.28:00000000 $d
     /tmp/ccynqwCP.s:4450   .bss.buf.29:00000000 $d
     /tmp/ccynqwCP.s:4456   .bss.buf.30:00000000 $d
     /tmp/ccynqwCP.s:4462   .bss.buf.31:00000000 $d
     /tmp/ccynqwCP.s:4468   .bss.buf.32:00000000 $d
     /tmp/ccynqwCP.s:4474   .bss.buf.33:00000000 $d
     /tmp/ccynqwCP.s:4480   .bss.buf.34:00000000 $d
     /tmp/ccynqwCP.s:4486   .bss.buf.35:00000000 $d
     /tmp/ccynqwCP.s:4492   .bss.buf.36:00000000 $d
     /tmp/ccynqwCP.s:4498   .bss.buf.37:00000000 $d
     /tmp/ccynqwCP.s:4504   .bss.buf.38:00000000 $d
     /tmp/ccynqwCP.s:4510   .bss.buf.39:00000000 $d
     /tmp/ccynqwCP.s:4516   .bss.buf.40:00000000 $d
     /tmp/ccynqwCP.s:4522   .bss.buf.41:00000000 $d
     /tmp/ccynqwCP.s:4528   .bss.buf.42:00000000 $d
     /tmp/ccynqwCP.s:4534   .bss.buf.43:00000000 $d
     /tmp/ccynqwCP.s:4540   .bss.buf.44:00000000 $d
     /tmp/ccynqwCP.s:4546   .bss.buf.45:00000000 $d
     /tmp/ccynqwCP.s:4552   .bss.buf.46:00000000 $d
     /tmp/ccynqwCP.s:4558   .bss.buf.47:00000000 $d
     /tmp/ccynqwCP.s:4564   .bss.buf.48:00000000 $d
     /tmp/ccynqwCP.s:4570   .bss.buf.49:00000000 $d
     /tmp/ccynqwCP.s:4576   .bss.buf.50:00000000 $d
     /tmp/ccynqwCP.s:4582   .bss.buf.51:00000000 $d
ARM GAS  /tmp/ccynqwCP.s 			page 114


     /tmp/ccynqwCP.s:4588   .bss.buf.52:00000000 $d
     /tmp/ccynqwCP.s:4594   .bss.buf.53:00000000 $d
     /tmp/ccynqwCP.s:4600   .bss.buf.54:00000000 $d
     /tmp/ccynqwCP.s:4606   .bss.buf.55:00000000 $d
     /tmp/ccynqwCP.s:4612   .bss.buf.56:00000000 $d
     /tmp/ccynqwCP.s:4618   .bss.buf.57:00000000 $d
     /tmp/ccynqwCP.s:4624   .bss.buf.58:00000000 $d
     /tmp/ccynqwCP.s:4630   .bss.buf.59:00000000 $d
     /tmp/ccynqwCP.s:4636   .bss.buf.60:00000000 $d
     /tmp/ccynqwCP.s:4642   .bss.buf.61:00000000 $d
     /tmp/ccynqwCP.s:4648   .bss.buf.62:00000000 $d
     /tmp/ccynqwCP.s:4654   .bss.buf.63:00000000 $d
     /tmp/ccynqwCP.s:4660   .bss.buf.64:00000000 $d
     /tmp/ccynqwCP.s:4666   .bss.buf.65:00000000 $d
     /tmp/ccynqwCP.s:4672   .bss.buf.66:00000000 $d
     /tmp/ccynqwCP.s:4678   .bss.buf.67:00000000 $d
     /tmp/ccynqwCP.s:4684   .bss.buf.68:00000000 $d
     /tmp/ccynqwCP.s:4690   .bss.buf.69:00000000 $d
     /tmp/ccynqwCP.s:4696   .bss.buf.70:00000000 $d
     /tmp/ccynqwCP.s:4702   .bss.buf.71:00000000 $d
     /tmp/ccynqwCP.s:4708   .bss.buf.72:00000000 $d
     /tmp/ccynqwCP.s:4714   .bss.buf.73:00000000 $d
     /tmp/ccynqwCP.s:4720   .bss.buf.74:00000000 $d
     /tmp/ccynqwCP.s:4726   .bss.buf.75:00000000 $d
     /tmp/ccynqwCP.s:4732   .bss.buf.76:00000000 $d
     /tmp/ccynqwCP.s:4738   .bss.buf.77:00000000 $d
     /tmp/ccynqwCP.s:4744   .bss.buf.78:00000000 $d
     /tmp/ccynqwCP.s:4750   .bss.buf.79:00000000 $d
     /tmp/ccynqwCP.s:4756   .bss.buf.80:00000000 $d
     /tmp/ccynqwCP.s:4762   .bss.buf.81:00000000 $d
     /tmp/ccynqwCP.s:4768   .bss.buf.82:00000000 $d
     /tmp/ccynqwCP.s:4774   .bss.buf.83:00000000 $d
     /tmp/ccynqwCP.s:4780   .bss.buf.84:00000000 $d
     /tmp/ccynqwCP.s:4786   .bss.buf.85:00000000 $d
     /tmp/ccynqwCP.s:4792   .bss.buf.86:00000000 $d
     /tmp/ccynqwCP.s:4798   .bss.buf.87:00000000 $d
     /tmp/ccynqwCP.s:4804   .bss.buf.88:00000000 $d
     /tmp/ccynqwCP.s:4810   .bss.buf.89:00000000 $d
     /tmp/ccynqwCP.s:4816   .bss.buf.90:00000000 $d
     /tmp/ccynqwCP.s:4822   .bss.buf.91:00000000 $d
     /tmp/ccynqwCP.s:4828   .bss.buf.92:00000000 $d
     /tmp/ccynqwCP.s:4834   .bss.buf.93:00000000 $d
     /tmp/ccynqwCP.s:4840   .bss.buf.94:00000000 $d
     /tmp/ccynqwCP.s:4846   .bss.buf.95:00000000 $d
     /tmp/ccynqwCP.s:4852   .bss.buf.96:00000000 $d
     /tmp/ccynqwCP.s:4858   .bss.buf.97:00000000 $d
     /tmp/ccynqwCP.s:4864   .bss.buf.98:00000000 $d
     /tmp/ccynqwCP.s:4870   .bss.buf.99:00000000 $d
     /tmp/ccynqwCP.s:4876   .bss.buf.100:00000000 $d
     /tmp/ccynqwCP.s:4882   .bss.buf.101:00000000 $d
     /tmp/ccynqwCP.s:4888   .bss.buf.102:00000000 $d
     /tmp/ccynqwCP.s:4894   .bss.buf.103:00000000 $d
     /tmp/ccynqwCP.s:4900   .bss.buf.104:00000000 $d
     /tmp/ccynqwCP.s:4906   .bss.buf.105:00000000 $d
     /tmp/ccynqwCP.s:4912   .bss.buf.106:00000000 $d
     /tmp/ccynqwCP.s:4918   .bss.buf.107:00000000 $d
     /tmp/ccynqwCP.s:4924   .bss.buf.108:00000000 $d
ARM GAS  /tmp/ccynqwCP.s 			page 115


     /tmp/ccynqwCP.s:4930   .bss.buf.109:00000000 $d
     /tmp/ccynqwCP.s:4936   .bss.buf.110:00000000 $d
     /tmp/ccynqwCP.s:4942   .bss.buf.111:00000000 $d
     /tmp/ccynqwCP.s:4948   .bss.buf.112:00000000 $d
     /tmp/ccynqwCP.s:4954   .bss.buf.113:00000000 $d
     /tmp/ccynqwCP.s:4960   .bss.buf.114:00000000 $d
     /tmp/ccynqwCP.s:4966   .bss.buf.115:00000000 $d
     /tmp/ccynqwCP.s:4972   .bss.buf.116:00000000 $d
     /tmp/ccynqwCP.s:4978   .bss.buf.117:00000000 $d
     /tmp/ccynqwCP.s:4984   .bss.buf.118:00000000 $d
     /tmp/ccynqwCP.s:4990   .bss.buf.119:00000000 $d
     /tmp/ccynqwCP.s:4996   .bss.buf.120:00000000 $d
     /tmp/ccynqwCP.s:5002   .bss.buf.121:00000000 $d
     /tmp/ccynqwCP.s:5008   .bss.buf.122:00000000 $d
     /tmp/ccynqwCP.s:5014   .bss.buf.123:00000000 $d
     /tmp/ccynqwCP.s:5020   .bss.buf.124:00000000 $d
     /tmp/ccynqwCP.s:5026   .bss.buf.125:00000000 $d
     /tmp/ccynqwCP.s:5032   .bss.buf.126:00000000 $d
     /tmp/ccynqwCP.s:5038   .bss.buf.127:00000000 $d
     /tmp/ccynqwCP.s:5044   .bss.buf.128:00000000 $d

NO UNDEFINED SYMBOLS
