ARM GAS  /tmp/ccOZgCxA.s 			page 1


   1              		.cpu cortex-m3
   2              		.arch armv7-m
   3              		.fpu softvfp
   4              		.eabi_attribute 20, 1
   5              		.eabi_attribute 21, 1
   6              		.eabi_attribute 23, 3
   7              		.eabi_attribute 24, 1
   8              		.eabi_attribute 25, 1
   9              		.eabi_attribute 26, 1
  10              		.eabi_attribute 30, 1
  11              		.eabi_attribute 34, 1
  12              		.eabi_attribute 18, 4
  13              		.file	"usbd_hid.c"
  14              		.text
  15              	.Ltext0:
  16              		.cfi_sections	.debug_frame
  17              		.file 1 "Middlewares/ST/STM32_USB_Device_Library/Class/HID/Src/usbd_hid.c"
  18              		.section	.text.USBD_HID_GetFSCfgDesc,"ax",%progbits
  19              		.align	1
  20              		.syntax unified
  21              		.thumb
  22              		.thumb_func
  24              	USBD_HID_GetFSCfgDesc:
  25              	.LVL0:
  26              	.LFB73:
   1:Middlewares/ST/STM32_USB_Device_Library/Class/HID/Src/usbd_hid.c **** /**
   2:Middlewares/ST/STM32_USB_Device_Library/Class/HID/Src/usbd_hid.c ****   ******************************************************************************
   3:Middlewares/ST/STM32_USB_Device_Library/Class/HID/Src/usbd_hid.c ****   * @file    usbd_hid.c
   4:Middlewares/ST/STM32_USB_Device_Library/Class/HID/Src/usbd_hid.c ****   * @author  MCD Application Team
   5:Middlewares/ST/STM32_USB_Device_Library/Class/HID/Src/usbd_hid.c ****   * @brief   This file provides the HID core functions.
   6:Middlewares/ST/STM32_USB_Device_Library/Class/HID/Src/usbd_hid.c ****   *
   7:Middlewares/ST/STM32_USB_Device_Library/Class/HID/Src/usbd_hid.c ****   * @verbatim
   8:Middlewares/ST/STM32_USB_Device_Library/Class/HID/Src/usbd_hid.c ****   *
   9:Middlewares/ST/STM32_USB_Device_Library/Class/HID/Src/usbd_hid.c ****   *          ===================================================================
  10:Middlewares/ST/STM32_USB_Device_Library/Class/HID/Src/usbd_hid.c ****   *                                HID Class  Description
  11:Middlewares/ST/STM32_USB_Device_Library/Class/HID/Src/usbd_hid.c ****   *          ===================================================================
  12:Middlewares/ST/STM32_USB_Device_Library/Class/HID/Src/usbd_hid.c ****   *           This module manages the HID class V1.11 following the "Device Class Definition
  13:Middlewares/ST/STM32_USB_Device_Library/Class/HID/Src/usbd_hid.c ****   *           for Human Interface Devices (HID) Version 1.11 Jun 27, 2001".
  14:Middlewares/ST/STM32_USB_Device_Library/Class/HID/Src/usbd_hid.c ****   *           This driver implements the following aspects of the specification:
  15:Middlewares/ST/STM32_USB_Device_Library/Class/HID/Src/usbd_hid.c ****   *             - The Boot Interface Subclass
  16:Middlewares/ST/STM32_USB_Device_Library/Class/HID/Src/usbd_hid.c ****   *             - The Mouse protocol
  17:Middlewares/ST/STM32_USB_Device_Library/Class/HID/Src/usbd_hid.c ****   *             - Usage Page : Generic Desktop
  18:Middlewares/ST/STM32_USB_Device_Library/Class/HID/Src/usbd_hid.c ****   *             - Usage : Joystick
  19:Middlewares/ST/STM32_USB_Device_Library/Class/HID/Src/usbd_hid.c ****   *             - Collection : Application
  20:Middlewares/ST/STM32_USB_Device_Library/Class/HID/Src/usbd_hid.c ****   *
  21:Middlewares/ST/STM32_USB_Device_Library/Class/HID/Src/usbd_hid.c ****   * @note     In HS mode and when the DMA is used, all variables and data structures
  22:Middlewares/ST/STM32_USB_Device_Library/Class/HID/Src/usbd_hid.c ****   *           dealing with the DMA during the transaction process should be 32-bit aligned.
  23:Middlewares/ST/STM32_USB_Device_Library/Class/HID/Src/usbd_hid.c ****   *
  24:Middlewares/ST/STM32_USB_Device_Library/Class/HID/Src/usbd_hid.c ****   *
  25:Middlewares/ST/STM32_USB_Device_Library/Class/HID/Src/usbd_hid.c ****   *  @endverbatim
  26:Middlewares/ST/STM32_USB_Device_Library/Class/HID/Src/usbd_hid.c ****   *
  27:Middlewares/ST/STM32_USB_Device_Library/Class/HID/Src/usbd_hid.c ****   ******************************************************************************
  28:Middlewares/ST/STM32_USB_Device_Library/Class/HID/Src/usbd_hid.c ****   * @attention
  29:Middlewares/ST/STM32_USB_Device_Library/Class/HID/Src/usbd_hid.c ****   *
  30:Middlewares/ST/STM32_USB_Device_Library/Class/HID/Src/usbd_hid.c ****   * <h2><center>&copy; Copyright (c) 2015 STMicroelectronics.
  31:Middlewares/ST/STM32_USB_Device_Library/Class/HID/Src/usbd_hid.c ****   * All rights reserved.</center></h2>
  32:Middlewares/ST/STM32_USB_Device_Library/Class/HID/Src/usbd_hid.c ****   *
ARM GAS  /tmp/ccOZgCxA.s 			page 2


  33:Middlewares/ST/STM32_USB_Device_Library/Class/HID/Src/usbd_hid.c ****   * This software component is licensed by ST under Ultimate Liberty license
  34:Middlewares/ST/STM32_USB_Device_Library/Class/HID/Src/usbd_hid.c ****   * SLA0044, the "License"; You may not use this file except in compliance with
  35:Middlewares/ST/STM32_USB_Device_Library/Class/HID/Src/usbd_hid.c ****   * the License. You may obtain a copy of the License at:
  36:Middlewares/ST/STM32_USB_Device_Library/Class/HID/Src/usbd_hid.c ****   *                      www.st.com/SLA0044
  37:Middlewares/ST/STM32_USB_Device_Library/Class/HID/Src/usbd_hid.c ****   *
  38:Middlewares/ST/STM32_USB_Device_Library/Class/HID/Src/usbd_hid.c ****   ******************************************************************************
  39:Middlewares/ST/STM32_USB_Device_Library/Class/HID/Src/usbd_hid.c ****   */
  40:Middlewares/ST/STM32_USB_Device_Library/Class/HID/Src/usbd_hid.c **** 
  41:Middlewares/ST/STM32_USB_Device_Library/Class/HID/Src/usbd_hid.c **** /* BSPDependencies
  42:Middlewares/ST/STM32_USB_Device_Library/Class/HID/Src/usbd_hid.c **** - "stm32xxxxx_{eval}{discovery}{nucleo_144}.c"
  43:Middlewares/ST/STM32_USB_Device_Library/Class/HID/Src/usbd_hid.c **** - "stm32xxxxx_{eval}{discovery}_io.c"
  44:Middlewares/ST/STM32_USB_Device_Library/Class/HID/Src/usbd_hid.c **** EndBSPDependencies */
  45:Middlewares/ST/STM32_USB_Device_Library/Class/HID/Src/usbd_hid.c **** 
  46:Middlewares/ST/STM32_USB_Device_Library/Class/HID/Src/usbd_hid.c **** /* Includes ------------------------------------------------------------------*/
  47:Middlewares/ST/STM32_USB_Device_Library/Class/HID/Src/usbd_hid.c **** #include "usbd_hid.h"
  48:Middlewares/ST/STM32_USB_Device_Library/Class/HID/Src/usbd_hid.c **** #include "usbd_ctlreq.h"
  49:Middlewares/ST/STM32_USB_Device_Library/Class/HID/Src/usbd_hid.c **** 
  50:Middlewares/ST/STM32_USB_Device_Library/Class/HID/Src/usbd_hid.c **** 
  51:Middlewares/ST/STM32_USB_Device_Library/Class/HID/Src/usbd_hid.c **** /** @addtogroup STM32_USB_DEVICE_LIBRARY
  52:Middlewares/ST/STM32_USB_Device_Library/Class/HID/Src/usbd_hid.c ****   * @{
  53:Middlewares/ST/STM32_USB_Device_Library/Class/HID/Src/usbd_hid.c ****   */
  54:Middlewares/ST/STM32_USB_Device_Library/Class/HID/Src/usbd_hid.c **** 
  55:Middlewares/ST/STM32_USB_Device_Library/Class/HID/Src/usbd_hid.c **** 
  56:Middlewares/ST/STM32_USB_Device_Library/Class/HID/Src/usbd_hid.c **** /** @defgroup USBD_HID
  57:Middlewares/ST/STM32_USB_Device_Library/Class/HID/Src/usbd_hid.c ****   * @brief usbd core module
  58:Middlewares/ST/STM32_USB_Device_Library/Class/HID/Src/usbd_hid.c ****   * @{
  59:Middlewares/ST/STM32_USB_Device_Library/Class/HID/Src/usbd_hid.c ****   */
  60:Middlewares/ST/STM32_USB_Device_Library/Class/HID/Src/usbd_hid.c **** 
  61:Middlewares/ST/STM32_USB_Device_Library/Class/HID/Src/usbd_hid.c **** /** @defgroup USBD_HID_Private_TypesDefinitions
  62:Middlewares/ST/STM32_USB_Device_Library/Class/HID/Src/usbd_hid.c ****   * @{
  63:Middlewares/ST/STM32_USB_Device_Library/Class/HID/Src/usbd_hid.c ****   */
  64:Middlewares/ST/STM32_USB_Device_Library/Class/HID/Src/usbd_hid.c **** /**
  65:Middlewares/ST/STM32_USB_Device_Library/Class/HID/Src/usbd_hid.c ****   * @}
  66:Middlewares/ST/STM32_USB_Device_Library/Class/HID/Src/usbd_hid.c ****   */
  67:Middlewares/ST/STM32_USB_Device_Library/Class/HID/Src/usbd_hid.c **** 
  68:Middlewares/ST/STM32_USB_Device_Library/Class/HID/Src/usbd_hid.c **** 
  69:Middlewares/ST/STM32_USB_Device_Library/Class/HID/Src/usbd_hid.c **** /** @defgroup USBD_HID_Private_Defines
  70:Middlewares/ST/STM32_USB_Device_Library/Class/HID/Src/usbd_hid.c ****   * @{
  71:Middlewares/ST/STM32_USB_Device_Library/Class/HID/Src/usbd_hid.c ****   */
  72:Middlewares/ST/STM32_USB_Device_Library/Class/HID/Src/usbd_hid.c **** 
  73:Middlewares/ST/STM32_USB_Device_Library/Class/HID/Src/usbd_hid.c **** /**
  74:Middlewares/ST/STM32_USB_Device_Library/Class/HID/Src/usbd_hid.c ****   * @}
  75:Middlewares/ST/STM32_USB_Device_Library/Class/HID/Src/usbd_hid.c ****   */
  76:Middlewares/ST/STM32_USB_Device_Library/Class/HID/Src/usbd_hid.c **** 
  77:Middlewares/ST/STM32_USB_Device_Library/Class/HID/Src/usbd_hid.c **** 
  78:Middlewares/ST/STM32_USB_Device_Library/Class/HID/Src/usbd_hid.c **** /** @defgroup USBD_HID_Private_Macros
  79:Middlewares/ST/STM32_USB_Device_Library/Class/HID/Src/usbd_hid.c ****   * @{
  80:Middlewares/ST/STM32_USB_Device_Library/Class/HID/Src/usbd_hid.c ****   */
  81:Middlewares/ST/STM32_USB_Device_Library/Class/HID/Src/usbd_hid.c **** /**
  82:Middlewares/ST/STM32_USB_Device_Library/Class/HID/Src/usbd_hid.c ****   * @}
  83:Middlewares/ST/STM32_USB_Device_Library/Class/HID/Src/usbd_hid.c ****   */
  84:Middlewares/ST/STM32_USB_Device_Library/Class/HID/Src/usbd_hid.c **** 
  85:Middlewares/ST/STM32_USB_Device_Library/Class/HID/Src/usbd_hid.c **** 
  86:Middlewares/ST/STM32_USB_Device_Library/Class/HID/Src/usbd_hid.c **** 
  87:Middlewares/ST/STM32_USB_Device_Library/Class/HID/Src/usbd_hid.c **** 
  88:Middlewares/ST/STM32_USB_Device_Library/Class/HID/Src/usbd_hid.c **** /** @defgroup USBD_HID_Private_FunctionPrototypes
  89:Middlewares/ST/STM32_USB_Device_Library/Class/HID/Src/usbd_hid.c ****   * @{
ARM GAS  /tmp/ccOZgCxA.s 			page 3


  90:Middlewares/ST/STM32_USB_Device_Library/Class/HID/Src/usbd_hid.c ****   */
  91:Middlewares/ST/STM32_USB_Device_Library/Class/HID/Src/usbd_hid.c **** 
  92:Middlewares/ST/STM32_USB_Device_Library/Class/HID/Src/usbd_hid.c **** 
  93:Middlewares/ST/STM32_USB_Device_Library/Class/HID/Src/usbd_hid.c **** static uint8_t  USBD_HID_Init(USBD_HandleTypeDef *pdev,
  94:Middlewares/ST/STM32_USB_Device_Library/Class/HID/Src/usbd_hid.c ****                               uint8_t cfgidx);
  95:Middlewares/ST/STM32_USB_Device_Library/Class/HID/Src/usbd_hid.c **** 
  96:Middlewares/ST/STM32_USB_Device_Library/Class/HID/Src/usbd_hid.c **** static uint8_t  USBD_HID_DeInit(USBD_HandleTypeDef *pdev,
  97:Middlewares/ST/STM32_USB_Device_Library/Class/HID/Src/usbd_hid.c ****                                 uint8_t cfgidx);
  98:Middlewares/ST/STM32_USB_Device_Library/Class/HID/Src/usbd_hid.c **** 
  99:Middlewares/ST/STM32_USB_Device_Library/Class/HID/Src/usbd_hid.c **** static uint8_t  USBD_HID_Setup(USBD_HandleTypeDef *pdev,
 100:Middlewares/ST/STM32_USB_Device_Library/Class/HID/Src/usbd_hid.c ****                                USBD_SetupReqTypedef *req);
 101:Middlewares/ST/STM32_USB_Device_Library/Class/HID/Src/usbd_hid.c **** 
 102:Middlewares/ST/STM32_USB_Device_Library/Class/HID/Src/usbd_hid.c **** static uint8_t  *USBD_HID_GetFSCfgDesc(uint16_t *length);
 103:Middlewares/ST/STM32_USB_Device_Library/Class/HID/Src/usbd_hid.c **** 
 104:Middlewares/ST/STM32_USB_Device_Library/Class/HID/Src/usbd_hid.c **** static uint8_t  *USBD_HID_GetHSCfgDesc(uint16_t *length);
 105:Middlewares/ST/STM32_USB_Device_Library/Class/HID/Src/usbd_hid.c **** 
 106:Middlewares/ST/STM32_USB_Device_Library/Class/HID/Src/usbd_hid.c **** static uint8_t  *USBD_HID_GetOtherSpeedCfgDesc(uint16_t *length);
 107:Middlewares/ST/STM32_USB_Device_Library/Class/HID/Src/usbd_hid.c **** 
 108:Middlewares/ST/STM32_USB_Device_Library/Class/HID/Src/usbd_hid.c **** static uint8_t  *USBD_HID_GetDeviceQualifierDesc(uint16_t *length);
 109:Middlewares/ST/STM32_USB_Device_Library/Class/HID/Src/usbd_hid.c **** 
 110:Middlewares/ST/STM32_USB_Device_Library/Class/HID/Src/usbd_hid.c **** static uint8_t  USBD_HID_DataIn(USBD_HandleTypeDef *pdev, uint8_t epnum);
 111:Middlewares/ST/STM32_USB_Device_Library/Class/HID/Src/usbd_hid.c **** /**
 112:Middlewares/ST/STM32_USB_Device_Library/Class/HID/Src/usbd_hid.c ****   * @}
 113:Middlewares/ST/STM32_USB_Device_Library/Class/HID/Src/usbd_hid.c ****   */
 114:Middlewares/ST/STM32_USB_Device_Library/Class/HID/Src/usbd_hid.c **** 
 115:Middlewares/ST/STM32_USB_Device_Library/Class/HID/Src/usbd_hid.c **** /** @defgroup USBD_HID_Private_Variables
 116:Middlewares/ST/STM32_USB_Device_Library/Class/HID/Src/usbd_hid.c ****   * @{
 117:Middlewares/ST/STM32_USB_Device_Library/Class/HID/Src/usbd_hid.c ****   */
 118:Middlewares/ST/STM32_USB_Device_Library/Class/HID/Src/usbd_hid.c **** 
 119:Middlewares/ST/STM32_USB_Device_Library/Class/HID/Src/usbd_hid.c **** USBD_ClassTypeDef  USBD_HID =
 120:Middlewares/ST/STM32_USB_Device_Library/Class/HID/Src/usbd_hid.c **** {
 121:Middlewares/ST/STM32_USB_Device_Library/Class/HID/Src/usbd_hid.c ****   USBD_HID_Init,
 122:Middlewares/ST/STM32_USB_Device_Library/Class/HID/Src/usbd_hid.c ****   USBD_HID_DeInit,
 123:Middlewares/ST/STM32_USB_Device_Library/Class/HID/Src/usbd_hid.c ****   USBD_HID_Setup,
 124:Middlewares/ST/STM32_USB_Device_Library/Class/HID/Src/usbd_hid.c ****   NULL, /*EP0_TxSent*/
 125:Middlewares/ST/STM32_USB_Device_Library/Class/HID/Src/usbd_hid.c ****   NULL, /*EP0_RxReady*/
 126:Middlewares/ST/STM32_USB_Device_Library/Class/HID/Src/usbd_hid.c ****   USBD_HID_DataIn, /*DataIn*/
 127:Middlewares/ST/STM32_USB_Device_Library/Class/HID/Src/usbd_hid.c ****   NULL, /*DataOut*/
 128:Middlewares/ST/STM32_USB_Device_Library/Class/HID/Src/usbd_hid.c ****   NULL, /*SOF */
 129:Middlewares/ST/STM32_USB_Device_Library/Class/HID/Src/usbd_hid.c ****   NULL,
 130:Middlewares/ST/STM32_USB_Device_Library/Class/HID/Src/usbd_hid.c ****   NULL,
 131:Middlewares/ST/STM32_USB_Device_Library/Class/HID/Src/usbd_hid.c ****   USBD_HID_GetHSCfgDesc,
 132:Middlewares/ST/STM32_USB_Device_Library/Class/HID/Src/usbd_hid.c ****   USBD_HID_GetFSCfgDesc,
 133:Middlewares/ST/STM32_USB_Device_Library/Class/HID/Src/usbd_hid.c ****   USBD_HID_GetOtherSpeedCfgDesc,
 134:Middlewares/ST/STM32_USB_Device_Library/Class/HID/Src/usbd_hid.c ****   USBD_HID_GetDeviceQualifierDesc,
 135:Middlewares/ST/STM32_USB_Device_Library/Class/HID/Src/usbd_hid.c **** };
 136:Middlewares/ST/STM32_USB_Device_Library/Class/HID/Src/usbd_hid.c **** 
 137:Middlewares/ST/STM32_USB_Device_Library/Class/HID/Src/usbd_hid.c **** /* USB HID device FS Configuration Descriptor */
 138:Middlewares/ST/STM32_USB_Device_Library/Class/HID/Src/usbd_hid.c **** __ALIGN_BEGIN static uint8_t USBD_HID_CfgFSDesc[USB_HID_CONFIG_DESC_SIZ]  __ALIGN_END =
 139:Middlewares/ST/STM32_USB_Device_Library/Class/HID/Src/usbd_hid.c **** {
 140:Middlewares/ST/STM32_USB_Device_Library/Class/HID/Src/usbd_hid.c ****   0x09, /* bLength: Configuration Descriptor size */
 141:Middlewares/ST/STM32_USB_Device_Library/Class/HID/Src/usbd_hid.c ****   USB_DESC_TYPE_CONFIGURATION, /* bDescriptorType: Configuration */
 142:Middlewares/ST/STM32_USB_Device_Library/Class/HID/Src/usbd_hid.c ****   USB_HID_CONFIG_DESC_SIZ,
 143:Middlewares/ST/STM32_USB_Device_Library/Class/HID/Src/usbd_hid.c ****   /* wTotalLength: Bytes returned */
 144:Middlewares/ST/STM32_USB_Device_Library/Class/HID/Src/usbd_hid.c ****   0x00,
 145:Middlewares/ST/STM32_USB_Device_Library/Class/HID/Src/usbd_hid.c ****   0x01,         /*bNumInterfaces: 1 interface*/
 146:Middlewares/ST/STM32_USB_Device_Library/Class/HID/Src/usbd_hid.c ****   0x01,         /*bConfigurationValue: Configuration value*/
ARM GAS  /tmp/ccOZgCxA.s 			page 4


 147:Middlewares/ST/STM32_USB_Device_Library/Class/HID/Src/usbd_hid.c ****   0x00,         /*iConfiguration: Index of string descriptor describing
 148:Middlewares/ST/STM32_USB_Device_Library/Class/HID/Src/usbd_hid.c ****   the configuration*/
 149:Middlewares/ST/STM32_USB_Device_Library/Class/HID/Src/usbd_hid.c ****   0xE0,         /*bmAttributes: bus powered and Support Remote Wake-up */
 150:Middlewares/ST/STM32_USB_Device_Library/Class/HID/Src/usbd_hid.c ****   0x32,         /*MaxPower 100 mA: this current is used for detecting Vbus*/
 151:Middlewares/ST/STM32_USB_Device_Library/Class/HID/Src/usbd_hid.c **** 
 152:Middlewares/ST/STM32_USB_Device_Library/Class/HID/Src/usbd_hid.c ****   /************** Descriptor of Joystick Mouse interface ****************/
 153:Middlewares/ST/STM32_USB_Device_Library/Class/HID/Src/usbd_hid.c ****   /* 09 */
 154:Middlewares/ST/STM32_USB_Device_Library/Class/HID/Src/usbd_hid.c ****   0x09,         /*bLength: Interface Descriptor size*/
 155:Middlewares/ST/STM32_USB_Device_Library/Class/HID/Src/usbd_hid.c ****   USB_DESC_TYPE_INTERFACE,/*bDescriptorType: Interface descriptor type*/
 156:Middlewares/ST/STM32_USB_Device_Library/Class/HID/Src/usbd_hid.c ****   0x00,         /*bInterfaceNumber: Number of Interface*/
 157:Middlewares/ST/STM32_USB_Device_Library/Class/HID/Src/usbd_hid.c ****   0x00,         /*bAlternateSetting: Alternate setting*/
 158:Middlewares/ST/STM32_USB_Device_Library/Class/HID/Src/usbd_hid.c ****   0x01,         /*bNumEndpoints*/
 159:Middlewares/ST/STM32_USB_Device_Library/Class/HID/Src/usbd_hid.c ****   0x03,         /*bInterfaceClass: HID*/
 160:Middlewares/ST/STM32_USB_Device_Library/Class/HID/Src/usbd_hid.c ****   0x01,         /*bInterfaceSubClass : 1=BOOT, 0=no boot*/
 161:Middlewares/ST/STM32_USB_Device_Library/Class/HID/Src/usbd_hid.c ****   0x02,         /*nInterfaceProtocol : 0=none, 1=keyboard, 2=mouse*/
 162:Middlewares/ST/STM32_USB_Device_Library/Class/HID/Src/usbd_hid.c ****   0,            /*iInterface: Index of string descriptor*/
 163:Middlewares/ST/STM32_USB_Device_Library/Class/HID/Src/usbd_hid.c ****   /******************** Descriptor of Joystick Mouse HID ********************/
 164:Middlewares/ST/STM32_USB_Device_Library/Class/HID/Src/usbd_hid.c ****   /* 18 */
 165:Middlewares/ST/STM32_USB_Device_Library/Class/HID/Src/usbd_hid.c ****   0x09,         /*bLength: HID Descriptor size*/
 166:Middlewares/ST/STM32_USB_Device_Library/Class/HID/Src/usbd_hid.c ****   HID_DESCRIPTOR_TYPE, /*bDescriptorType: HID*/
 167:Middlewares/ST/STM32_USB_Device_Library/Class/HID/Src/usbd_hid.c ****   0x11,         /*bcdHID: HID Class Spec release number*/
 168:Middlewares/ST/STM32_USB_Device_Library/Class/HID/Src/usbd_hid.c ****   0x01,
 169:Middlewares/ST/STM32_USB_Device_Library/Class/HID/Src/usbd_hid.c ****   0x00,         /*bCountryCode: Hardware target country*/
 170:Middlewares/ST/STM32_USB_Device_Library/Class/HID/Src/usbd_hid.c ****   0x01,         /*bNumDescriptors: Number of HID class descriptors to follow*/
 171:Middlewares/ST/STM32_USB_Device_Library/Class/HID/Src/usbd_hid.c ****   0x22,         /*bDescriptorType*/
 172:Middlewares/ST/STM32_USB_Device_Library/Class/HID/Src/usbd_hid.c ****   HID_MOUSE_REPORT_DESC_SIZE,/*wItemLength: Total length of Report descriptor*/
 173:Middlewares/ST/STM32_USB_Device_Library/Class/HID/Src/usbd_hid.c ****   0x00,
 174:Middlewares/ST/STM32_USB_Device_Library/Class/HID/Src/usbd_hid.c ****   /******************** Descriptor of Mouse endpoint ********************/
 175:Middlewares/ST/STM32_USB_Device_Library/Class/HID/Src/usbd_hid.c ****   /* 27 */
 176:Middlewares/ST/STM32_USB_Device_Library/Class/HID/Src/usbd_hid.c ****   0x07,          /*bLength: Endpoint Descriptor size*/
 177:Middlewares/ST/STM32_USB_Device_Library/Class/HID/Src/usbd_hid.c ****   USB_DESC_TYPE_ENDPOINT, /*bDescriptorType:*/
 178:Middlewares/ST/STM32_USB_Device_Library/Class/HID/Src/usbd_hid.c **** 
 179:Middlewares/ST/STM32_USB_Device_Library/Class/HID/Src/usbd_hid.c ****   HID_EPIN_ADDR,     /*bEndpointAddress: Endpoint Address (IN)*/
 180:Middlewares/ST/STM32_USB_Device_Library/Class/HID/Src/usbd_hid.c ****   0x03,          /*bmAttributes: Interrupt endpoint*/
 181:Middlewares/ST/STM32_USB_Device_Library/Class/HID/Src/usbd_hid.c ****   HID_EPIN_SIZE, /*wMaxPacketSize: 4 Byte max */
 182:Middlewares/ST/STM32_USB_Device_Library/Class/HID/Src/usbd_hid.c ****   0x00,
 183:Middlewares/ST/STM32_USB_Device_Library/Class/HID/Src/usbd_hid.c ****   HID_FS_BINTERVAL,          /*bInterval: Polling Interval */
 184:Middlewares/ST/STM32_USB_Device_Library/Class/HID/Src/usbd_hid.c ****   /* 34 */
 185:Middlewares/ST/STM32_USB_Device_Library/Class/HID/Src/usbd_hid.c **** };
 186:Middlewares/ST/STM32_USB_Device_Library/Class/HID/Src/usbd_hid.c **** 
 187:Middlewares/ST/STM32_USB_Device_Library/Class/HID/Src/usbd_hid.c **** /* USB HID device HS Configuration Descriptor */
 188:Middlewares/ST/STM32_USB_Device_Library/Class/HID/Src/usbd_hid.c **** __ALIGN_BEGIN static uint8_t USBD_HID_CfgHSDesc[USB_HID_CONFIG_DESC_SIZ]  __ALIGN_END =
 189:Middlewares/ST/STM32_USB_Device_Library/Class/HID/Src/usbd_hid.c **** {
 190:Middlewares/ST/STM32_USB_Device_Library/Class/HID/Src/usbd_hid.c ****   0x09, /* bLength: Configuration Descriptor size */
 191:Middlewares/ST/STM32_USB_Device_Library/Class/HID/Src/usbd_hid.c ****   USB_DESC_TYPE_CONFIGURATION, /* bDescriptorType: Configuration */
 192:Middlewares/ST/STM32_USB_Device_Library/Class/HID/Src/usbd_hid.c ****   USB_HID_CONFIG_DESC_SIZ,
 193:Middlewares/ST/STM32_USB_Device_Library/Class/HID/Src/usbd_hid.c ****   /* wTotalLength: Bytes returned */
 194:Middlewares/ST/STM32_USB_Device_Library/Class/HID/Src/usbd_hid.c ****   0x00,
 195:Middlewares/ST/STM32_USB_Device_Library/Class/HID/Src/usbd_hid.c ****   0x01,         /*bNumInterfaces: 1 interface*/
 196:Middlewares/ST/STM32_USB_Device_Library/Class/HID/Src/usbd_hid.c ****   0x01,         /*bConfigurationValue: Configuration value*/
 197:Middlewares/ST/STM32_USB_Device_Library/Class/HID/Src/usbd_hid.c ****   0x00,         /*iConfiguration: Index of string descriptor describing
 198:Middlewares/ST/STM32_USB_Device_Library/Class/HID/Src/usbd_hid.c ****   the configuration*/
 199:Middlewares/ST/STM32_USB_Device_Library/Class/HID/Src/usbd_hid.c ****   0xE0,         /*bmAttributes: bus powered and Support Remote Wake-up */
 200:Middlewares/ST/STM32_USB_Device_Library/Class/HID/Src/usbd_hid.c ****   0x32,         /*MaxPower 100 mA: this current is used for detecting Vbus*/
 201:Middlewares/ST/STM32_USB_Device_Library/Class/HID/Src/usbd_hid.c **** 
 202:Middlewares/ST/STM32_USB_Device_Library/Class/HID/Src/usbd_hid.c ****   /************** Descriptor of Joystick Mouse interface ****************/
 203:Middlewares/ST/STM32_USB_Device_Library/Class/HID/Src/usbd_hid.c ****   /* 09 */
ARM GAS  /tmp/ccOZgCxA.s 			page 5


 204:Middlewares/ST/STM32_USB_Device_Library/Class/HID/Src/usbd_hid.c ****   0x09,         /*bLength: Interface Descriptor size*/
 205:Middlewares/ST/STM32_USB_Device_Library/Class/HID/Src/usbd_hid.c ****   USB_DESC_TYPE_INTERFACE,/*bDescriptorType: Interface descriptor type*/
 206:Middlewares/ST/STM32_USB_Device_Library/Class/HID/Src/usbd_hid.c ****   0x00,         /*bInterfaceNumber: Number of Interface*/
 207:Middlewares/ST/STM32_USB_Device_Library/Class/HID/Src/usbd_hid.c ****   0x00,         /*bAlternateSetting: Alternate setting*/
 208:Middlewares/ST/STM32_USB_Device_Library/Class/HID/Src/usbd_hid.c ****   0x01,         /*bNumEndpoints*/
 209:Middlewares/ST/STM32_USB_Device_Library/Class/HID/Src/usbd_hid.c ****   0x03,         /*bInterfaceClass: HID*/
 210:Middlewares/ST/STM32_USB_Device_Library/Class/HID/Src/usbd_hid.c ****   0x01,         /*bInterfaceSubClass : 1=BOOT, 0=no boot*/
 211:Middlewares/ST/STM32_USB_Device_Library/Class/HID/Src/usbd_hid.c ****   0x02,         /*nInterfaceProtocol : 0=none, 1=keyboard, 2=mouse*/
 212:Middlewares/ST/STM32_USB_Device_Library/Class/HID/Src/usbd_hid.c ****   0,            /*iInterface: Index of string descriptor*/
 213:Middlewares/ST/STM32_USB_Device_Library/Class/HID/Src/usbd_hid.c ****   /******************** Descriptor of Joystick Mouse HID ********************/
 214:Middlewares/ST/STM32_USB_Device_Library/Class/HID/Src/usbd_hid.c ****   /* 18 */
 215:Middlewares/ST/STM32_USB_Device_Library/Class/HID/Src/usbd_hid.c ****   0x09,         /*bLength: HID Descriptor size*/
 216:Middlewares/ST/STM32_USB_Device_Library/Class/HID/Src/usbd_hid.c ****   HID_DESCRIPTOR_TYPE, /*bDescriptorType: HID*/
 217:Middlewares/ST/STM32_USB_Device_Library/Class/HID/Src/usbd_hid.c ****   0x11,         /*bcdHID: HID Class Spec release number*/
 218:Middlewares/ST/STM32_USB_Device_Library/Class/HID/Src/usbd_hid.c ****   0x01,
 219:Middlewares/ST/STM32_USB_Device_Library/Class/HID/Src/usbd_hid.c ****   0x00,         /*bCountryCode: Hardware target country*/
 220:Middlewares/ST/STM32_USB_Device_Library/Class/HID/Src/usbd_hid.c ****   0x01,         /*bNumDescriptors: Number of HID class descriptors to follow*/
 221:Middlewares/ST/STM32_USB_Device_Library/Class/HID/Src/usbd_hid.c ****   0x22,         /*bDescriptorType*/
 222:Middlewares/ST/STM32_USB_Device_Library/Class/HID/Src/usbd_hid.c ****   HID_MOUSE_REPORT_DESC_SIZE,/*wItemLength: Total length of Report descriptor*/
 223:Middlewares/ST/STM32_USB_Device_Library/Class/HID/Src/usbd_hid.c ****   0x00,
 224:Middlewares/ST/STM32_USB_Device_Library/Class/HID/Src/usbd_hid.c ****   /******************** Descriptor of Mouse endpoint ********************/
 225:Middlewares/ST/STM32_USB_Device_Library/Class/HID/Src/usbd_hid.c ****   /* 27 */
 226:Middlewares/ST/STM32_USB_Device_Library/Class/HID/Src/usbd_hid.c ****   0x07,          /*bLength: Endpoint Descriptor size*/
 227:Middlewares/ST/STM32_USB_Device_Library/Class/HID/Src/usbd_hid.c ****   USB_DESC_TYPE_ENDPOINT, /*bDescriptorType:*/
 228:Middlewares/ST/STM32_USB_Device_Library/Class/HID/Src/usbd_hid.c **** 
 229:Middlewares/ST/STM32_USB_Device_Library/Class/HID/Src/usbd_hid.c ****   HID_EPIN_ADDR,     /*bEndpointAddress: Endpoint Address (IN)*/
 230:Middlewares/ST/STM32_USB_Device_Library/Class/HID/Src/usbd_hid.c ****   0x03,          /*bmAttributes: Interrupt endpoint*/
 231:Middlewares/ST/STM32_USB_Device_Library/Class/HID/Src/usbd_hid.c ****   HID_EPIN_SIZE, /*wMaxPacketSize: 4 Byte max */
 232:Middlewares/ST/STM32_USB_Device_Library/Class/HID/Src/usbd_hid.c ****   0x00,
 233:Middlewares/ST/STM32_USB_Device_Library/Class/HID/Src/usbd_hid.c ****   HID_HS_BINTERVAL,          /*bInterval: Polling Interval */
 234:Middlewares/ST/STM32_USB_Device_Library/Class/HID/Src/usbd_hid.c ****   /* 34 */
 235:Middlewares/ST/STM32_USB_Device_Library/Class/HID/Src/usbd_hid.c **** };
 236:Middlewares/ST/STM32_USB_Device_Library/Class/HID/Src/usbd_hid.c **** 
 237:Middlewares/ST/STM32_USB_Device_Library/Class/HID/Src/usbd_hid.c **** /* USB HID device Other Speed Configuration Descriptor */
 238:Middlewares/ST/STM32_USB_Device_Library/Class/HID/Src/usbd_hid.c **** __ALIGN_BEGIN static uint8_t USBD_HID_OtherSpeedCfgDesc[USB_HID_CONFIG_DESC_SIZ]  __ALIGN_END =
 239:Middlewares/ST/STM32_USB_Device_Library/Class/HID/Src/usbd_hid.c **** {
 240:Middlewares/ST/STM32_USB_Device_Library/Class/HID/Src/usbd_hid.c ****   0x09, /* bLength: Configuration Descriptor size */
 241:Middlewares/ST/STM32_USB_Device_Library/Class/HID/Src/usbd_hid.c ****   USB_DESC_TYPE_CONFIGURATION, /* bDescriptorType: Configuration */
 242:Middlewares/ST/STM32_USB_Device_Library/Class/HID/Src/usbd_hid.c ****   USB_HID_CONFIG_DESC_SIZ,
 243:Middlewares/ST/STM32_USB_Device_Library/Class/HID/Src/usbd_hid.c ****   /* wTotalLength: Bytes returned */
 244:Middlewares/ST/STM32_USB_Device_Library/Class/HID/Src/usbd_hid.c ****   0x00,
 245:Middlewares/ST/STM32_USB_Device_Library/Class/HID/Src/usbd_hid.c ****   0x01,         /*bNumInterfaces: 1 interface*/
 246:Middlewares/ST/STM32_USB_Device_Library/Class/HID/Src/usbd_hid.c ****   0x01,         /*bConfigurationValue: Configuration value*/
 247:Middlewares/ST/STM32_USB_Device_Library/Class/HID/Src/usbd_hid.c ****   0x00,         /*iConfiguration: Index of string descriptor describing
 248:Middlewares/ST/STM32_USB_Device_Library/Class/HID/Src/usbd_hid.c ****   the configuration*/
 249:Middlewares/ST/STM32_USB_Device_Library/Class/HID/Src/usbd_hid.c ****   0xE0,         /*bmAttributes: bus powered and Support Remote Wake-up */
 250:Middlewares/ST/STM32_USB_Device_Library/Class/HID/Src/usbd_hid.c ****   0x32,         /*MaxPower 100 mA: this current is used for detecting Vbus*/
 251:Middlewares/ST/STM32_USB_Device_Library/Class/HID/Src/usbd_hid.c **** 
 252:Middlewares/ST/STM32_USB_Device_Library/Class/HID/Src/usbd_hid.c ****   /************** Descriptor of Joystick Mouse interface ****************/
 253:Middlewares/ST/STM32_USB_Device_Library/Class/HID/Src/usbd_hid.c ****   /* 09 */
 254:Middlewares/ST/STM32_USB_Device_Library/Class/HID/Src/usbd_hid.c ****   0x09,         /*bLength: Interface Descriptor size*/
 255:Middlewares/ST/STM32_USB_Device_Library/Class/HID/Src/usbd_hid.c ****   USB_DESC_TYPE_INTERFACE,/*bDescriptorType: Interface descriptor type*/
 256:Middlewares/ST/STM32_USB_Device_Library/Class/HID/Src/usbd_hid.c ****   0x00,         /*bInterfaceNumber: Number of Interface*/
 257:Middlewares/ST/STM32_USB_Device_Library/Class/HID/Src/usbd_hid.c ****   0x00,         /*bAlternateSetting: Alternate setting*/
 258:Middlewares/ST/STM32_USB_Device_Library/Class/HID/Src/usbd_hid.c ****   0x01,         /*bNumEndpoints*/
 259:Middlewares/ST/STM32_USB_Device_Library/Class/HID/Src/usbd_hid.c ****   0x03,         /*bInterfaceClass: HID*/
 260:Middlewares/ST/STM32_USB_Device_Library/Class/HID/Src/usbd_hid.c ****   0x01,         /*bInterfaceSubClass : 1=BOOT, 0=no boot*/
ARM GAS  /tmp/ccOZgCxA.s 			page 6


 261:Middlewares/ST/STM32_USB_Device_Library/Class/HID/Src/usbd_hid.c ****   0x02,         /*nInterfaceProtocol : 0=none, 1=keyboard, 2=mouse*/
 262:Middlewares/ST/STM32_USB_Device_Library/Class/HID/Src/usbd_hid.c ****   0,            /*iInterface: Index of string descriptor*/
 263:Middlewares/ST/STM32_USB_Device_Library/Class/HID/Src/usbd_hid.c ****   /******************** Descriptor of Joystick Mouse HID ********************/
 264:Middlewares/ST/STM32_USB_Device_Library/Class/HID/Src/usbd_hid.c ****   /* 18 */
 265:Middlewares/ST/STM32_USB_Device_Library/Class/HID/Src/usbd_hid.c ****   0x09,         /*bLength: HID Descriptor size*/
 266:Middlewares/ST/STM32_USB_Device_Library/Class/HID/Src/usbd_hid.c ****   HID_DESCRIPTOR_TYPE, /*bDescriptorType: HID*/
 267:Middlewares/ST/STM32_USB_Device_Library/Class/HID/Src/usbd_hid.c ****   0x11,         /*bcdHID: HID Class Spec release number*/
 268:Middlewares/ST/STM32_USB_Device_Library/Class/HID/Src/usbd_hid.c ****   0x01,
 269:Middlewares/ST/STM32_USB_Device_Library/Class/HID/Src/usbd_hid.c ****   0x00,         /*bCountryCode: Hardware target country*/
 270:Middlewares/ST/STM32_USB_Device_Library/Class/HID/Src/usbd_hid.c ****   0x01,         /*bNumDescriptors: Number of HID class descriptors to follow*/
 271:Middlewares/ST/STM32_USB_Device_Library/Class/HID/Src/usbd_hid.c ****   0x22,         /*bDescriptorType*/
 272:Middlewares/ST/STM32_USB_Device_Library/Class/HID/Src/usbd_hid.c ****   HID_MOUSE_REPORT_DESC_SIZE,/*wItemLength: Total length of Report descriptor*/
 273:Middlewares/ST/STM32_USB_Device_Library/Class/HID/Src/usbd_hid.c ****   0x00,
 274:Middlewares/ST/STM32_USB_Device_Library/Class/HID/Src/usbd_hid.c ****   /******************** Descriptor of Mouse endpoint ********************/
 275:Middlewares/ST/STM32_USB_Device_Library/Class/HID/Src/usbd_hid.c ****   /* 27 */
 276:Middlewares/ST/STM32_USB_Device_Library/Class/HID/Src/usbd_hid.c ****   0x07,          /*bLength: Endpoint Descriptor size*/
 277:Middlewares/ST/STM32_USB_Device_Library/Class/HID/Src/usbd_hid.c ****   USB_DESC_TYPE_ENDPOINT, /*bDescriptorType:*/
 278:Middlewares/ST/STM32_USB_Device_Library/Class/HID/Src/usbd_hid.c **** 
 279:Middlewares/ST/STM32_USB_Device_Library/Class/HID/Src/usbd_hid.c ****   HID_EPIN_ADDR,     /*bEndpointAddress: Endpoint Address (IN)*/
 280:Middlewares/ST/STM32_USB_Device_Library/Class/HID/Src/usbd_hid.c ****   0x03,          /*bmAttributes: Interrupt endpoint*/
 281:Middlewares/ST/STM32_USB_Device_Library/Class/HID/Src/usbd_hid.c ****   HID_EPIN_SIZE, /*wMaxPacketSize: 4 Byte max */
 282:Middlewares/ST/STM32_USB_Device_Library/Class/HID/Src/usbd_hid.c ****   0x00,
 283:Middlewares/ST/STM32_USB_Device_Library/Class/HID/Src/usbd_hid.c ****   HID_FS_BINTERVAL,          /*bInterval: Polling Interval */
 284:Middlewares/ST/STM32_USB_Device_Library/Class/HID/Src/usbd_hid.c ****   /* 34 */
 285:Middlewares/ST/STM32_USB_Device_Library/Class/HID/Src/usbd_hid.c **** };
 286:Middlewares/ST/STM32_USB_Device_Library/Class/HID/Src/usbd_hid.c **** 
 287:Middlewares/ST/STM32_USB_Device_Library/Class/HID/Src/usbd_hid.c **** 
 288:Middlewares/ST/STM32_USB_Device_Library/Class/HID/Src/usbd_hid.c **** /* USB HID device Configuration Descriptor */
 289:Middlewares/ST/STM32_USB_Device_Library/Class/HID/Src/usbd_hid.c **** __ALIGN_BEGIN static uint8_t USBD_HID_Desc[USB_HID_DESC_SIZ]  __ALIGN_END  =
 290:Middlewares/ST/STM32_USB_Device_Library/Class/HID/Src/usbd_hid.c **** {
 291:Middlewares/ST/STM32_USB_Device_Library/Class/HID/Src/usbd_hid.c ****   /* 18 */
 292:Middlewares/ST/STM32_USB_Device_Library/Class/HID/Src/usbd_hid.c ****   0x09,         /*bLength: HID Descriptor size*/
 293:Middlewares/ST/STM32_USB_Device_Library/Class/HID/Src/usbd_hid.c ****   HID_DESCRIPTOR_TYPE, /*bDescriptorType: HID*/
 294:Middlewares/ST/STM32_USB_Device_Library/Class/HID/Src/usbd_hid.c ****   0x11,         /*bcdHID: HID Class Spec release number*/
 295:Middlewares/ST/STM32_USB_Device_Library/Class/HID/Src/usbd_hid.c ****   0x01,
 296:Middlewares/ST/STM32_USB_Device_Library/Class/HID/Src/usbd_hid.c ****   0x00,         /*bCountryCode: Hardware target country*/
 297:Middlewares/ST/STM32_USB_Device_Library/Class/HID/Src/usbd_hid.c ****   0x01,         /*bNumDescriptors: Number of HID class descriptors to follow*/
 298:Middlewares/ST/STM32_USB_Device_Library/Class/HID/Src/usbd_hid.c ****   0x22,         /*bDescriptorType*/
 299:Middlewares/ST/STM32_USB_Device_Library/Class/HID/Src/usbd_hid.c ****   HID_MOUSE_REPORT_DESC_SIZE,/*wItemLength: Total length of Report descriptor*/
 300:Middlewares/ST/STM32_USB_Device_Library/Class/HID/Src/usbd_hid.c ****   0x00,
 301:Middlewares/ST/STM32_USB_Device_Library/Class/HID/Src/usbd_hid.c **** };
 302:Middlewares/ST/STM32_USB_Device_Library/Class/HID/Src/usbd_hid.c **** 
 303:Middlewares/ST/STM32_USB_Device_Library/Class/HID/Src/usbd_hid.c **** /* USB Standard Device Descriptor */
 304:Middlewares/ST/STM32_USB_Device_Library/Class/HID/Src/usbd_hid.c **** __ALIGN_BEGIN static uint8_t USBD_HID_DeviceQualifierDesc[USB_LEN_DEV_QUALIFIER_DESC]  __ALIGN_END 
 305:Middlewares/ST/STM32_USB_Device_Library/Class/HID/Src/usbd_hid.c **** {
 306:Middlewares/ST/STM32_USB_Device_Library/Class/HID/Src/usbd_hid.c ****   USB_LEN_DEV_QUALIFIER_DESC,
 307:Middlewares/ST/STM32_USB_Device_Library/Class/HID/Src/usbd_hid.c ****   USB_DESC_TYPE_DEVICE_QUALIFIER,
 308:Middlewares/ST/STM32_USB_Device_Library/Class/HID/Src/usbd_hid.c ****   0x00,
 309:Middlewares/ST/STM32_USB_Device_Library/Class/HID/Src/usbd_hid.c ****   0x02,
 310:Middlewares/ST/STM32_USB_Device_Library/Class/HID/Src/usbd_hid.c ****   0x00,
 311:Middlewares/ST/STM32_USB_Device_Library/Class/HID/Src/usbd_hid.c ****   0x00,
 312:Middlewares/ST/STM32_USB_Device_Library/Class/HID/Src/usbd_hid.c ****   0x00,
 313:Middlewares/ST/STM32_USB_Device_Library/Class/HID/Src/usbd_hid.c ****   0x40,
 314:Middlewares/ST/STM32_USB_Device_Library/Class/HID/Src/usbd_hid.c ****   0x01,
 315:Middlewares/ST/STM32_USB_Device_Library/Class/HID/Src/usbd_hid.c ****   0x00,
 316:Middlewares/ST/STM32_USB_Device_Library/Class/HID/Src/usbd_hid.c **** };
 317:Middlewares/ST/STM32_USB_Device_Library/Class/HID/Src/usbd_hid.c **** 
ARM GAS  /tmp/ccOZgCxA.s 			page 7


 318:Middlewares/ST/STM32_USB_Device_Library/Class/HID/Src/usbd_hid.c **** 
 319:Middlewares/ST/STM32_USB_Device_Library/Class/HID/Src/usbd_hid.c **** 
 320:Middlewares/ST/STM32_USB_Device_Library/Class/HID/Src/usbd_hid.c **** /* USB Keyboard Report Descriptor */
 321:Middlewares/ST/STM32_USB_Device_Library/Class/HID/Src/usbd_hid.c **** __ALIGN_BEGIN static uint8_t HID_MOUSE_ReportDesc[HID_MOUSE_REPORT_DESC_SIZE] __ALIGN_END =
 322:Middlewares/ST/STM32_USB_Device_Library/Class/HID/Src/usbd_hid.c **** {
 323:Middlewares/ST/STM32_USB_Device_Library/Class/HID/Src/usbd_hid.c ****   0x05, 0x01,        /* Usage Page (Generic Desktop Ctrls)     */
 324:Middlewares/ST/STM32_USB_Device_Library/Class/HID/Src/usbd_hid.c ****   0x09, 0x06,        /* Usage (Keyboard)                       */
 325:Middlewares/ST/STM32_USB_Device_Library/Class/HID/Src/usbd_hid.c ****   0xA1, 0x01,        /* Collection (Application)               */
 326:Middlewares/ST/STM32_USB_Device_Library/Class/HID/Src/usbd_hid.c ****   0x05, 0x07,        /*   Usage Page (Kbrd/Keypad)             */
 327:Middlewares/ST/STM32_USB_Device_Library/Class/HID/Src/usbd_hid.c ****   0x19, 0xE0,        /*   Usage Minimum (0xE0)                 */
 328:Middlewares/ST/STM32_USB_Device_Library/Class/HID/Src/usbd_hid.c ****   0x29, 0xE7,        /*   Usage Maximum (0xE7)                 */
 329:Middlewares/ST/STM32_USB_Device_Library/Class/HID/Src/usbd_hid.c ****   0x15, 0x00,        /*   Logical Minimum (0)                  */
 330:Middlewares/ST/STM32_USB_Device_Library/Class/HID/Src/usbd_hid.c ****   0x25, 0x01,        /*   Logical Maximum (1)                  */
 331:Middlewares/ST/STM32_USB_Device_Library/Class/HID/Src/usbd_hid.c ****   0x75, 0x01,        /*   Report Size (1)                      */
 332:Middlewares/ST/STM32_USB_Device_Library/Class/HID/Src/usbd_hid.c ****   0x95, 0x08,        /*   Report Count (8)                     */
 333:Middlewares/ST/STM32_USB_Device_Library/Class/HID/Src/usbd_hid.c ****   0x81, 0x02,        /*   Input (Data,Var,Abs,No Wrap,Linear,Preferred State,No Null Position) */
 334:Middlewares/ST/STM32_USB_Device_Library/Class/HID/Src/usbd_hid.c ****   0x95, 0x01,        /*   Report Count (1)                     */
 335:Middlewares/ST/STM32_USB_Device_Library/Class/HID/Src/usbd_hid.c ****   0x75, 0x08,        /*   Report Size (8)                      */
 336:Middlewares/ST/STM32_USB_Device_Library/Class/HID/Src/usbd_hid.c ****   0x81, 0x03,        /*   Input (Const,Var,Abs)                */
 337:Middlewares/ST/STM32_USB_Device_Library/Class/HID/Src/usbd_hid.c ****   0x95, 0x05,        /*   Report Count (5)                     */
 338:Middlewares/ST/STM32_USB_Device_Library/Class/HID/Src/usbd_hid.c ****   0x75, 0x01,        /*   Report Size (1)                      */
 339:Middlewares/ST/STM32_USB_Device_Library/Class/HID/Src/usbd_hid.c ****   0x05, 0x08,        /*   Usage Page (LEDs)                    */
 340:Middlewares/ST/STM32_USB_Device_Library/Class/HID/Src/usbd_hid.c ****   0x19, 0x01,        /*   Usage Minimum (Num Lock)             */
 341:Middlewares/ST/STM32_USB_Device_Library/Class/HID/Src/usbd_hid.c ****   0x29, 0x05,        /*   Usage Maximum (Kana)                 */
 342:Middlewares/ST/STM32_USB_Device_Library/Class/HID/Src/usbd_hid.c ****   0x91, 0x02,        /*   Output (Data,Var,Abs,No Wrap,Linear,Preferred State,No Null Position,Non-
 343:Middlewares/ST/STM32_USB_Device_Library/Class/HID/Src/usbd_hid.c ****   0x95, 0x01,        /*   Report Count (1)                     */
 344:Middlewares/ST/STM32_USB_Device_Library/Class/HID/Src/usbd_hid.c ****   0x75, 0x03,        /*   Report Size (3)                      */
 345:Middlewares/ST/STM32_USB_Device_Library/Class/HID/Src/usbd_hid.c ****   0x91, 0x03,        /*   Output (Const,Var,Abs,No Wrap,Linear,Preferred State,No Null Position,Non
 346:Middlewares/ST/STM32_USB_Device_Library/Class/HID/Src/usbd_hid.c ****   0x95, 0x06,        /*   Report Count (6)                     */
 347:Middlewares/ST/STM32_USB_Device_Library/Class/HID/Src/usbd_hid.c ****   0x75, 0x08,        /*   Report Size (8)                      */
 348:Middlewares/ST/STM32_USB_Device_Library/Class/HID/Src/usbd_hid.c ****   0x15, 0x00,        /*   Logical Minimum (0)                  */
 349:Middlewares/ST/STM32_USB_Device_Library/Class/HID/Src/usbd_hid.c ****   0x25, 0x65,        /*   Logical Maximum (101)                */
 350:Middlewares/ST/STM32_USB_Device_Library/Class/HID/Src/usbd_hid.c ****   0x05, 0x07,        /*   Usage Page (Kbrd/Keypad)             */
 351:Middlewares/ST/STM32_USB_Device_Library/Class/HID/Src/usbd_hid.c ****   0x19, 0x00,        /*   Usage Minimum (0x00)                 */
 352:Middlewares/ST/STM32_USB_Device_Library/Class/HID/Src/usbd_hid.c ****   0x29, 0x65,        /*   Usage Maximum (0x65)                 */
 353:Middlewares/ST/STM32_USB_Device_Library/Class/HID/Src/usbd_hid.c ****   0x81, 0x00,        /*   Input (Data,Array,Abs,No Wrap,Linear,Preferred State,No Null Position) */
 354:Middlewares/ST/STM32_USB_Device_Library/Class/HID/Src/usbd_hid.c ****   0xC0               /* End Collection                         */
 355:Middlewares/ST/STM32_USB_Device_Library/Class/HID/Src/usbd_hid.c **** };
 356:Middlewares/ST/STM32_USB_Device_Library/Class/HID/Src/usbd_hid.c **** /**
 357:Middlewares/ST/STM32_USB_Device_Library/Class/HID/Src/usbd_hid.c ****   * @}
 358:Middlewares/ST/STM32_USB_Device_Library/Class/HID/Src/usbd_hid.c ****   */
 359:Middlewares/ST/STM32_USB_Device_Library/Class/HID/Src/usbd_hid.c **** 
 360:Middlewares/ST/STM32_USB_Device_Library/Class/HID/Src/usbd_hid.c **** /** @defgroup USBD_HID_Private_Functions
 361:Middlewares/ST/STM32_USB_Device_Library/Class/HID/Src/usbd_hid.c ****   * @{
 362:Middlewares/ST/STM32_USB_Device_Library/Class/HID/Src/usbd_hid.c ****   */
 363:Middlewares/ST/STM32_USB_Device_Library/Class/HID/Src/usbd_hid.c **** 
 364:Middlewares/ST/STM32_USB_Device_Library/Class/HID/Src/usbd_hid.c **** /**
 365:Middlewares/ST/STM32_USB_Device_Library/Class/HID/Src/usbd_hid.c ****   * @brief  USBD_HID_Init
 366:Middlewares/ST/STM32_USB_Device_Library/Class/HID/Src/usbd_hid.c ****   *         Initialize the HID interface
 367:Middlewares/ST/STM32_USB_Device_Library/Class/HID/Src/usbd_hid.c ****   * @param  pdev: device instance
 368:Middlewares/ST/STM32_USB_Device_Library/Class/HID/Src/usbd_hid.c ****   * @param  cfgidx: Configuration index
 369:Middlewares/ST/STM32_USB_Device_Library/Class/HID/Src/usbd_hid.c ****   * @retval status
 370:Middlewares/ST/STM32_USB_Device_Library/Class/HID/Src/usbd_hid.c ****   */
 371:Middlewares/ST/STM32_USB_Device_Library/Class/HID/Src/usbd_hid.c **** static uint8_t  USBD_HID_Init(USBD_HandleTypeDef *pdev, uint8_t cfgidx)
 372:Middlewares/ST/STM32_USB_Device_Library/Class/HID/Src/usbd_hid.c **** {
 373:Middlewares/ST/STM32_USB_Device_Library/Class/HID/Src/usbd_hid.c ****   /* Open EP IN */
 374:Middlewares/ST/STM32_USB_Device_Library/Class/HID/Src/usbd_hid.c ****   USBD_LL_OpenEP(pdev, HID_EPIN_ADDR, USBD_EP_TYPE_INTR, HID_EPIN_SIZE);
ARM GAS  /tmp/ccOZgCxA.s 			page 8


 375:Middlewares/ST/STM32_USB_Device_Library/Class/HID/Src/usbd_hid.c ****   pdev->ep_in[HID_EPIN_ADDR & 0xFU].is_used = 1U;
 376:Middlewares/ST/STM32_USB_Device_Library/Class/HID/Src/usbd_hid.c **** 
 377:Middlewares/ST/STM32_USB_Device_Library/Class/HID/Src/usbd_hid.c ****   pdev->pClassData = USBD_malloc(sizeof(USBD_HID_HandleTypeDef));
 378:Middlewares/ST/STM32_USB_Device_Library/Class/HID/Src/usbd_hid.c **** 
 379:Middlewares/ST/STM32_USB_Device_Library/Class/HID/Src/usbd_hid.c ****   if (pdev->pClassData == NULL)
 380:Middlewares/ST/STM32_USB_Device_Library/Class/HID/Src/usbd_hid.c ****   {
 381:Middlewares/ST/STM32_USB_Device_Library/Class/HID/Src/usbd_hid.c ****     return USBD_FAIL;
 382:Middlewares/ST/STM32_USB_Device_Library/Class/HID/Src/usbd_hid.c ****   }
 383:Middlewares/ST/STM32_USB_Device_Library/Class/HID/Src/usbd_hid.c **** 
 384:Middlewares/ST/STM32_USB_Device_Library/Class/HID/Src/usbd_hid.c ****   ((USBD_HID_HandleTypeDef *)pdev->pClassData)->state = HID_IDLE;
 385:Middlewares/ST/STM32_USB_Device_Library/Class/HID/Src/usbd_hid.c **** 
 386:Middlewares/ST/STM32_USB_Device_Library/Class/HID/Src/usbd_hid.c ****   return USBD_OK;
 387:Middlewares/ST/STM32_USB_Device_Library/Class/HID/Src/usbd_hid.c **** }
 388:Middlewares/ST/STM32_USB_Device_Library/Class/HID/Src/usbd_hid.c **** 
 389:Middlewares/ST/STM32_USB_Device_Library/Class/HID/Src/usbd_hid.c **** /**
 390:Middlewares/ST/STM32_USB_Device_Library/Class/HID/Src/usbd_hid.c ****   * @brief  USBD_HID_Init
 391:Middlewares/ST/STM32_USB_Device_Library/Class/HID/Src/usbd_hid.c ****   *         DeInitialize the HID layer
 392:Middlewares/ST/STM32_USB_Device_Library/Class/HID/Src/usbd_hid.c ****   * @param  pdev: device instance
 393:Middlewares/ST/STM32_USB_Device_Library/Class/HID/Src/usbd_hid.c ****   * @param  cfgidx: Configuration index
 394:Middlewares/ST/STM32_USB_Device_Library/Class/HID/Src/usbd_hid.c ****   * @retval status
 395:Middlewares/ST/STM32_USB_Device_Library/Class/HID/Src/usbd_hid.c ****   */
 396:Middlewares/ST/STM32_USB_Device_Library/Class/HID/Src/usbd_hid.c **** static uint8_t  USBD_HID_DeInit(USBD_HandleTypeDef *pdev,
 397:Middlewares/ST/STM32_USB_Device_Library/Class/HID/Src/usbd_hid.c ****                                 uint8_t cfgidx)
 398:Middlewares/ST/STM32_USB_Device_Library/Class/HID/Src/usbd_hid.c **** {
 399:Middlewares/ST/STM32_USB_Device_Library/Class/HID/Src/usbd_hid.c ****   /* Close HID EPs */
 400:Middlewares/ST/STM32_USB_Device_Library/Class/HID/Src/usbd_hid.c ****   USBD_LL_CloseEP(pdev, HID_EPIN_ADDR);
 401:Middlewares/ST/STM32_USB_Device_Library/Class/HID/Src/usbd_hid.c ****   pdev->ep_in[HID_EPIN_ADDR & 0xFU].is_used = 0U;
 402:Middlewares/ST/STM32_USB_Device_Library/Class/HID/Src/usbd_hid.c **** 
 403:Middlewares/ST/STM32_USB_Device_Library/Class/HID/Src/usbd_hid.c ****   /* FRee allocated memory */
 404:Middlewares/ST/STM32_USB_Device_Library/Class/HID/Src/usbd_hid.c ****   if (pdev->pClassData != NULL)
 405:Middlewares/ST/STM32_USB_Device_Library/Class/HID/Src/usbd_hid.c ****   {
 406:Middlewares/ST/STM32_USB_Device_Library/Class/HID/Src/usbd_hid.c ****     USBD_free(pdev->pClassData);
 407:Middlewares/ST/STM32_USB_Device_Library/Class/HID/Src/usbd_hid.c ****     pdev->pClassData = NULL;
 408:Middlewares/ST/STM32_USB_Device_Library/Class/HID/Src/usbd_hid.c ****   }
 409:Middlewares/ST/STM32_USB_Device_Library/Class/HID/Src/usbd_hid.c **** 
 410:Middlewares/ST/STM32_USB_Device_Library/Class/HID/Src/usbd_hid.c ****   return USBD_OK;
 411:Middlewares/ST/STM32_USB_Device_Library/Class/HID/Src/usbd_hid.c **** }
 412:Middlewares/ST/STM32_USB_Device_Library/Class/HID/Src/usbd_hid.c **** 
 413:Middlewares/ST/STM32_USB_Device_Library/Class/HID/Src/usbd_hid.c **** /**
 414:Middlewares/ST/STM32_USB_Device_Library/Class/HID/Src/usbd_hid.c ****   * @brief  USBD_HID_Setup
 415:Middlewares/ST/STM32_USB_Device_Library/Class/HID/Src/usbd_hid.c ****   *         Handle the HID specific requests
 416:Middlewares/ST/STM32_USB_Device_Library/Class/HID/Src/usbd_hid.c ****   * @param  pdev: instance
 417:Middlewares/ST/STM32_USB_Device_Library/Class/HID/Src/usbd_hid.c ****   * @param  req: usb requests
 418:Middlewares/ST/STM32_USB_Device_Library/Class/HID/Src/usbd_hid.c ****   * @retval status
 419:Middlewares/ST/STM32_USB_Device_Library/Class/HID/Src/usbd_hid.c ****   */
 420:Middlewares/ST/STM32_USB_Device_Library/Class/HID/Src/usbd_hid.c **** static uint8_t  USBD_HID_Setup(USBD_HandleTypeDef *pdev,
 421:Middlewares/ST/STM32_USB_Device_Library/Class/HID/Src/usbd_hid.c ****                                USBD_SetupReqTypedef *req)
 422:Middlewares/ST/STM32_USB_Device_Library/Class/HID/Src/usbd_hid.c **** {
 423:Middlewares/ST/STM32_USB_Device_Library/Class/HID/Src/usbd_hid.c ****   USBD_HID_HandleTypeDef *hhid = (USBD_HID_HandleTypeDef *) pdev->pClassData;
 424:Middlewares/ST/STM32_USB_Device_Library/Class/HID/Src/usbd_hid.c ****   uint16_t len = 0U;
 425:Middlewares/ST/STM32_USB_Device_Library/Class/HID/Src/usbd_hid.c ****   uint8_t *pbuf = NULL;
 426:Middlewares/ST/STM32_USB_Device_Library/Class/HID/Src/usbd_hid.c ****   uint16_t status_info = 0U;
 427:Middlewares/ST/STM32_USB_Device_Library/Class/HID/Src/usbd_hid.c ****   USBD_StatusTypeDef ret = USBD_OK;
 428:Middlewares/ST/STM32_USB_Device_Library/Class/HID/Src/usbd_hid.c **** 
 429:Middlewares/ST/STM32_USB_Device_Library/Class/HID/Src/usbd_hid.c ****   switch (req->bmRequest & USB_REQ_TYPE_MASK)
 430:Middlewares/ST/STM32_USB_Device_Library/Class/HID/Src/usbd_hid.c ****   {
 431:Middlewares/ST/STM32_USB_Device_Library/Class/HID/Src/usbd_hid.c ****     case USB_REQ_TYPE_CLASS :
ARM GAS  /tmp/ccOZgCxA.s 			page 9


 432:Middlewares/ST/STM32_USB_Device_Library/Class/HID/Src/usbd_hid.c ****       switch (req->bRequest)
 433:Middlewares/ST/STM32_USB_Device_Library/Class/HID/Src/usbd_hid.c ****       {
 434:Middlewares/ST/STM32_USB_Device_Library/Class/HID/Src/usbd_hid.c ****         case HID_REQ_SET_PROTOCOL:
 435:Middlewares/ST/STM32_USB_Device_Library/Class/HID/Src/usbd_hid.c ****           hhid->Protocol = (uint8_t)(req->wValue);
 436:Middlewares/ST/STM32_USB_Device_Library/Class/HID/Src/usbd_hid.c ****           break;
 437:Middlewares/ST/STM32_USB_Device_Library/Class/HID/Src/usbd_hid.c **** 
 438:Middlewares/ST/STM32_USB_Device_Library/Class/HID/Src/usbd_hid.c ****         case HID_REQ_GET_PROTOCOL:
 439:Middlewares/ST/STM32_USB_Device_Library/Class/HID/Src/usbd_hid.c ****           USBD_CtlSendData(pdev, (uint8_t *)(void *)&hhid->Protocol, 1U);
 440:Middlewares/ST/STM32_USB_Device_Library/Class/HID/Src/usbd_hid.c ****           break;
 441:Middlewares/ST/STM32_USB_Device_Library/Class/HID/Src/usbd_hid.c **** 
 442:Middlewares/ST/STM32_USB_Device_Library/Class/HID/Src/usbd_hid.c ****         case HID_REQ_SET_IDLE:
 443:Middlewares/ST/STM32_USB_Device_Library/Class/HID/Src/usbd_hid.c ****           hhid->IdleState = (uint8_t)(req->wValue >> 8);
 444:Middlewares/ST/STM32_USB_Device_Library/Class/HID/Src/usbd_hid.c ****           break;
 445:Middlewares/ST/STM32_USB_Device_Library/Class/HID/Src/usbd_hid.c **** 
 446:Middlewares/ST/STM32_USB_Device_Library/Class/HID/Src/usbd_hid.c ****         case HID_REQ_GET_IDLE:
 447:Middlewares/ST/STM32_USB_Device_Library/Class/HID/Src/usbd_hid.c ****           USBD_CtlSendData(pdev, (uint8_t *)(void *)&hhid->IdleState, 1U);
 448:Middlewares/ST/STM32_USB_Device_Library/Class/HID/Src/usbd_hid.c ****           break;
 449:Middlewares/ST/STM32_USB_Device_Library/Class/HID/Src/usbd_hid.c **** 
 450:Middlewares/ST/STM32_USB_Device_Library/Class/HID/Src/usbd_hid.c ****         default:
 451:Middlewares/ST/STM32_USB_Device_Library/Class/HID/Src/usbd_hid.c ****           USBD_CtlError(pdev, req);
 452:Middlewares/ST/STM32_USB_Device_Library/Class/HID/Src/usbd_hid.c ****           ret = USBD_FAIL;
 453:Middlewares/ST/STM32_USB_Device_Library/Class/HID/Src/usbd_hid.c ****           break;
 454:Middlewares/ST/STM32_USB_Device_Library/Class/HID/Src/usbd_hid.c ****       }
 455:Middlewares/ST/STM32_USB_Device_Library/Class/HID/Src/usbd_hid.c ****       break;
 456:Middlewares/ST/STM32_USB_Device_Library/Class/HID/Src/usbd_hid.c ****     case USB_REQ_TYPE_STANDARD:
 457:Middlewares/ST/STM32_USB_Device_Library/Class/HID/Src/usbd_hid.c ****       switch (req->bRequest)
 458:Middlewares/ST/STM32_USB_Device_Library/Class/HID/Src/usbd_hid.c ****       {
 459:Middlewares/ST/STM32_USB_Device_Library/Class/HID/Src/usbd_hid.c ****         case USB_REQ_GET_STATUS:
 460:Middlewares/ST/STM32_USB_Device_Library/Class/HID/Src/usbd_hid.c ****           if (pdev->dev_state == USBD_STATE_CONFIGURED)
 461:Middlewares/ST/STM32_USB_Device_Library/Class/HID/Src/usbd_hid.c ****           {
 462:Middlewares/ST/STM32_USB_Device_Library/Class/HID/Src/usbd_hid.c ****             USBD_CtlSendData(pdev, (uint8_t *)(void *)&status_info, 2U);
 463:Middlewares/ST/STM32_USB_Device_Library/Class/HID/Src/usbd_hid.c ****           }
 464:Middlewares/ST/STM32_USB_Device_Library/Class/HID/Src/usbd_hid.c ****           else
 465:Middlewares/ST/STM32_USB_Device_Library/Class/HID/Src/usbd_hid.c ****           {
 466:Middlewares/ST/STM32_USB_Device_Library/Class/HID/Src/usbd_hid.c ****             USBD_CtlError(pdev, req);
 467:Middlewares/ST/STM32_USB_Device_Library/Class/HID/Src/usbd_hid.c ****             ret = USBD_FAIL;
 468:Middlewares/ST/STM32_USB_Device_Library/Class/HID/Src/usbd_hid.c ****           }
 469:Middlewares/ST/STM32_USB_Device_Library/Class/HID/Src/usbd_hid.c ****           break;
 470:Middlewares/ST/STM32_USB_Device_Library/Class/HID/Src/usbd_hid.c **** 
 471:Middlewares/ST/STM32_USB_Device_Library/Class/HID/Src/usbd_hid.c ****         case USB_REQ_GET_DESCRIPTOR:
 472:Middlewares/ST/STM32_USB_Device_Library/Class/HID/Src/usbd_hid.c ****           if (req->wValue >> 8 == HID_REPORT_DESC)
 473:Middlewares/ST/STM32_USB_Device_Library/Class/HID/Src/usbd_hid.c ****           {
 474:Middlewares/ST/STM32_USB_Device_Library/Class/HID/Src/usbd_hid.c ****             len = MIN(HID_MOUSE_REPORT_DESC_SIZE, req->wLength);
 475:Middlewares/ST/STM32_USB_Device_Library/Class/HID/Src/usbd_hid.c ****             pbuf = HID_MOUSE_ReportDesc;
 476:Middlewares/ST/STM32_USB_Device_Library/Class/HID/Src/usbd_hid.c ****           }
 477:Middlewares/ST/STM32_USB_Device_Library/Class/HID/Src/usbd_hid.c ****           else if (req->wValue >> 8 == HID_DESCRIPTOR_TYPE)
 478:Middlewares/ST/STM32_USB_Device_Library/Class/HID/Src/usbd_hid.c ****           {
 479:Middlewares/ST/STM32_USB_Device_Library/Class/HID/Src/usbd_hid.c ****             pbuf = USBD_HID_Desc;
 480:Middlewares/ST/STM32_USB_Device_Library/Class/HID/Src/usbd_hid.c ****             len = MIN(USB_HID_DESC_SIZ, req->wLength);
 481:Middlewares/ST/STM32_USB_Device_Library/Class/HID/Src/usbd_hid.c ****           }
 482:Middlewares/ST/STM32_USB_Device_Library/Class/HID/Src/usbd_hid.c ****           else
 483:Middlewares/ST/STM32_USB_Device_Library/Class/HID/Src/usbd_hid.c ****           {
 484:Middlewares/ST/STM32_USB_Device_Library/Class/HID/Src/usbd_hid.c ****             USBD_CtlError(pdev, req);
 485:Middlewares/ST/STM32_USB_Device_Library/Class/HID/Src/usbd_hid.c ****             ret = USBD_FAIL;
 486:Middlewares/ST/STM32_USB_Device_Library/Class/HID/Src/usbd_hid.c ****             break;
 487:Middlewares/ST/STM32_USB_Device_Library/Class/HID/Src/usbd_hid.c ****           }
 488:Middlewares/ST/STM32_USB_Device_Library/Class/HID/Src/usbd_hid.c ****           USBD_CtlSendData(pdev, pbuf, len);
ARM GAS  /tmp/ccOZgCxA.s 			page 10


 489:Middlewares/ST/STM32_USB_Device_Library/Class/HID/Src/usbd_hid.c ****           break;
 490:Middlewares/ST/STM32_USB_Device_Library/Class/HID/Src/usbd_hid.c **** 
 491:Middlewares/ST/STM32_USB_Device_Library/Class/HID/Src/usbd_hid.c ****         case USB_REQ_GET_INTERFACE :
 492:Middlewares/ST/STM32_USB_Device_Library/Class/HID/Src/usbd_hid.c ****           if (pdev->dev_state == USBD_STATE_CONFIGURED)
 493:Middlewares/ST/STM32_USB_Device_Library/Class/HID/Src/usbd_hid.c ****           {
 494:Middlewares/ST/STM32_USB_Device_Library/Class/HID/Src/usbd_hid.c ****             USBD_CtlSendData(pdev, (uint8_t *)(void *)&hhid->AltSetting, 1U);
 495:Middlewares/ST/STM32_USB_Device_Library/Class/HID/Src/usbd_hid.c ****           }
 496:Middlewares/ST/STM32_USB_Device_Library/Class/HID/Src/usbd_hid.c ****           else
 497:Middlewares/ST/STM32_USB_Device_Library/Class/HID/Src/usbd_hid.c ****           {
 498:Middlewares/ST/STM32_USB_Device_Library/Class/HID/Src/usbd_hid.c ****             USBD_CtlError(pdev, req);
 499:Middlewares/ST/STM32_USB_Device_Library/Class/HID/Src/usbd_hid.c ****             ret = USBD_FAIL;
 500:Middlewares/ST/STM32_USB_Device_Library/Class/HID/Src/usbd_hid.c ****           }
 501:Middlewares/ST/STM32_USB_Device_Library/Class/HID/Src/usbd_hid.c ****           break;
 502:Middlewares/ST/STM32_USB_Device_Library/Class/HID/Src/usbd_hid.c **** 
 503:Middlewares/ST/STM32_USB_Device_Library/Class/HID/Src/usbd_hid.c ****         case USB_REQ_SET_INTERFACE :
 504:Middlewares/ST/STM32_USB_Device_Library/Class/HID/Src/usbd_hid.c ****           if (pdev->dev_state == USBD_STATE_CONFIGURED)
 505:Middlewares/ST/STM32_USB_Device_Library/Class/HID/Src/usbd_hid.c ****           {
 506:Middlewares/ST/STM32_USB_Device_Library/Class/HID/Src/usbd_hid.c ****             hhid->AltSetting = (uint8_t)(req->wValue);
 507:Middlewares/ST/STM32_USB_Device_Library/Class/HID/Src/usbd_hid.c ****           }
 508:Middlewares/ST/STM32_USB_Device_Library/Class/HID/Src/usbd_hid.c ****           else
 509:Middlewares/ST/STM32_USB_Device_Library/Class/HID/Src/usbd_hid.c ****           {
 510:Middlewares/ST/STM32_USB_Device_Library/Class/HID/Src/usbd_hid.c ****             USBD_CtlError(pdev, req);
 511:Middlewares/ST/STM32_USB_Device_Library/Class/HID/Src/usbd_hid.c ****             ret = USBD_FAIL;
 512:Middlewares/ST/STM32_USB_Device_Library/Class/HID/Src/usbd_hid.c ****           }
 513:Middlewares/ST/STM32_USB_Device_Library/Class/HID/Src/usbd_hid.c ****           break;
 514:Middlewares/ST/STM32_USB_Device_Library/Class/HID/Src/usbd_hid.c **** 
 515:Middlewares/ST/STM32_USB_Device_Library/Class/HID/Src/usbd_hid.c ****         default:
 516:Middlewares/ST/STM32_USB_Device_Library/Class/HID/Src/usbd_hid.c ****           USBD_CtlError(pdev, req);
 517:Middlewares/ST/STM32_USB_Device_Library/Class/HID/Src/usbd_hid.c ****           ret = USBD_FAIL;
 518:Middlewares/ST/STM32_USB_Device_Library/Class/HID/Src/usbd_hid.c ****           break;
 519:Middlewares/ST/STM32_USB_Device_Library/Class/HID/Src/usbd_hid.c ****       }
 520:Middlewares/ST/STM32_USB_Device_Library/Class/HID/Src/usbd_hid.c ****       break;
 521:Middlewares/ST/STM32_USB_Device_Library/Class/HID/Src/usbd_hid.c **** 
 522:Middlewares/ST/STM32_USB_Device_Library/Class/HID/Src/usbd_hid.c ****     default:
 523:Middlewares/ST/STM32_USB_Device_Library/Class/HID/Src/usbd_hid.c ****       USBD_CtlError(pdev, req);
 524:Middlewares/ST/STM32_USB_Device_Library/Class/HID/Src/usbd_hid.c ****       ret = USBD_FAIL;
 525:Middlewares/ST/STM32_USB_Device_Library/Class/HID/Src/usbd_hid.c ****       break;
 526:Middlewares/ST/STM32_USB_Device_Library/Class/HID/Src/usbd_hid.c ****   }
 527:Middlewares/ST/STM32_USB_Device_Library/Class/HID/Src/usbd_hid.c **** 
 528:Middlewares/ST/STM32_USB_Device_Library/Class/HID/Src/usbd_hid.c ****   return ret;
 529:Middlewares/ST/STM32_USB_Device_Library/Class/HID/Src/usbd_hid.c **** }
 530:Middlewares/ST/STM32_USB_Device_Library/Class/HID/Src/usbd_hid.c **** 
 531:Middlewares/ST/STM32_USB_Device_Library/Class/HID/Src/usbd_hid.c **** /**
 532:Middlewares/ST/STM32_USB_Device_Library/Class/HID/Src/usbd_hid.c ****   * @brief  USBD_HID_SendReport
 533:Middlewares/ST/STM32_USB_Device_Library/Class/HID/Src/usbd_hid.c ****   *         Send HID Report
 534:Middlewares/ST/STM32_USB_Device_Library/Class/HID/Src/usbd_hid.c ****   * @param  pdev: device instance
 535:Middlewares/ST/STM32_USB_Device_Library/Class/HID/Src/usbd_hid.c ****   * @param  buff: pointer to report
 536:Middlewares/ST/STM32_USB_Device_Library/Class/HID/Src/usbd_hid.c ****   * @retval status
 537:Middlewares/ST/STM32_USB_Device_Library/Class/HID/Src/usbd_hid.c ****   */
 538:Middlewares/ST/STM32_USB_Device_Library/Class/HID/Src/usbd_hid.c **** uint8_t USBD_HID_SendReport(USBD_HandleTypeDef  *pdev,
 539:Middlewares/ST/STM32_USB_Device_Library/Class/HID/Src/usbd_hid.c ****                             uint8_t *report,
 540:Middlewares/ST/STM32_USB_Device_Library/Class/HID/Src/usbd_hid.c ****                             uint16_t len)
 541:Middlewares/ST/STM32_USB_Device_Library/Class/HID/Src/usbd_hid.c **** {
 542:Middlewares/ST/STM32_USB_Device_Library/Class/HID/Src/usbd_hid.c ****   USBD_HID_HandleTypeDef     *hhid = (USBD_HID_HandleTypeDef *)pdev->pClassData;
 543:Middlewares/ST/STM32_USB_Device_Library/Class/HID/Src/usbd_hid.c **** 
 544:Middlewares/ST/STM32_USB_Device_Library/Class/HID/Src/usbd_hid.c ****   if (pdev->dev_state == USBD_STATE_CONFIGURED)
 545:Middlewares/ST/STM32_USB_Device_Library/Class/HID/Src/usbd_hid.c ****   {
ARM GAS  /tmp/ccOZgCxA.s 			page 11


 546:Middlewares/ST/STM32_USB_Device_Library/Class/HID/Src/usbd_hid.c ****     if (hhid->state == HID_IDLE)
 547:Middlewares/ST/STM32_USB_Device_Library/Class/HID/Src/usbd_hid.c ****     {
 548:Middlewares/ST/STM32_USB_Device_Library/Class/HID/Src/usbd_hid.c ****       hhid->state = HID_BUSY;
 549:Middlewares/ST/STM32_USB_Device_Library/Class/HID/Src/usbd_hid.c ****       USBD_LL_Transmit(pdev,
 550:Middlewares/ST/STM32_USB_Device_Library/Class/HID/Src/usbd_hid.c ****                        HID_EPIN_ADDR,
 551:Middlewares/ST/STM32_USB_Device_Library/Class/HID/Src/usbd_hid.c ****                        report,
 552:Middlewares/ST/STM32_USB_Device_Library/Class/HID/Src/usbd_hid.c ****                        len);
 553:Middlewares/ST/STM32_USB_Device_Library/Class/HID/Src/usbd_hid.c ****     }
 554:Middlewares/ST/STM32_USB_Device_Library/Class/HID/Src/usbd_hid.c ****   }
 555:Middlewares/ST/STM32_USB_Device_Library/Class/HID/Src/usbd_hid.c ****   return USBD_OK;
 556:Middlewares/ST/STM32_USB_Device_Library/Class/HID/Src/usbd_hid.c **** }
 557:Middlewares/ST/STM32_USB_Device_Library/Class/HID/Src/usbd_hid.c **** 
 558:Middlewares/ST/STM32_USB_Device_Library/Class/HID/Src/usbd_hid.c **** /**
 559:Middlewares/ST/STM32_USB_Device_Library/Class/HID/Src/usbd_hid.c ****   * @brief  USBD_HID_GetPollingInterval
 560:Middlewares/ST/STM32_USB_Device_Library/Class/HID/Src/usbd_hid.c ****   *         return polling interval from endpoint descriptor
 561:Middlewares/ST/STM32_USB_Device_Library/Class/HID/Src/usbd_hid.c ****   * @param  pdev: device instance
 562:Middlewares/ST/STM32_USB_Device_Library/Class/HID/Src/usbd_hid.c ****   * @retval polling interval
 563:Middlewares/ST/STM32_USB_Device_Library/Class/HID/Src/usbd_hid.c ****   */
 564:Middlewares/ST/STM32_USB_Device_Library/Class/HID/Src/usbd_hid.c **** uint32_t USBD_HID_GetPollingInterval(USBD_HandleTypeDef *pdev)
 565:Middlewares/ST/STM32_USB_Device_Library/Class/HID/Src/usbd_hid.c **** {
 566:Middlewares/ST/STM32_USB_Device_Library/Class/HID/Src/usbd_hid.c ****   uint32_t polling_interval = 0U;
 567:Middlewares/ST/STM32_USB_Device_Library/Class/HID/Src/usbd_hid.c **** 
 568:Middlewares/ST/STM32_USB_Device_Library/Class/HID/Src/usbd_hid.c ****   /* HIGH-speed endpoints */
 569:Middlewares/ST/STM32_USB_Device_Library/Class/HID/Src/usbd_hid.c ****   if (pdev->dev_speed == USBD_SPEED_HIGH)
 570:Middlewares/ST/STM32_USB_Device_Library/Class/HID/Src/usbd_hid.c ****   {
 571:Middlewares/ST/STM32_USB_Device_Library/Class/HID/Src/usbd_hid.c ****     /* Sets the data transfer polling interval for high speed transfers.
 572:Middlewares/ST/STM32_USB_Device_Library/Class/HID/Src/usbd_hid.c ****      Values between 1..16 are allowed. Values correspond to interval
 573:Middlewares/ST/STM32_USB_Device_Library/Class/HID/Src/usbd_hid.c ****      of 2 ^ (bInterval-1). This option (8 ms, corresponds to HID_HS_BINTERVAL */
 574:Middlewares/ST/STM32_USB_Device_Library/Class/HID/Src/usbd_hid.c ****     polling_interval = (((1U << (HID_HS_BINTERVAL - 1U))) / 8U);
 575:Middlewares/ST/STM32_USB_Device_Library/Class/HID/Src/usbd_hid.c ****   }
 576:Middlewares/ST/STM32_USB_Device_Library/Class/HID/Src/usbd_hid.c ****   else   /* LOW and FULL-speed endpoints */
 577:Middlewares/ST/STM32_USB_Device_Library/Class/HID/Src/usbd_hid.c ****   {
 578:Middlewares/ST/STM32_USB_Device_Library/Class/HID/Src/usbd_hid.c ****     /* Sets the data transfer polling interval for low and full
 579:Middlewares/ST/STM32_USB_Device_Library/Class/HID/Src/usbd_hid.c ****     speed transfers */
 580:Middlewares/ST/STM32_USB_Device_Library/Class/HID/Src/usbd_hid.c ****     polling_interval =  HID_FS_BINTERVAL;
 581:Middlewares/ST/STM32_USB_Device_Library/Class/HID/Src/usbd_hid.c ****   }
 582:Middlewares/ST/STM32_USB_Device_Library/Class/HID/Src/usbd_hid.c **** 
 583:Middlewares/ST/STM32_USB_Device_Library/Class/HID/Src/usbd_hid.c ****   return ((uint32_t)(polling_interval));
 584:Middlewares/ST/STM32_USB_Device_Library/Class/HID/Src/usbd_hid.c **** }
 585:Middlewares/ST/STM32_USB_Device_Library/Class/HID/Src/usbd_hid.c **** 
 586:Middlewares/ST/STM32_USB_Device_Library/Class/HID/Src/usbd_hid.c **** /**
 587:Middlewares/ST/STM32_USB_Device_Library/Class/HID/Src/usbd_hid.c ****   * @brief  USBD_HID_GetCfgFSDesc
 588:Middlewares/ST/STM32_USB_Device_Library/Class/HID/Src/usbd_hid.c ****   *         return FS configuration descriptor
 589:Middlewares/ST/STM32_USB_Device_Library/Class/HID/Src/usbd_hid.c ****   * @param  speed : current device speed
 590:Middlewares/ST/STM32_USB_Device_Library/Class/HID/Src/usbd_hid.c ****   * @param  length : pointer data length
 591:Middlewares/ST/STM32_USB_Device_Library/Class/HID/Src/usbd_hid.c ****   * @retval pointer to descriptor buffer
 592:Middlewares/ST/STM32_USB_Device_Library/Class/HID/Src/usbd_hid.c ****   */
 593:Middlewares/ST/STM32_USB_Device_Library/Class/HID/Src/usbd_hid.c **** static uint8_t  *USBD_HID_GetFSCfgDesc(uint16_t *length)
 594:Middlewares/ST/STM32_USB_Device_Library/Class/HID/Src/usbd_hid.c **** {
  27              		.loc 1 594 1 view -0
  28              		.cfi_startproc
  29              		@ args = 0, pretend = 0, frame = 0
  30              		@ frame_needed = 0, uses_anonymous_args = 0
  31              		@ link register save eliminated.
 595:Middlewares/ST/STM32_USB_Device_Library/Class/HID/Src/usbd_hid.c ****   *length = sizeof(USBD_HID_CfgFSDesc);
  32              		.loc 1 595 3 view .LVU1
  33              		.loc 1 595 11 is_stmt 0 view .LVU2
ARM GAS  /tmp/ccOZgCxA.s 			page 12


  34 0000 2223     		movs	r3, #34
  35 0002 0380     		strh	r3, [r0]	@ movhi
 596:Middlewares/ST/STM32_USB_Device_Library/Class/HID/Src/usbd_hid.c ****   return USBD_HID_CfgFSDesc;
  36              		.loc 1 596 3 is_stmt 1 view .LVU3
 597:Middlewares/ST/STM32_USB_Device_Library/Class/HID/Src/usbd_hid.c **** }
  37              		.loc 1 597 1 is_stmt 0 view .LVU4
  38 0004 0048     		ldr	r0, .L2
  39              	.LVL1:
  40              		.loc 1 597 1 view .LVU5
  41 0006 7047     		bx	lr
  42              	.L3:
  43              		.align	2
  44              	.L2:
  45 0008 00000000 		.word	USBD_HID_CfgFSDesc
  46              		.cfi_endproc
  47              	.LFE73:
  49              		.section	.text.USBD_HID_GetHSCfgDesc,"ax",%progbits
  50              		.align	1
  51              		.syntax unified
  52              		.thumb
  53              		.thumb_func
  55              	USBD_HID_GetHSCfgDesc:
  56              	.LVL2:
  57              	.LFB74:
 598:Middlewares/ST/STM32_USB_Device_Library/Class/HID/Src/usbd_hid.c **** 
 599:Middlewares/ST/STM32_USB_Device_Library/Class/HID/Src/usbd_hid.c **** /**
 600:Middlewares/ST/STM32_USB_Device_Library/Class/HID/Src/usbd_hid.c ****   * @brief  USBD_HID_GetCfgHSDesc
 601:Middlewares/ST/STM32_USB_Device_Library/Class/HID/Src/usbd_hid.c ****   *         return HS configuration descriptor
 602:Middlewares/ST/STM32_USB_Device_Library/Class/HID/Src/usbd_hid.c ****   * @param  speed : current device speed
 603:Middlewares/ST/STM32_USB_Device_Library/Class/HID/Src/usbd_hid.c ****   * @param  length : pointer data length
 604:Middlewares/ST/STM32_USB_Device_Library/Class/HID/Src/usbd_hid.c ****   * @retval pointer to descriptor buffer
 605:Middlewares/ST/STM32_USB_Device_Library/Class/HID/Src/usbd_hid.c ****   */
 606:Middlewares/ST/STM32_USB_Device_Library/Class/HID/Src/usbd_hid.c **** static uint8_t  *USBD_HID_GetHSCfgDesc(uint16_t *length)
 607:Middlewares/ST/STM32_USB_Device_Library/Class/HID/Src/usbd_hid.c **** {
  58              		.loc 1 607 1 is_stmt 1 view -0
  59              		.cfi_startproc
  60              		@ args = 0, pretend = 0, frame = 0
  61              		@ frame_needed = 0, uses_anonymous_args = 0
  62              		@ link register save eliminated.
 608:Middlewares/ST/STM32_USB_Device_Library/Class/HID/Src/usbd_hid.c ****   *length = sizeof(USBD_HID_CfgHSDesc);
  63              		.loc 1 608 3 view .LVU7
  64              		.loc 1 608 11 is_stmt 0 view .LVU8
  65 0000 2223     		movs	r3, #34
  66 0002 0380     		strh	r3, [r0]	@ movhi
 609:Middlewares/ST/STM32_USB_Device_Library/Class/HID/Src/usbd_hid.c ****   return USBD_HID_CfgHSDesc;
  67              		.loc 1 609 3 is_stmt 1 view .LVU9
 610:Middlewares/ST/STM32_USB_Device_Library/Class/HID/Src/usbd_hid.c **** }
  68              		.loc 1 610 1 is_stmt 0 view .LVU10
  69 0004 0048     		ldr	r0, .L5
  70              	.LVL3:
  71              		.loc 1 610 1 view .LVU11
  72 0006 7047     		bx	lr
  73              	.L6:
  74              		.align	2
  75              	.L5:
  76 0008 00000000 		.word	USBD_HID_CfgHSDesc
  77              		.cfi_endproc
ARM GAS  /tmp/ccOZgCxA.s 			page 13


  78              	.LFE74:
  80              		.section	.text.USBD_HID_GetOtherSpeedCfgDesc,"ax",%progbits
  81              		.align	1
  82              		.syntax unified
  83              		.thumb
  84              		.thumb_func
  86              	USBD_HID_GetOtherSpeedCfgDesc:
  87              	.LVL4:
  88              	.LFB75:
 611:Middlewares/ST/STM32_USB_Device_Library/Class/HID/Src/usbd_hid.c **** 
 612:Middlewares/ST/STM32_USB_Device_Library/Class/HID/Src/usbd_hid.c **** /**
 613:Middlewares/ST/STM32_USB_Device_Library/Class/HID/Src/usbd_hid.c ****   * @brief  USBD_HID_GetOtherSpeedCfgDesc
 614:Middlewares/ST/STM32_USB_Device_Library/Class/HID/Src/usbd_hid.c ****   *         return other speed configuration descriptor
 615:Middlewares/ST/STM32_USB_Device_Library/Class/HID/Src/usbd_hid.c ****   * @param  speed : current device speed
 616:Middlewares/ST/STM32_USB_Device_Library/Class/HID/Src/usbd_hid.c ****   * @param  length : pointer data length
 617:Middlewares/ST/STM32_USB_Device_Library/Class/HID/Src/usbd_hid.c ****   * @retval pointer to descriptor buffer
 618:Middlewares/ST/STM32_USB_Device_Library/Class/HID/Src/usbd_hid.c ****   */
 619:Middlewares/ST/STM32_USB_Device_Library/Class/HID/Src/usbd_hid.c **** static uint8_t  *USBD_HID_GetOtherSpeedCfgDesc(uint16_t *length)
 620:Middlewares/ST/STM32_USB_Device_Library/Class/HID/Src/usbd_hid.c **** {
  89              		.loc 1 620 1 is_stmt 1 view -0
  90              		.cfi_startproc
  91              		@ args = 0, pretend = 0, frame = 0
  92              		@ frame_needed = 0, uses_anonymous_args = 0
  93              		@ link register save eliminated.
 621:Middlewares/ST/STM32_USB_Device_Library/Class/HID/Src/usbd_hid.c ****   *length = sizeof(USBD_HID_OtherSpeedCfgDesc);
  94              		.loc 1 621 3 view .LVU13
  95              		.loc 1 621 11 is_stmt 0 view .LVU14
  96 0000 2223     		movs	r3, #34
  97 0002 0380     		strh	r3, [r0]	@ movhi
 622:Middlewares/ST/STM32_USB_Device_Library/Class/HID/Src/usbd_hid.c ****   return USBD_HID_OtherSpeedCfgDesc;
  98              		.loc 1 622 3 is_stmt 1 view .LVU15
 623:Middlewares/ST/STM32_USB_Device_Library/Class/HID/Src/usbd_hid.c **** }
  99              		.loc 1 623 1 is_stmt 0 view .LVU16
 100 0004 0048     		ldr	r0, .L8
 101              	.LVL5:
 102              		.loc 1 623 1 view .LVU17
 103 0006 7047     		bx	lr
 104              	.L9:
 105              		.align	2
 106              	.L8:
 107 0008 00000000 		.word	USBD_HID_OtherSpeedCfgDesc
 108              		.cfi_endproc
 109              	.LFE75:
 111              		.section	.text.USBD_HID_DataIn,"ax",%progbits
 112              		.align	1
 113              		.syntax unified
 114              		.thumb
 115              		.thumb_func
 117              	USBD_HID_DataIn:
 118              	.LVL6:
 119              	.LFB76:
 624:Middlewares/ST/STM32_USB_Device_Library/Class/HID/Src/usbd_hid.c **** 
 625:Middlewares/ST/STM32_USB_Device_Library/Class/HID/Src/usbd_hid.c **** /**
 626:Middlewares/ST/STM32_USB_Device_Library/Class/HID/Src/usbd_hid.c ****   * @brief  USBD_HID_DataIn
 627:Middlewares/ST/STM32_USB_Device_Library/Class/HID/Src/usbd_hid.c ****   *         handle data IN Stage
 628:Middlewares/ST/STM32_USB_Device_Library/Class/HID/Src/usbd_hid.c ****   * @param  pdev: device instance
 629:Middlewares/ST/STM32_USB_Device_Library/Class/HID/Src/usbd_hid.c ****   * @param  epnum: endpoint index
ARM GAS  /tmp/ccOZgCxA.s 			page 14


 630:Middlewares/ST/STM32_USB_Device_Library/Class/HID/Src/usbd_hid.c ****   * @retval status
 631:Middlewares/ST/STM32_USB_Device_Library/Class/HID/Src/usbd_hid.c ****   */
 632:Middlewares/ST/STM32_USB_Device_Library/Class/HID/Src/usbd_hid.c **** static uint8_t  USBD_HID_DataIn(USBD_HandleTypeDef *pdev,
 633:Middlewares/ST/STM32_USB_Device_Library/Class/HID/Src/usbd_hid.c ****                                 uint8_t epnum)
 634:Middlewares/ST/STM32_USB_Device_Library/Class/HID/Src/usbd_hid.c **** {
 120              		.loc 1 634 1 is_stmt 1 view -0
 121              		.cfi_startproc
 122              		@ args = 0, pretend = 0, frame = 0
 123              		@ frame_needed = 0, uses_anonymous_args = 0
 124              		@ link register save eliminated.
 635:Middlewares/ST/STM32_USB_Device_Library/Class/HID/Src/usbd_hid.c **** 
 636:Middlewares/ST/STM32_USB_Device_Library/Class/HID/Src/usbd_hid.c ****   /* Ensure that the FIFO is empty before a new transfer, this condition could
 637:Middlewares/ST/STM32_USB_Device_Library/Class/HID/Src/usbd_hid.c ****   be caused by  a new transfer before the end of the previous transfer */
 638:Middlewares/ST/STM32_USB_Device_Library/Class/HID/Src/usbd_hid.c ****   ((USBD_HID_HandleTypeDef *)pdev->pClassData)->state = HID_IDLE;
 125              		.loc 1 638 3 view .LVU19
 126              		.loc 1 638 34 is_stmt 0 view .LVU20
 127 0000 D0F8B832 		ldr	r3, [r0, #696]
 128              		.loc 1 638 55 view .LVU21
 129 0004 0020     		movs	r0, #0
 130              	.LVL7:
 131              		.loc 1 638 55 view .LVU22
 132 0006 1873     		strb	r0, [r3, #12]
 639:Middlewares/ST/STM32_USB_Device_Library/Class/HID/Src/usbd_hid.c ****   return USBD_OK;
 133              		.loc 1 639 3 is_stmt 1 view .LVU23
 640:Middlewares/ST/STM32_USB_Device_Library/Class/HID/Src/usbd_hid.c **** }
 134              		.loc 1 640 1 is_stmt 0 view .LVU24
 135 0008 7047     		bx	lr
 136              		.cfi_endproc
 137              	.LFE76:
 139              		.section	.text.USBD_HID_GetDeviceQualifierDesc,"ax",%progbits
 140              		.align	1
 141              		.syntax unified
 142              		.thumb
 143              		.thumb_func
 145              	USBD_HID_GetDeviceQualifierDesc:
 146              	.LVL8:
 147              	.LFB77:
 641:Middlewares/ST/STM32_USB_Device_Library/Class/HID/Src/usbd_hid.c **** 
 642:Middlewares/ST/STM32_USB_Device_Library/Class/HID/Src/usbd_hid.c **** 
 643:Middlewares/ST/STM32_USB_Device_Library/Class/HID/Src/usbd_hid.c **** /**
 644:Middlewares/ST/STM32_USB_Device_Library/Class/HID/Src/usbd_hid.c **** * @brief  DeviceQualifierDescriptor
 645:Middlewares/ST/STM32_USB_Device_Library/Class/HID/Src/usbd_hid.c **** *         return Device Qualifier descriptor
 646:Middlewares/ST/STM32_USB_Device_Library/Class/HID/Src/usbd_hid.c **** * @param  length : pointer data length
 647:Middlewares/ST/STM32_USB_Device_Library/Class/HID/Src/usbd_hid.c **** * @retval pointer to descriptor buffer
 648:Middlewares/ST/STM32_USB_Device_Library/Class/HID/Src/usbd_hid.c **** */
 649:Middlewares/ST/STM32_USB_Device_Library/Class/HID/Src/usbd_hid.c **** static uint8_t  *USBD_HID_GetDeviceQualifierDesc(uint16_t *length)
 650:Middlewares/ST/STM32_USB_Device_Library/Class/HID/Src/usbd_hid.c **** {
 148              		.loc 1 650 1 is_stmt 1 view -0
 149              		.cfi_startproc
 150              		@ args = 0, pretend = 0, frame = 0
 151              		@ frame_needed = 0, uses_anonymous_args = 0
 152              		@ link register save eliminated.
 651:Middlewares/ST/STM32_USB_Device_Library/Class/HID/Src/usbd_hid.c ****   *length = sizeof(USBD_HID_DeviceQualifierDesc);
 153              		.loc 1 651 3 view .LVU26
 154              		.loc 1 651 11 is_stmt 0 view .LVU27
 155 0000 0A23     		movs	r3, #10
 156 0002 0380     		strh	r3, [r0]	@ movhi
ARM GAS  /tmp/ccOZgCxA.s 			page 15


 652:Middlewares/ST/STM32_USB_Device_Library/Class/HID/Src/usbd_hid.c ****   return USBD_HID_DeviceQualifierDesc;
 157              		.loc 1 652 3 is_stmt 1 view .LVU28
 653:Middlewares/ST/STM32_USB_Device_Library/Class/HID/Src/usbd_hid.c **** }
 158              		.loc 1 653 1 is_stmt 0 view .LVU29
 159 0004 0048     		ldr	r0, .L12
 160              	.LVL9:
 161              		.loc 1 653 1 view .LVU30
 162 0006 7047     		bx	lr
 163              	.L13:
 164              		.align	2
 165              	.L12:
 166 0008 00000000 		.word	USBD_HID_DeviceQualifierDesc
 167              		.cfi_endproc
 168              	.LFE77:
 170              		.section	.text.USBD_HID_Setup,"ax",%progbits
 171              		.align	1
 172              		.syntax unified
 173              		.thumb
 174              		.thumb_func
 176              	USBD_HID_Setup:
 177              	.LVL10:
 178              	.LFB70:
 422:Middlewares/ST/STM32_USB_Device_Library/Class/HID/Src/usbd_hid.c ****   USBD_HID_HandleTypeDef *hhid = (USBD_HID_HandleTypeDef *) pdev->pClassData;
 179              		.loc 1 422 1 is_stmt 1 view -0
 180              		.cfi_startproc
 181              		@ args = 0, pretend = 0, frame = 8
 182              		@ frame_needed = 0, uses_anonymous_args = 0
 422:Middlewares/ST/STM32_USB_Device_Library/Class/HID/Src/usbd_hid.c ****   USBD_HID_HandleTypeDef *hhid = (USBD_HID_HandleTypeDef *) pdev->pClassData;
 183              		.loc 1 422 1 is_stmt 0 view .LVU32
 184 0000 70B5     		push	{r4, r5, r6, lr}
 185              	.LCFI0:
 186              		.cfi_def_cfa_offset 16
 187              		.cfi_offset 4, -16
 188              		.cfi_offset 5, -12
 189              		.cfi_offset 6, -8
 190              		.cfi_offset 14, -4
 191 0002 82B0     		sub	sp, sp, #8
 192              	.LCFI1:
 193              		.cfi_def_cfa_offset 24
 423:Middlewares/ST/STM32_USB_Device_Library/Class/HID/Src/usbd_hid.c ****   uint16_t len = 0U;
 194              		.loc 1 423 3 is_stmt 1 view .LVU33
 423:Middlewares/ST/STM32_USB_Device_Library/Class/HID/Src/usbd_hid.c ****   uint16_t len = 0U;
 195              		.loc 1 423 27 is_stmt 0 view .LVU34
 196 0004 D0F8B852 		ldr	r5, [r0, #696]
 197              	.LVL11:
 424:Middlewares/ST/STM32_USB_Device_Library/Class/HID/Src/usbd_hid.c ****   uint8_t *pbuf = NULL;
 198              		.loc 1 424 3 is_stmt 1 view .LVU35
 425:Middlewares/ST/STM32_USB_Device_Library/Class/HID/Src/usbd_hid.c ****   uint16_t status_info = 0U;
 199              		.loc 1 425 3 view .LVU36
 426:Middlewares/ST/STM32_USB_Device_Library/Class/HID/Src/usbd_hid.c ****   USBD_StatusTypeDef ret = USBD_OK;
 200              		.loc 1 426 3 view .LVU37
 426:Middlewares/ST/STM32_USB_Device_Library/Class/HID/Src/usbd_hid.c ****   USBD_StatusTypeDef ret = USBD_OK;
 201              		.loc 1 426 12 is_stmt 0 view .LVU38
 202 0008 0023     		movs	r3, #0
 203 000a ADF80630 		strh	r3, [sp, #6]	@ movhi
 427:Middlewares/ST/STM32_USB_Device_Library/Class/HID/Src/usbd_hid.c **** 
 204              		.loc 1 427 3 is_stmt 1 view .LVU39
ARM GAS  /tmp/ccOZgCxA.s 			page 16


 205              	.LVL12:
 429:Middlewares/ST/STM32_USB_Device_Library/Class/HID/Src/usbd_hid.c ****   {
 206              		.loc 1 429 3 view .LVU40
 429:Middlewares/ST/STM32_USB_Device_Library/Class/HID/Src/usbd_hid.c ****   {
 207              		.loc 1 429 14 is_stmt 0 view .LVU41
 208 000e 0C78     		ldrb	r4, [r1]	@ zero_extendqisi2
 429:Middlewares/ST/STM32_USB_Device_Library/Class/HID/Src/usbd_hid.c ****   {
 209              		.loc 1 429 3 view .LVU42
 210 0010 14F06004 		ands	r4, r4, #96
 211 0014 25D0     		beq	.L15
 212 0016 202C     		cmp	r4, #32
 213 0018 72D1     		bne	.L16
 432:Middlewares/ST/STM32_USB_Device_Library/Class/HID/Src/usbd_hid.c ****       {
 214              		.loc 1 432 7 is_stmt 1 view .LVU43
 432:Middlewares/ST/STM32_USB_Device_Library/Class/HID/Src/usbd_hid.c ****       {
 215              		.loc 1 432 18 is_stmt 0 view .LVU44
 216 001a 4B78     		ldrb	r3, [r1, #1]	@ zero_extendqisi2
 217 001c 023B     		subs	r3, r3, #2
 218 001e 092B     		cmp	r3, #9
 219 0020 1BD8     		bhi	.L17
 220 0022 DFE803F0 		tbb	[pc, r3]
 221              	.L19:
 222 0026 14       		.byte	(.L22-.L19)/2
 223 0027 09       		.byte	(.L21-.L19)/2
 224 0028 1A       		.byte	(.L17-.L19)/2
 225 0029 1A       		.byte	(.L17-.L19)/2
 226 002a 1A       		.byte	(.L17-.L19)/2
 227 002b 1A       		.byte	(.L17-.L19)/2
 228 002c 1A       		.byte	(.L17-.L19)/2
 229 002d 1A       		.byte	(.L17-.L19)/2
 230 002e 0F       		.byte	(.L20-.L19)/2
 231 002f 05       		.byte	(.L18-.L19)/2
 232              		.p2align 1
 233              	.L18:
 435:Middlewares/ST/STM32_USB_Device_Library/Class/HID/Src/usbd_hid.c ****           break;
 234              		.loc 1 435 11 is_stmt 1 view .LVU45
 435:Middlewares/ST/STM32_USB_Device_Library/Class/HID/Src/usbd_hid.c ****           break;
 235              		.loc 1 435 28 is_stmt 0 view .LVU46
 236 0030 8B78     		ldrb	r3, [r1, #2]	@ zero_extendqisi2
 435:Middlewares/ST/STM32_USB_Device_Library/Class/HID/Src/usbd_hid.c ****           break;
 237              		.loc 1 435 26 view .LVU47
 238 0032 2B60     		str	r3, [r5]
 436:Middlewares/ST/STM32_USB_Device_Library/Class/HID/Src/usbd_hid.c **** 
 239              		.loc 1 436 11 is_stmt 1 view .LVU48
 427:Middlewares/ST/STM32_USB_Device_Library/Class/HID/Src/usbd_hid.c **** 
 240              		.loc 1 427 22 is_stmt 0 view .LVU49
 241 0034 0024     		movs	r4, #0
 436:Middlewares/ST/STM32_USB_Device_Library/Class/HID/Src/usbd_hid.c **** 
 242              		.loc 1 436 11 view .LVU50
 243 0036 66E0     		b	.L23
 244              	.L21:
 439:Middlewares/ST/STM32_USB_Device_Library/Class/HID/Src/usbd_hid.c ****           break;
 245              		.loc 1 439 11 is_stmt 1 view .LVU51
 246 0038 0122     		movs	r2, #1
 247 003a 2946     		mov	r1, r5
 248              	.LVL13:
 439:Middlewares/ST/STM32_USB_Device_Library/Class/HID/Src/usbd_hid.c ****           break;
ARM GAS  /tmp/ccOZgCxA.s 			page 17


 249              		.loc 1 439 11 is_stmt 0 view .LVU52
 250 003c FFF7FEFF 		bl	USBD_CtlSendData
 251              	.LVL14:
 440:Middlewares/ST/STM32_USB_Device_Library/Class/HID/Src/usbd_hid.c **** 
 252              		.loc 1 440 11 is_stmt 1 view .LVU53
 427:Middlewares/ST/STM32_USB_Device_Library/Class/HID/Src/usbd_hid.c **** 
 253              		.loc 1 427 22 is_stmt 0 view .LVU54
 254 0040 0024     		movs	r4, #0
 440:Middlewares/ST/STM32_USB_Device_Library/Class/HID/Src/usbd_hid.c **** 
 255              		.loc 1 440 11 view .LVU55
 256 0042 60E0     		b	.L23
 257              	.LVL15:
 258              	.L20:
 443:Middlewares/ST/STM32_USB_Device_Library/Class/HID/Src/usbd_hid.c ****           break;
 259              		.loc 1 443 11 is_stmt 1 view .LVU56
 443:Middlewares/ST/STM32_USB_Device_Library/Class/HID/Src/usbd_hid.c ****           break;
 260              		.loc 1 443 42 is_stmt 0 view .LVU57
 261 0044 4B88     		ldrh	r3, [r1, #2]
 443:Middlewares/ST/STM32_USB_Device_Library/Class/HID/Src/usbd_hid.c ****           break;
 262              		.loc 1 443 29 view .LVU58
 263 0046 1B0A     		lsrs	r3, r3, #8
 443:Middlewares/ST/STM32_USB_Device_Library/Class/HID/Src/usbd_hid.c ****           break;
 264              		.loc 1 443 27 view .LVU59
 265 0048 6B60     		str	r3, [r5, #4]
 444:Middlewares/ST/STM32_USB_Device_Library/Class/HID/Src/usbd_hid.c **** 
 266              		.loc 1 444 11 is_stmt 1 view .LVU60
 427:Middlewares/ST/STM32_USB_Device_Library/Class/HID/Src/usbd_hid.c **** 
 267              		.loc 1 427 22 is_stmt 0 view .LVU61
 268 004a 0024     		movs	r4, #0
 444:Middlewares/ST/STM32_USB_Device_Library/Class/HID/Src/usbd_hid.c **** 
 269              		.loc 1 444 11 view .LVU62
 270 004c 5BE0     		b	.L23
 271              	.L22:
 447:Middlewares/ST/STM32_USB_Device_Library/Class/HID/Src/usbd_hid.c ****           break;
 272              		.loc 1 447 11 is_stmt 1 view .LVU63
 273 004e 0122     		movs	r2, #1
 274 0050 291D     		adds	r1, r5, #4
 275              	.LVL16:
 447:Middlewares/ST/STM32_USB_Device_Library/Class/HID/Src/usbd_hid.c ****           break;
 276              		.loc 1 447 11 is_stmt 0 view .LVU64
 277 0052 FFF7FEFF 		bl	USBD_CtlSendData
 278              	.LVL17:
 448:Middlewares/ST/STM32_USB_Device_Library/Class/HID/Src/usbd_hid.c **** 
 279              		.loc 1 448 11 is_stmt 1 view .LVU65
 427:Middlewares/ST/STM32_USB_Device_Library/Class/HID/Src/usbd_hid.c **** 
 280              		.loc 1 427 22 is_stmt 0 view .LVU66
 281 0056 0024     		movs	r4, #0
 448:Middlewares/ST/STM32_USB_Device_Library/Class/HID/Src/usbd_hid.c **** 
 282              		.loc 1 448 11 view .LVU67
 283 0058 55E0     		b	.L23
 284              	.LVL18:
 285              	.L17:
 451:Middlewares/ST/STM32_USB_Device_Library/Class/HID/Src/usbd_hid.c ****           ret = USBD_FAIL;
 286              		.loc 1 451 11 is_stmt 1 view .LVU68
 287 005a FFF7FEFF 		bl	USBD_CtlError
 288              	.LVL19:
 452:Middlewares/ST/STM32_USB_Device_Library/Class/HID/Src/usbd_hid.c ****           break;
ARM GAS  /tmp/ccOZgCxA.s 			page 18


 289              		.loc 1 452 11 view .LVU69
 453:Middlewares/ST/STM32_USB_Device_Library/Class/HID/Src/usbd_hid.c ****       }
 290              		.loc 1 453 11 view .LVU70
 452:Middlewares/ST/STM32_USB_Device_Library/Class/HID/Src/usbd_hid.c ****           break;
 291              		.loc 1 452 15 is_stmt 0 view .LVU71
 292 005e 0224     		movs	r4, #2
 453:Middlewares/ST/STM32_USB_Device_Library/Class/HID/Src/usbd_hid.c ****       }
 293              		.loc 1 453 11 view .LVU72
 294 0060 51E0     		b	.L23
 295              	.LVL20:
 296              	.L15:
 457:Middlewares/ST/STM32_USB_Device_Library/Class/HID/Src/usbd_hid.c ****       {
 297              		.loc 1 457 7 is_stmt 1 view .LVU73
 457:Middlewares/ST/STM32_USB_Device_Library/Class/HID/Src/usbd_hid.c ****       {
 298              		.loc 1 457 18 is_stmt 0 view .LVU74
 299 0062 4E78     		ldrb	r6, [r1, #1]	@ zero_extendqisi2
 300 0064 0B2E     		cmp	r6, #11
 301 0066 47D8     		bhi	.L24
 302 0068 DFE806F0 		tbb	[pc, r6]
 303              	.L26:
 304 006c 06       		.byte	(.L29-.L26)/2
 305 006d 46       		.byte	(.L24-.L26)/2
 306 006e 46       		.byte	(.L24-.L26)/2
 307 006f 46       		.byte	(.L24-.L26)/2
 308 0070 46       		.byte	(.L24-.L26)/2
 309 0071 46       		.byte	(.L24-.L26)/2
 310 0072 15       		.byte	(.L28-.L26)/2
 311 0073 46       		.byte	(.L24-.L26)/2
 312 0074 46       		.byte	(.L24-.L26)/2
 313 0075 46       		.byte	(.L24-.L26)/2
 314 0076 2D       		.byte	(.L27-.L26)/2
 315 0077 3B       		.byte	(.L25-.L26)/2
 316              		.p2align 1
 317              	.L29:
 460:Middlewares/ST/STM32_USB_Device_Library/Class/HID/Src/usbd_hid.c ****           {
 318              		.loc 1 460 11 is_stmt 1 view .LVU75
 460:Middlewares/ST/STM32_USB_Device_Library/Class/HID/Src/usbd_hid.c ****           {
 319              		.loc 1 460 19 is_stmt 0 view .LVU76
 320 0078 90F89C32 		ldrb	r3, [r0, #668]	@ zero_extendqisi2
 460:Middlewares/ST/STM32_USB_Device_Library/Class/HID/Src/usbd_hid.c ****           {
 321              		.loc 1 460 14 view .LVU77
 322 007c 032B     		cmp	r3, #3
 323 007e 03D0     		beq	.L37
 466:Middlewares/ST/STM32_USB_Device_Library/Class/HID/Src/usbd_hid.c ****             ret = USBD_FAIL;
 324              		.loc 1 466 13 is_stmt 1 view .LVU78
 325 0080 FFF7FEFF 		bl	USBD_CtlError
 326              	.LVL21:
 467:Middlewares/ST/STM32_USB_Device_Library/Class/HID/Src/usbd_hid.c ****           }
 327              		.loc 1 467 13 view .LVU79
 467:Middlewares/ST/STM32_USB_Device_Library/Class/HID/Src/usbd_hid.c ****           }
 328              		.loc 1 467 17 is_stmt 0 view .LVU80
 329 0084 0224     		movs	r4, #2
 330 0086 3EE0     		b	.L23
 331              	.LVL22:
 332              	.L37:
 462:Middlewares/ST/STM32_USB_Device_Library/Class/HID/Src/usbd_hid.c ****           }
 333              		.loc 1 462 13 is_stmt 1 view .LVU81
ARM GAS  /tmp/ccOZgCxA.s 			page 19


 334 0088 0222     		movs	r2, #2
 335 008a 0DF10601 		add	r1, sp, #6
 336              	.LVL23:
 462:Middlewares/ST/STM32_USB_Device_Library/Class/HID/Src/usbd_hid.c ****           }
 337              		.loc 1 462 13 is_stmt 0 view .LVU82
 338 008e FFF7FEFF 		bl	USBD_CtlSendData
 339              	.LVL24:
 427:Middlewares/ST/STM32_USB_Device_Library/Class/HID/Src/usbd_hid.c **** 
 340              		.loc 1 427 22 view .LVU83
 341 0092 3446     		mov	r4, r6
 342 0094 37E0     		b	.L23
 343              	.LVL25:
 344              	.L28:
 472:Middlewares/ST/STM32_USB_Device_Library/Class/HID/Src/usbd_hid.c ****           {
 345              		.loc 1 472 11 is_stmt 1 view .LVU84
 472:Middlewares/ST/STM32_USB_Device_Library/Class/HID/Src/usbd_hid.c ****           {
 346              		.loc 1 472 18 is_stmt 0 view .LVU85
 347 0096 4B88     		ldrh	r3, [r1, #2]
 472:Middlewares/ST/STM32_USB_Device_Library/Class/HID/Src/usbd_hid.c ****           {
 348              		.loc 1 472 32 view .LVU86
 349 0098 1B0A     		lsrs	r3, r3, #8
 472:Middlewares/ST/STM32_USB_Device_Library/Class/HID/Src/usbd_hid.c ****           {
 350              		.loc 1 472 14 view .LVU87
 351 009a 222B     		cmp	r3, #34
 352 009c 09D0     		beq	.L38
 477:Middlewares/ST/STM32_USB_Device_Library/Class/HID/Src/usbd_hid.c ****           {
 353              		.loc 1 477 16 is_stmt 1 view .LVU88
 477:Middlewares/ST/STM32_USB_Device_Library/Class/HID/Src/usbd_hid.c ****           {
 354              		.loc 1 477 19 is_stmt 0 view .LVU89
 355 009e 212B     		cmp	r3, #33
 356 00a0 0DD1     		bne	.L33
 479:Middlewares/ST/STM32_USB_Device_Library/Class/HID/Src/usbd_hid.c ****             len = MIN(USB_HID_DESC_SIZ, req->wLength);
 357              		.loc 1 479 13 is_stmt 1 view .LVU90
 358              	.LVL26:
 480:Middlewares/ST/STM32_USB_Device_Library/Class/HID/Src/usbd_hid.c ****           }
 359              		.loc 1 480 13 view .LVU91
 480:Middlewares/ST/STM32_USB_Device_Library/Class/HID/Src/usbd_hid.c ****           }
 360              		.loc 1 480 19 is_stmt 0 view .LVU92
 361 00a2 CA88     		ldrh	r2, [r1, #6]
 480:Middlewares/ST/STM32_USB_Device_Library/Class/HID/Src/usbd_hid.c ****           }
 362              		.loc 1 480 17 view .LVU93
 363 00a4 092A     		cmp	r2, #9
 364 00a6 28BF     		it	cs
 365 00a8 0922     		movcs	r2, #9
 366              	.LVL27:
 479:Middlewares/ST/STM32_USB_Device_Library/Class/HID/Src/usbd_hid.c ****             len = MIN(USB_HID_DESC_SIZ, req->wLength);
 367              		.loc 1 479 18 view .LVU94
 368 00aa 1849     		ldr	r1, .L40
 369              	.LVL28:
 370              	.L32:
 488:Middlewares/ST/STM32_USB_Device_Library/Class/HID/Src/usbd_hid.c ****           break;
 371              		.loc 1 488 11 is_stmt 1 view .LVU95
 372 00ac FFF7FEFF 		bl	USBD_CtlSendData
 373              	.LVL29:
 489:Middlewares/ST/STM32_USB_Device_Library/Class/HID/Src/usbd_hid.c **** 
 374              		.loc 1 489 11 view .LVU96
 375 00b0 29E0     		b	.L23
ARM GAS  /tmp/ccOZgCxA.s 			page 20


 376              	.LVL30:
 377              	.L38:
 474:Middlewares/ST/STM32_USB_Device_Library/Class/HID/Src/usbd_hid.c ****             pbuf = HID_MOUSE_ReportDesc;
 378              		.loc 1 474 13 view .LVU97
 474:Middlewares/ST/STM32_USB_Device_Library/Class/HID/Src/usbd_hid.c ****             pbuf = HID_MOUSE_ReportDesc;
 379              		.loc 1 474 19 is_stmt 0 view .LVU98
 380 00b2 CA88     		ldrh	r2, [r1, #6]
 474:Middlewares/ST/STM32_USB_Device_Library/Class/HID/Src/usbd_hid.c ****             pbuf = HID_MOUSE_ReportDesc;
 381              		.loc 1 474 17 view .LVU99
 382 00b4 3F2A     		cmp	r2, #63
 383 00b6 28BF     		it	cs
 384 00b8 3F22     		movcs	r2, #63
 385              	.LVL31:
 475:Middlewares/ST/STM32_USB_Device_Library/Class/HID/Src/usbd_hid.c ****           }
 386              		.loc 1 475 13 is_stmt 1 view .LVU100
 475:Middlewares/ST/STM32_USB_Device_Library/Class/HID/Src/usbd_hid.c ****           }
 387              		.loc 1 475 18 is_stmt 0 view .LVU101
 388 00ba 1549     		ldr	r1, .L40+4
 389              	.LVL32:
 475:Middlewares/ST/STM32_USB_Device_Library/Class/HID/Src/usbd_hid.c ****           }
 390              		.loc 1 475 18 view .LVU102
 391 00bc F6E7     		b	.L32
 392              	.LVL33:
 393              	.L33:
 484:Middlewares/ST/STM32_USB_Device_Library/Class/HID/Src/usbd_hid.c ****             ret = USBD_FAIL;
 394              		.loc 1 484 13 is_stmt 1 view .LVU103
 395 00be FFF7FEFF 		bl	USBD_CtlError
 396              	.LVL34:
 485:Middlewares/ST/STM32_USB_Device_Library/Class/HID/Src/usbd_hid.c ****             break;
 397              		.loc 1 485 13 view .LVU104
 486:Middlewares/ST/STM32_USB_Device_Library/Class/HID/Src/usbd_hid.c ****           }
 398              		.loc 1 486 13 view .LVU105
 485:Middlewares/ST/STM32_USB_Device_Library/Class/HID/Src/usbd_hid.c ****             break;
 399              		.loc 1 485 17 is_stmt 0 view .LVU106
 400 00c2 0224     		movs	r4, #2
 486:Middlewares/ST/STM32_USB_Device_Library/Class/HID/Src/usbd_hid.c ****           }
 401              		.loc 1 486 13 view .LVU107
 402 00c4 1FE0     		b	.L23
 403              	.LVL35:
 404              	.L27:
 492:Middlewares/ST/STM32_USB_Device_Library/Class/HID/Src/usbd_hid.c ****           {
 405              		.loc 1 492 11 is_stmt 1 view .LVU108
 492:Middlewares/ST/STM32_USB_Device_Library/Class/HID/Src/usbd_hid.c ****           {
 406              		.loc 1 492 19 is_stmt 0 view .LVU109
 407 00c6 90F89C32 		ldrb	r3, [r0, #668]	@ zero_extendqisi2
 492:Middlewares/ST/STM32_USB_Device_Library/Class/HID/Src/usbd_hid.c ****           {
 408              		.loc 1 492 14 view .LVU110
 409 00ca 032B     		cmp	r3, #3
 410 00cc 03D0     		beq	.L39
 498:Middlewares/ST/STM32_USB_Device_Library/Class/HID/Src/usbd_hid.c ****             ret = USBD_FAIL;
 411              		.loc 1 498 13 is_stmt 1 view .LVU111
 412 00ce FFF7FEFF 		bl	USBD_CtlError
 413              	.LVL36:
 499:Middlewares/ST/STM32_USB_Device_Library/Class/HID/Src/usbd_hid.c ****           }
 414              		.loc 1 499 13 view .LVU112
 499:Middlewares/ST/STM32_USB_Device_Library/Class/HID/Src/usbd_hid.c ****           }
 415              		.loc 1 499 17 is_stmt 0 view .LVU113
ARM GAS  /tmp/ccOZgCxA.s 			page 21


 416 00d2 0224     		movs	r4, #2
 417 00d4 17E0     		b	.L23
 418              	.LVL37:
 419              	.L39:
 494:Middlewares/ST/STM32_USB_Device_Library/Class/HID/Src/usbd_hid.c ****           }
 420              		.loc 1 494 13 is_stmt 1 view .LVU114
 421 00d6 0122     		movs	r2, #1
 422 00d8 05F10801 		add	r1, r5, #8
 423              	.LVL38:
 494:Middlewares/ST/STM32_USB_Device_Library/Class/HID/Src/usbd_hid.c ****           }
 424              		.loc 1 494 13 is_stmt 0 view .LVU115
 425 00dc FFF7FEFF 		bl	USBD_CtlSendData
 426              	.LVL39:
 494:Middlewares/ST/STM32_USB_Device_Library/Class/HID/Src/usbd_hid.c ****           }
 427              		.loc 1 494 13 view .LVU116
 428 00e0 11E0     		b	.L23
 429              	.LVL40:
 430              	.L25:
 504:Middlewares/ST/STM32_USB_Device_Library/Class/HID/Src/usbd_hid.c ****           {
 431              		.loc 1 504 11 is_stmt 1 view .LVU117
 504:Middlewares/ST/STM32_USB_Device_Library/Class/HID/Src/usbd_hid.c ****           {
 432              		.loc 1 504 19 is_stmt 0 view .LVU118
 433 00e2 90F89C32 		ldrb	r3, [r0, #668]	@ zero_extendqisi2
 504:Middlewares/ST/STM32_USB_Device_Library/Class/HID/Src/usbd_hid.c ****           {
 434              		.loc 1 504 14 view .LVU119
 435 00e6 032B     		cmp	r3, #3
 436 00e8 02D1     		bne	.L35
 506:Middlewares/ST/STM32_USB_Device_Library/Class/HID/Src/usbd_hid.c ****           }
 437              		.loc 1 506 13 is_stmt 1 view .LVU120
 506:Middlewares/ST/STM32_USB_Device_Library/Class/HID/Src/usbd_hid.c ****           }
 438              		.loc 1 506 32 is_stmt 0 view .LVU121
 439 00ea 8B78     		ldrb	r3, [r1, #2]	@ zero_extendqisi2
 506:Middlewares/ST/STM32_USB_Device_Library/Class/HID/Src/usbd_hid.c ****           }
 440              		.loc 1 506 30 view .LVU122
 441 00ec AB60     		str	r3, [r5, #8]
 442 00ee 0AE0     		b	.L23
 443              	.L35:
 510:Middlewares/ST/STM32_USB_Device_Library/Class/HID/Src/usbd_hid.c ****             ret = USBD_FAIL;
 444              		.loc 1 510 13 is_stmt 1 view .LVU123
 445 00f0 FFF7FEFF 		bl	USBD_CtlError
 446              	.LVL41:
 511:Middlewares/ST/STM32_USB_Device_Library/Class/HID/Src/usbd_hid.c ****           }
 447              		.loc 1 511 13 view .LVU124
 511:Middlewares/ST/STM32_USB_Device_Library/Class/HID/Src/usbd_hid.c ****           }
 448              		.loc 1 511 17 is_stmt 0 view .LVU125
 449 00f4 0224     		movs	r4, #2
 450 00f6 06E0     		b	.L23
 451              	.LVL42:
 452              	.L24:
 516:Middlewares/ST/STM32_USB_Device_Library/Class/HID/Src/usbd_hid.c ****           ret = USBD_FAIL;
 453              		.loc 1 516 11 is_stmt 1 view .LVU126
 454 00f8 FFF7FEFF 		bl	USBD_CtlError
 455              	.LVL43:
 517:Middlewares/ST/STM32_USB_Device_Library/Class/HID/Src/usbd_hid.c ****           break;
 456              		.loc 1 517 11 view .LVU127
 518:Middlewares/ST/STM32_USB_Device_Library/Class/HID/Src/usbd_hid.c ****       }
 457              		.loc 1 518 11 view .LVU128
ARM GAS  /tmp/ccOZgCxA.s 			page 22


 517:Middlewares/ST/STM32_USB_Device_Library/Class/HID/Src/usbd_hid.c ****           break;
 458              		.loc 1 517 15 is_stmt 0 view .LVU129
 459 00fc 0224     		movs	r4, #2
 518:Middlewares/ST/STM32_USB_Device_Library/Class/HID/Src/usbd_hid.c ****       }
 460              		.loc 1 518 11 view .LVU130
 461 00fe 02E0     		b	.L23
 462              	.LVL44:
 463              	.L16:
 523:Middlewares/ST/STM32_USB_Device_Library/Class/HID/Src/usbd_hid.c ****       ret = USBD_FAIL;
 464              		.loc 1 523 7 is_stmt 1 view .LVU131
 465 0100 FFF7FEFF 		bl	USBD_CtlError
 466              	.LVL45:
 524:Middlewares/ST/STM32_USB_Device_Library/Class/HID/Src/usbd_hid.c ****       break;
 467              		.loc 1 524 7 view .LVU132
 525:Middlewares/ST/STM32_USB_Device_Library/Class/HID/Src/usbd_hid.c ****   }
 468              		.loc 1 525 7 view .LVU133
 524:Middlewares/ST/STM32_USB_Device_Library/Class/HID/Src/usbd_hid.c ****       break;
 469              		.loc 1 524 11 is_stmt 0 view .LVU134
 470 0104 0224     		movs	r4, #2
 471              	.LVL46:
 472              	.L23:
 528:Middlewares/ST/STM32_USB_Device_Library/Class/HID/Src/usbd_hid.c **** }
 473              		.loc 1 528 3 is_stmt 1 view .LVU135
 529:Middlewares/ST/STM32_USB_Device_Library/Class/HID/Src/usbd_hid.c **** 
 474              		.loc 1 529 1 is_stmt 0 view .LVU136
 475 0106 2046     		mov	r0, r4
 476 0108 02B0     		add	sp, sp, #8
 477              	.LCFI2:
 478              		.cfi_def_cfa_offset 16
 479              		@ sp needed
 480 010a 70BD     		pop	{r4, r5, r6, pc}
 481              	.LVL47:
 482              	.L41:
 529:Middlewares/ST/STM32_USB_Device_Library/Class/HID/Src/usbd_hid.c **** 
 483              		.loc 1 529 1 view .LVU137
 484              		.align	2
 485              	.L40:
 486 010c 00000000 		.word	USBD_HID_Desc
 487 0110 00000000 		.word	HID_MOUSE_ReportDesc
 488              		.cfi_endproc
 489              	.LFE70:
 491              		.section	.text.USBD_HID_DeInit,"ax",%progbits
 492              		.align	1
 493              		.syntax unified
 494              		.thumb
 495              		.thumb_func
 497              	USBD_HID_DeInit:
 498              	.LVL48:
 499              	.LFB69:
 398:Middlewares/ST/STM32_USB_Device_Library/Class/HID/Src/usbd_hid.c ****   /* Close HID EPs */
 500              		.loc 1 398 1 is_stmt 1 view -0
 501              		.cfi_startproc
 502              		@ args = 0, pretend = 0, frame = 0
 503              		@ frame_needed = 0, uses_anonymous_args = 0
 398:Middlewares/ST/STM32_USB_Device_Library/Class/HID/Src/usbd_hid.c ****   /* Close HID EPs */
 504              		.loc 1 398 1 is_stmt 0 view .LVU139
 505 0000 10B5     		push	{r4, lr}
ARM GAS  /tmp/ccOZgCxA.s 			page 23


 506              	.LCFI3:
 507              		.cfi_def_cfa_offset 8
 508              		.cfi_offset 4, -8
 509              		.cfi_offset 14, -4
 510 0002 0446     		mov	r4, r0
 400:Middlewares/ST/STM32_USB_Device_Library/Class/HID/Src/usbd_hid.c ****   pdev->ep_in[HID_EPIN_ADDR & 0xFU].is_used = 0U;
 511              		.loc 1 400 3 is_stmt 1 view .LVU140
 512 0004 8121     		movs	r1, #129
 513              	.LVL49:
 400:Middlewares/ST/STM32_USB_Device_Library/Class/HID/Src/usbd_hid.c ****   pdev->ep_in[HID_EPIN_ADDR & 0xFU].is_used = 0U;
 514              		.loc 1 400 3 is_stmt 0 view .LVU141
 515 0006 FFF7FEFF 		bl	USBD_LL_CloseEP
 516              	.LVL50:
 401:Middlewares/ST/STM32_USB_Device_Library/Class/HID/Src/usbd_hid.c **** 
 517              		.loc 1 401 3 is_stmt 1 view .LVU142
 401:Middlewares/ST/STM32_USB_Device_Library/Class/HID/Src/usbd_hid.c **** 
 518              		.loc 1 401 45 is_stmt 0 view .LVU143
 519 000a 0023     		movs	r3, #0
 520 000c E362     		str	r3, [r4, #44]
 404:Middlewares/ST/STM32_USB_Device_Library/Class/HID/Src/usbd_hid.c ****   {
 521              		.loc 1 404 3 is_stmt 1 view .LVU144
 404:Middlewares/ST/STM32_USB_Device_Library/Class/HID/Src/usbd_hid.c ****   {
 522              		.loc 1 404 11 is_stmt 0 view .LVU145
 523 000e D4F8B802 		ldr	r0, [r4, #696]
 404:Middlewares/ST/STM32_USB_Device_Library/Class/HID/Src/usbd_hid.c ****   {
 524              		.loc 1 404 6 view .LVU146
 525 0012 20B1     		cbz	r0, .L43
 406:Middlewares/ST/STM32_USB_Device_Library/Class/HID/Src/usbd_hid.c ****     pdev->pClassData = NULL;
 526              		.loc 1 406 5 is_stmt 1 view .LVU147
 527 0014 FFF7FEFF 		bl	USBD_static_free
 528              	.LVL51:
 407:Middlewares/ST/STM32_USB_Device_Library/Class/HID/Src/usbd_hid.c ****   }
 529              		.loc 1 407 5 view .LVU148
 407:Middlewares/ST/STM32_USB_Device_Library/Class/HID/Src/usbd_hid.c ****   }
 530              		.loc 1 407 22 is_stmt 0 view .LVU149
 531 0018 0023     		movs	r3, #0
 532 001a C4F8B832 		str	r3, [r4, #696]
 533              	.L43:
 410:Middlewares/ST/STM32_USB_Device_Library/Class/HID/Src/usbd_hid.c **** }
 534              		.loc 1 410 3 is_stmt 1 view .LVU150
 411:Middlewares/ST/STM32_USB_Device_Library/Class/HID/Src/usbd_hid.c **** 
 535              		.loc 1 411 1 is_stmt 0 view .LVU151
 536 001e 0020     		movs	r0, #0
 537 0020 10BD     		pop	{r4, pc}
 411:Middlewares/ST/STM32_USB_Device_Library/Class/HID/Src/usbd_hid.c **** 
 538              		.loc 1 411 1 view .LVU152
 539              		.cfi_endproc
 540              	.LFE69:
 542              		.section	.text.USBD_HID_Init,"ax",%progbits
 543              		.align	1
 544              		.syntax unified
 545              		.thumb
 546              		.thumb_func
 548              	USBD_HID_Init:
 549              	.LVL52:
 550              	.LFB68:
 372:Middlewares/ST/STM32_USB_Device_Library/Class/HID/Src/usbd_hid.c ****   /* Open EP IN */
ARM GAS  /tmp/ccOZgCxA.s 			page 24


 551              		.loc 1 372 1 is_stmt 1 view -0
 552              		.cfi_startproc
 553              		@ args = 0, pretend = 0, frame = 0
 554              		@ frame_needed = 0, uses_anonymous_args = 0
 372:Middlewares/ST/STM32_USB_Device_Library/Class/HID/Src/usbd_hid.c ****   /* Open EP IN */
 555              		.loc 1 372 1 is_stmt 0 view .LVU154
 556 0000 10B5     		push	{r4, lr}
 557              	.LCFI4:
 558              		.cfi_def_cfa_offset 8
 559              		.cfi_offset 4, -8
 560              		.cfi_offset 14, -4
 561 0002 0446     		mov	r4, r0
 374:Middlewares/ST/STM32_USB_Device_Library/Class/HID/Src/usbd_hid.c ****   pdev->ep_in[HID_EPIN_ADDR & 0xFU].is_used = 1U;
 562              		.loc 1 374 3 is_stmt 1 view .LVU155
 563 0004 0823     		movs	r3, #8
 564 0006 0322     		movs	r2, #3
 565 0008 8121     		movs	r1, #129
 566              	.LVL53:
 374:Middlewares/ST/STM32_USB_Device_Library/Class/HID/Src/usbd_hid.c ****   pdev->ep_in[HID_EPIN_ADDR & 0xFU].is_used = 1U;
 567              		.loc 1 374 3 is_stmt 0 view .LVU156
 568 000a FFF7FEFF 		bl	USBD_LL_OpenEP
 569              	.LVL54:
 375:Middlewares/ST/STM32_USB_Device_Library/Class/HID/Src/usbd_hid.c **** 
 570              		.loc 1 375 3 is_stmt 1 view .LVU157
 375:Middlewares/ST/STM32_USB_Device_Library/Class/HID/Src/usbd_hid.c **** 
 571              		.loc 1 375 45 is_stmt 0 view .LVU158
 572 000e 0123     		movs	r3, #1
 573 0010 E362     		str	r3, [r4, #44]
 377:Middlewares/ST/STM32_USB_Device_Library/Class/HID/Src/usbd_hid.c **** 
 574              		.loc 1 377 3 is_stmt 1 view .LVU159
 377:Middlewares/ST/STM32_USB_Device_Library/Class/HID/Src/usbd_hid.c **** 
 575              		.loc 1 377 22 is_stmt 0 view .LVU160
 576 0012 1020     		movs	r0, #16
 577 0014 FFF7FEFF 		bl	USBD_static_malloc
 578              	.LVL55:
 377:Middlewares/ST/STM32_USB_Device_Library/Class/HID/Src/usbd_hid.c **** 
 579              		.loc 1 377 20 discriminator 1 view .LVU161
 580 0018 C4F8B802 		str	r0, [r4, #696]
 379:Middlewares/ST/STM32_USB_Device_Library/Class/HID/Src/usbd_hid.c ****   {
 581              		.loc 1 379 3 is_stmt 1 view .LVU162
 379:Middlewares/ST/STM32_USB_Device_Library/Class/HID/Src/usbd_hid.c ****   {
 582              		.loc 1 379 6 is_stmt 0 view .LVU163
 583 001c 18B1     		cbz	r0, .L47
 584 001e 0346     		mov	r3, r0
 384:Middlewares/ST/STM32_USB_Device_Library/Class/HID/Src/usbd_hid.c **** 
 585              		.loc 1 384 3 is_stmt 1 view .LVU164
 384:Middlewares/ST/STM32_USB_Device_Library/Class/HID/Src/usbd_hid.c **** 
 586              		.loc 1 384 55 is_stmt 0 view .LVU165
 587 0020 0020     		movs	r0, #0
 588 0022 1873     		strb	r0, [r3, #12]
 386:Middlewares/ST/STM32_USB_Device_Library/Class/HID/Src/usbd_hid.c **** }
 589              		.loc 1 386 3 is_stmt 1 view .LVU166
 590              	.L46:
 387:Middlewares/ST/STM32_USB_Device_Library/Class/HID/Src/usbd_hid.c **** 
 591              		.loc 1 387 1 is_stmt 0 view .LVU167
 592 0024 10BD     		pop	{r4, pc}
 593              	.LVL56:
ARM GAS  /tmp/ccOZgCxA.s 			page 25


 594              	.L47:
 381:Middlewares/ST/STM32_USB_Device_Library/Class/HID/Src/usbd_hid.c ****   }
 595              		.loc 1 381 12 view .LVU168
 596 0026 0220     		movs	r0, #2
 597 0028 FCE7     		b	.L46
 598              		.cfi_endproc
 599              	.LFE68:
 601              		.section	.text.USBD_HID_SendReport,"ax",%progbits
 602              		.align	1
 603              		.global	USBD_HID_SendReport
 604              		.syntax unified
 605              		.thumb
 606              		.thumb_func
 608              	USBD_HID_SendReport:
 609              	.LVL57:
 610              	.LFB71:
 541:Middlewares/ST/STM32_USB_Device_Library/Class/HID/Src/usbd_hid.c ****   USBD_HID_HandleTypeDef     *hhid = (USBD_HID_HandleTypeDef *)pdev->pClassData;
 611              		.loc 1 541 1 is_stmt 1 view -0
 612              		.cfi_startproc
 613              		@ args = 0, pretend = 0, frame = 0
 614              		@ frame_needed = 0, uses_anonymous_args = 0
 541:Middlewares/ST/STM32_USB_Device_Library/Class/HID/Src/usbd_hid.c ****   USBD_HID_HandleTypeDef     *hhid = (USBD_HID_HandleTypeDef *)pdev->pClassData;
 615              		.loc 1 541 1 is_stmt 0 view .LVU170
 616 0000 10B5     		push	{r4, lr}
 617              	.LCFI5:
 618              		.cfi_def_cfa_offset 8
 619              		.cfi_offset 4, -8
 620              		.cfi_offset 14, -4
 542:Middlewares/ST/STM32_USB_Device_Library/Class/HID/Src/usbd_hid.c **** 
 621              		.loc 1 542 3 is_stmt 1 view .LVU171
 542:Middlewares/ST/STM32_USB_Device_Library/Class/HID/Src/usbd_hid.c **** 
 622              		.loc 1 542 31 is_stmt 0 view .LVU172
 623 0002 D0F8B842 		ldr	r4, [r0, #696]
 624              	.LVL58:
 544:Middlewares/ST/STM32_USB_Device_Library/Class/HID/Src/usbd_hid.c ****   {
 625              		.loc 1 544 3 is_stmt 1 view .LVU173
 544:Middlewares/ST/STM32_USB_Device_Library/Class/HID/Src/usbd_hid.c ****   {
 626              		.loc 1 544 11 is_stmt 0 view .LVU174
 627 0006 90F89C32 		ldrb	r3, [r0, #668]	@ zero_extendqisi2
 544:Middlewares/ST/STM32_USB_Device_Library/Class/HID/Src/usbd_hid.c ****   {
 628              		.loc 1 544 6 view .LVU175
 629 000a 032B     		cmp	r3, #3
 630 000c 01D0     		beq	.L52
 631              	.LVL59:
 632              	.L50:
 555:Middlewares/ST/STM32_USB_Device_Library/Class/HID/Src/usbd_hid.c **** }
 633              		.loc 1 555 3 is_stmt 1 view .LVU176
 556:Middlewares/ST/STM32_USB_Device_Library/Class/HID/Src/usbd_hid.c **** 
 634              		.loc 1 556 1 is_stmt 0 view .LVU177
 635 000e 0020     		movs	r0, #0
 636 0010 10BD     		pop	{r4, pc}
 637              	.LVL60:
 638              	.L52:
 546:Middlewares/ST/STM32_USB_Device_Library/Class/HID/Src/usbd_hid.c ****     {
 639              		.loc 1 546 5 is_stmt 1 view .LVU178
 546:Middlewares/ST/STM32_USB_Device_Library/Class/HID/Src/usbd_hid.c ****     {
 640              		.loc 1 546 13 is_stmt 0 view .LVU179
ARM GAS  /tmp/ccOZgCxA.s 			page 26


 641 0012 237B     		ldrb	r3, [r4, #12]	@ zero_extendqisi2
 546:Middlewares/ST/STM32_USB_Device_Library/Class/HID/Src/usbd_hid.c ****     {
 642              		.loc 1 546 8 view .LVU180
 643 0014 002B     		cmp	r3, #0
 644 0016 FAD1     		bne	.L50
 548:Middlewares/ST/STM32_USB_Device_Library/Class/HID/Src/usbd_hid.c ****       USBD_LL_Transmit(pdev,
 645              		.loc 1 548 7 is_stmt 1 view .LVU181
 548:Middlewares/ST/STM32_USB_Device_Library/Class/HID/Src/usbd_hid.c ****       USBD_LL_Transmit(pdev,
 646              		.loc 1 548 19 is_stmt 0 view .LVU182
 647 0018 0123     		movs	r3, #1
 648 001a 2373     		strb	r3, [r4, #12]
 549:Middlewares/ST/STM32_USB_Device_Library/Class/HID/Src/usbd_hid.c ****                        HID_EPIN_ADDR,
 649              		.loc 1 549 7 is_stmt 1 view .LVU183
 650 001c 1346     		mov	r3, r2
 651 001e 0A46     		mov	r2, r1
 652              	.LVL61:
 549:Middlewares/ST/STM32_USB_Device_Library/Class/HID/Src/usbd_hid.c ****                        HID_EPIN_ADDR,
 653              		.loc 1 549 7 is_stmt 0 view .LVU184
 654 0020 8121     		movs	r1, #129
 655              	.LVL62:
 549:Middlewares/ST/STM32_USB_Device_Library/Class/HID/Src/usbd_hid.c ****                        HID_EPIN_ADDR,
 656              		.loc 1 549 7 view .LVU185
 657 0022 FFF7FEFF 		bl	USBD_LL_Transmit
 658              	.LVL63:
 549:Middlewares/ST/STM32_USB_Device_Library/Class/HID/Src/usbd_hid.c ****                        HID_EPIN_ADDR,
 659              		.loc 1 549 7 view .LVU186
 660 0026 F2E7     		b	.L50
 661              		.cfi_endproc
 662              	.LFE71:
 664              		.section	.text.USBD_HID_GetPollingInterval,"ax",%progbits
 665              		.align	1
 666              		.global	USBD_HID_GetPollingInterval
 667              		.syntax unified
 668              		.thumb
 669              		.thumb_func
 671              	USBD_HID_GetPollingInterval:
 672              	.LVL64:
 673              	.LFB72:
 565:Middlewares/ST/STM32_USB_Device_Library/Class/HID/Src/usbd_hid.c ****   uint32_t polling_interval = 0U;
 674              		.loc 1 565 1 is_stmt 1 view -0
 675              		.cfi_startproc
 676              		@ args = 0, pretend = 0, frame = 0
 677              		@ frame_needed = 0, uses_anonymous_args = 0
 678              		@ link register save eliminated.
 566:Middlewares/ST/STM32_USB_Device_Library/Class/HID/Src/usbd_hid.c **** 
 679              		.loc 1 566 3 view .LVU188
 569:Middlewares/ST/STM32_USB_Device_Library/Class/HID/Src/usbd_hid.c ****   {
 680              		.loc 1 569 3 view .LVU189
 569:Middlewares/ST/STM32_USB_Device_Library/Class/HID/Src/usbd_hid.c ****   {
 681              		.loc 1 569 11 is_stmt 0 view .LVU190
 682 0000 037C     		ldrb	r3, [r0, #16]	@ zero_extendqisi2
 569:Middlewares/ST/STM32_USB_Device_Library/Class/HID/Src/usbd_hid.c ****   {
 683              		.loc 1 569 6 view .LVU191
 684 0002 0BB9     		cbnz	r3, .L55
 574:Middlewares/ST/STM32_USB_Device_Library/Class/HID/Src/usbd_hid.c ****   }
 685              		.loc 1 574 22 view .LVU192
 686 0004 0820     		movs	r0, #8
ARM GAS  /tmp/ccOZgCxA.s 			page 27


 687              	.LVL65:
 574:Middlewares/ST/STM32_USB_Device_Library/Class/HID/Src/usbd_hid.c ****   }
 688              		.loc 1 574 22 view .LVU193
 689 0006 7047     		bx	lr
 690              	.LVL66:
 691              	.L55:
 580:Middlewares/ST/STM32_USB_Device_Library/Class/HID/Src/usbd_hid.c ****   }
 692              		.loc 1 580 22 view .LVU194
 693 0008 0A20     		movs	r0, #10
 694              	.LVL67:
 583:Middlewares/ST/STM32_USB_Device_Library/Class/HID/Src/usbd_hid.c **** }
 695              		.loc 1 583 3 is_stmt 1 view .LVU195
 584:Middlewares/ST/STM32_USB_Device_Library/Class/HID/Src/usbd_hid.c **** 
 696              		.loc 1 584 1 is_stmt 0 view .LVU196
 697 000a 7047     		bx	lr
 698              		.cfi_endproc
 699              	.LFE72:
 701              		.section	.data.HID_MOUSE_ReportDesc,"aw"
 702              		.align	2
 705              	HID_MOUSE_ReportDesc:
 706 0000 05010906 		.ascii	"\005\001\011\006\241\001\005\007\031\340)\347\025\000"
 706      A1010507 
 706      19E029E7 
 706      1500
 707 000e 25017501 		.ascii	"%\001u\001\225\010\201\002\225\001u\010\201\003\225"
 707      95088102 
 707      95017508 
 707      810395
 708 001d 05750105 		.ascii	"\005u\001\005\010\031\001)\005\221\002\225\001u\003"
 708      08190129 
 708      05910295 
 708      017503
 709 002c 91039506 		.ascii	"\221\003\225\006u\010\025\000%e\005\007\031\000)e\201"
 709      75081500 
 709      25650507 
 709      19002965 
 709      81
 710 003d 00C0     		.ascii	"\000\300"
 711              		.section	.data.USBD_HID_DeviceQualifierDesc,"aw"
 712              		.align	2
 715              	USBD_HID_DeviceQualifierDesc:
 716 0000 0A060002 		.ascii	"\012\006\000\002\000\000\000@\001\000"
 716      00000040 
 716      0100
 717              		.section	.data.USBD_HID_Desc,"aw"
 718              		.align	2
 721              	USBD_HID_Desc:
 722 0000 09211101 		.ascii	"\011!\021\001\000\001\"?\000"
 722      0001223F 
 722      00
 723              		.section	.data.USBD_HID_OtherSpeedCfgDesc,"aw"
 724              		.align	2
 727              	USBD_HID_OtherSpeedCfgDesc:
 728 0000 09022200 		.ascii	"\011\002\"\000\001\001\000\3402\011\004\000\000\001"
 728      010100E0 
 728      32090400 
 728      0001
ARM GAS  /tmp/ccOZgCxA.s 			page 28


 729 000e 03010200 		.ascii	"\003\001\002\000\011!\021\001\000\001\"?\000\007\005"
 729      09211101 
 729      0001223F 
 729      000705
 730 001d 81030800 		.ascii	"\201\003\010\000\012"
 730      0A
 731              		.section	.data.USBD_HID_CfgHSDesc,"aw"
 732              		.align	2
 735              	USBD_HID_CfgHSDesc:
 736 0000 09022200 		.ascii	"\011\002\"\000\001\001\000\3402\011\004\000\000\001"
 736      010100E0 
 736      32090400 
 736      0001
 737 000e 03010200 		.ascii	"\003\001\002\000\011!\021\001\000\001\"?\000\007\005"
 737      09211101 
 737      0001223F 
 737      000705
 738 001d 81030800 		.ascii	"\201\003\010\000\007"
 738      07
 739              		.section	.data.USBD_HID_CfgFSDesc,"aw"
 740              		.align	2
 743              	USBD_HID_CfgFSDesc:
 744 0000 09022200 		.ascii	"\011\002\"\000\001\001\000\3402\011\004\000\000\001"
 744      010100E0 
 744      32090400 
 744      0001
 745 000e 03010200 		.ascii	"\003\001\002\000\011!\021\001\000\001\"?\000\007\005"
 745      09211101 
 745      0001223F 
 745      000705
 746 001d 81030800 		.ascii	"\201\003\010\000\012"
 746      0A
 747              		.global	USBD_HID
 748              		.section	.data.USBD_HID,"aw"
 749              		.align	2
 752              	USBD_HID:
 753 0000 00000000 		.word	USBD_HID_Init
 754 0004 00000000 		.word	USBD_HID_DeInit
 755 0008 00000000 		.word	USBD_HID_Setup
 756 000c 00000000 		.word	0
 757 0010 00000000 		.word	0
 758 0014 00000000 		.word	USBD_HID_DataIn
 759 0018 00000000 		.word	0
 760 001c 00000000 		.word	0
 761 0020 00000000 		.word	0
 762 0024 00000000 		.word	0
 763 0028 00000000 		.word	USBD_HID_GetHSCfgDesc
 764 002c 00000000 		.word	USBD_HID_GetFSCfgDesc
 765 0030 00000000 		.word	USBD_HID_GetOtherSpeedCfgDesc
 766 0034 00000000 		.word	USBD_HID_GetDeviceQualifierDesc
 767              		.text
 768              	.Letext0:
 769              		.file 2 "/usr/lib/gcc/arm-none-eabi/13.2.1/include/stdint.h"
 770              		.file 3 "Middlewares/ST/STM32_USB_Device_Library/Core/Inc/usbd_def.h"
 771              		.file 4 "Middlewares/ST/STM32_USB_Device_Library/Class/HID/Inc/usbd_hid.h"
 772              		.file 5 "Middlewares/ST/STM32_USB_Device_Library/Core/Inc/usbd_core.h"
 773              		.file 6 "USB_DEVICE/Target/usbd_conf.h"
ARM GAS  /tmp/ccOZgCxA.s 			page 29


 774              		.file 7 "Middlewares/ST/STM32_USB_Device_Library/Core/Inc/usbd_ctlreq.h"
 775              		.file 8 "Middlewares/ST/STM32_USB_Device_Library/Core/Inc/usbd_ioreq.h"
ARM GAS  /tmp/ccOZgCxA.s 			page 30


DEFINED SYMBOLS
                            *ABS*:00000000 usbd_hid.c
     /tmp/ccOZgCxA.s:19     .text.USBD_HID_GetFSCfgDesc:00000000 $t
     /tmp/ccOZgCxA.s:24     .text.USBD_HID_GetFSCfgDesc:00000000 USBD_HID_GetFSCfgDesc
     /tmp/ccOZgCxA.s:45     .text.USBD_HID_GetFSCfgDesc:00000008 $d
     /tmp/ccOZgCxA.s:743    .data.USBD_HID_CfgFSDesc:00000000 USBD_HID_CfgFSDesc
     /tmp/ccOZgCxA.s:50     .text.USBD_HID_GetHSCfgDesc:00000000 $t
     /tmp/ccOZgCxA.s:55     .text.USBD_HID_GetHSCfgDesc:00000000 USBD_HID_GetHSCfgDesc
     /tmp/ccOZgCxA.s:76     .text.USBD_HID_GetHSCfgDesc:00000008 $d
     /tmp/ccOZgCxA.s:735    .data.USBD_HID_CfgHSDesc:00000000 USBD_HID_CfgHSDesc
     /tmp/ccOZgCxA.s:81     .text.USBD_HID_GetOtherSpeedCfgDesc:00000000 $t
     /tmp/ccOZgCxA.s:86     .text.USBD_HID_GetOtherSpeedCfgDesc:00000000 USBD_HID_GetOtherSpeedCfgDesc
     /tmp/ccOZgCxA.s:107    .text.USBD_HID_GetOtherSpeedCfgDesc:00000008 $d
     /tmp/ccOZgCxA.s:727    .data.USBD_HID_OtherSpeedCfgDesc:00000000 USBD_HID_OtherSpeedCfgDesc
     /tmp/ccOZgCxA.s:112    .text.USBD_HID_DataIn:00000000 $t
     /tmp/ccOZgCxA.s:117    .text.USBD_HID_DataIn:00000000 USBD_HID_DataIn
     /tmp/ccOZgCxA.s:140    .text.USBD_HID_GetDeviceQualifierDesc:00000000 $t
     /tmp/ccOZgCxA.s:145    .text.USBD_HID_GetDeviceQualifierDesc:00000000 USBD_HID_GetDeviceQualifierDesc
     /tmp/ccOZgCxA.s:166    .text.USBD_HID_GetDeviceQualifierDesc:00000008 $d
     /tmp/ccOZgCxA.s:715    .data.USBD_HID_DeviceQualifierDesc:00000000 USBD_HID_DeviceQualifierDesc
     /tmp/ccOZgCxA.s:171    .text.USBD_HID_Setup:00000000 $t
     /tmp/ccOZgCxA.s:176    .text.USBD_HID_Setup:00000000 USBD_HID_Setup
     /tmp/ccOZgCxA.s:222    .text.USBD_HID_Setup:00000026 $d
     /tmp/ccOZgCxA.s:232    .text.USBD_HID_Setup:00000030 $t
     /tmp/ccOZgCxA.s:304    .text.USBD_HID_Setup:0000006c $d
     /tmp/ccOZgCxA.s:316    .text.USBD_HID_Setup:00000078 $t
     /tmp/ccOZgCxA.s:486    .text.USBD_HID_Setup:0000010c $d
     /tmp/ccOZgCxA.s:721    .data.USBD_HID_Desc:00000000 USBD_HID_Desc
     /tmp/ccOZgCxA.s:705    .data.HID_MOUSE_ReportDesc:00000000 HID_MOUSE_ReportDesc
     /tmp/ccOZgCxA.s:492    .text.USBD_HID_DeInit:00000000 $t
     /tmp/ccOZgCxA.s:497    .text.USBD_HID_DeInit:00000000 USBD_HID_DeInit
     /tmp/ccOZgCxA.s:543    .text.USBD_HID_Init:00000000 $t
     /tmp/ccOZgCxA.s:548    .text.USBD_HID_Init:00000000 USBD_HID_Init
     /tmp/ccOZgCxA.s:602    .text.USBD_HID_SendReport:00000000 $t
     /tmp/ccOZgCxA.s:608    .text.USBD_HID_SendReport:00000000 USBD_HID_SendReport
     /tmp/ccOZgCxA.s:665    .text.USBD_HID_GetPollingInterval:00000000 $t
     /tmp/ccOZgCxA.s:671    .text.USBD_HID_GetPollingInterval:00000000 USBD_HID_GetPollingInterval
     /tmp/ccOZgCxA.s:702    .data.HID_MOUSE_ReportDesc:00000000 $d
     /tmp/ccOZgCxA.s:712    .data.USBD_HID_DeviceQualifierDesc:00000000 $d
     /tmp/ccOZgCxA.s:718    .data.USBD_HID_Desc:00000000 $d
     /tmp/ccOZgCxA.s:724    .data.USBD_HID_OtherSpeedCfgDesc:00000000 $d
     /tmp/ccOZgCxA.s:732    .data.USBD_HID_CfgHSDesc:00000000 $d
     /tmp/ccOZgCxA.s:740    .data.USBD_HID_CfgFSDesc:00000000 $d
     /tmp/ccOZgCxA.s:752    .data.USBD_HID:00000000 USBD_HID
     /tmp/ccOZgCxA.s:749    .data.USBD_HID:00000000 $d

UNDEFINED SYMBOLS
USBD_CtlSendData
USBD_CtlError
USBD_LL_CloseEP
USBD_static_free
USBD_LL_OpenEP
USBD_static_malloc
USBD_LL_Transmit
